sample_id,label,n_events,n_nodes,n_edges,build_time_s,peak_memory_kb
0014d9642748e7c56a70f18e7a8de205201a1f0e6b4426603e35f8c359c553f1,Emotet,188,145,188,0.000296,
002126fbba172e396555d57d34903ac572c12c70a9f55c09cd85334306d91fb2,Emotet,237,177,237,0.000372,
002d9afe3841259010687de7eb0a26251a06d7dbfb4eb1dcc19cf0ff16c09bc8,Trickbot,8,8,8,0.000026,
00388a0a9517b26dfb243cb48821f75a5b91fcd719d7add228d6f70ef9eae1d9,Emotet,281,183,281,0.000456,
0045b11c3215a1e81a1c47d54bc7fbf8a6f2fb42a0c3dedf1232f4e41479d45e,Trickbot,81,67,81,0.000139,
0060c5615aa85c3b18ef1c7ed05f84ee6d1bc55a546cf05f96d11642fcdc5907,Emotet,1191,1004,1191,0.001895,
00726f1f382cde66efb37aca73db403c518ad48edf6499dd84272f571f6df80a,Trickbot,8,8,8,0.000018,
0083af88c4bc84014031d290d459be5c552f71809b38725233dbb02f4ff45555,Emotet,347,229,347,0.000529,
00ab6a9fd30e67bff88fdcbe7964fb5f1a7e6d0fbc4431fd727b4d79078c48f3,Trickbot,60,43,60,0.000098,
00b18078b09e5c0765fa42848399176f2500c5b02409044a2df6f77f00b453b2,Trickbot,9,9,9,0.000020,3
00b8d306a8328ed3bb0693ef756ea4d494af85c7af19be0d8d5306f32d20282c,Emotet,953,929,953,0.001791,
00bcbd81e5d525a580ca8bfa3678251445766b4270786ab6c95cedd630569d8f,Emotet,286,190,286,0.000425,
00bcffe09a7f219627d8e99b915f572e6ef699ff5b7c527f47c489426c4ddf64,Trickbot,3559,1934,3559,0.005990,
00cd1517d7f59f0c623e2dfcb620a7212aa3781f6a76ef1bd5ed0d8ee5b37b6c,Emotet,978,928,978,0.001607,
00efc5b4d4986c4f38d60df39c44db9d0ffddfcb2a27ed223e348d0b3cddcab7,Trickbot,8,8,8,0.000024,
00f4aaf773a6be2a0dfb8c29c977c69131c23c8315492846866f1908b668ab54,Emotet,37,24,37,0.000061,
0103e401f9e09a8ada7c5a53cd60d8300a74784a01ebb77a4d194cb2ea99dfdb,Emotet,262,196,262,0.000429,
010e155f285bef94240efeedccfc42c428dc9566c2714e37a0e8bef034c601d7,Trickbot,61,42,61,0.000093,
0160b041301d9f707b68e4f8d0b13a731686e32bac54b54481f9258794f3556e,Trickbot,8,8,8,0.000023,
0172a3e3ff1e40c2ee6032b9db6c85d00069566139571114260dda6aa180ab18,Trickbot,8,8,8,0.000020,2
01aa266f0d4cf450d4e890425c35bf9e147bda6bd952c803f9a260151cfa907e,Emotet,29,16,29,0.000061,
01c49cca5808cb38fd75fb01752979ae08cc8f47b021191caa4357d2f6d390a0,Trickbot,57,45,57,0.000109,
01c6194b4716230d6996e8be873ac4ad5c69f0d9249ea94a8e16059b803933a5,Emotet,952,923,952,0.001653,
01c71fda419afbeafa854a3576ac0aa75b600f4e671373e678b6bd10f9b74c77,Trickbot,80,51,80,0.000114,
01c9161ce5d098287220da490afaeee533f02b5718776aaf2e50e4b500177127,Emotet,1096,984,1096,0.001868,
01e8effbbd0f34eb370151f3aee284e27bfb3386b509fbbc3d80e2ea815ef83b,Emotet,244,177,244,0.000403,
01eb69ee79fb7b4aad3d2df334edaf7a396f6c802b5f095db878769e7ee649f1,Trickbot,1472,855,1472,0.002257,
0205f7cb31c95adeab976245edd2808d58a066e39f8bc953a3e10347189f61ca,Trickbot,2530,1805,2530,0.005322,
020ca9a1b346d32dbc6069686fafea735056e38a0d5fd624721cbe40241ab059,Trickbot,8,8,8,0.000023,
0214a3eaefb30b521182f539c4394de95aeae9dbf02bea3399d63a171ef69c53,Emotet,297,191,297,0.000479,59
024ce73e588feeb5601f41688ae2537f75b5d676c4ccc4db6d92b2aaa908cadf,Emotet,22,12,22,0.000043,
0250d86ce0115668b31b9c75ed2a2cff893bc18125af74b3c2181ac3e271b1ce,Trickbot,56,44,56,0.000097,
0256edfba957afdcea16d6c0533677bf47772d76c298aa52c4ac8cbfda5b89b8,Emotet,949,922,949,0.001783,
025bab0e885d4117103ebae21044f753ee3963ed594011dde0b3d46e13000d90,Emotet,158,133,158,0.000258,
025d015f99068775d81fdb1cd3d75e5a764c3bc9a05ed4fc693fa1623d83159f,Trickbot,113,83,113,0.000172,
027623983de1d6b7ec42a628fef6360a4158894cb6ada46fc9f0e1e3b1322d5e,Trickbot,42,35,42,0.000077,
027af02d8d9bd39ebf2c2a6a743b9169006b8dfc03d12b8ccd1b76a04da5ee41,Emotet,176,145,176,0.000278,
02840db690954c56c9fefa3887eec9b160754a665cb2e13c9559ce4668645ea5,Trickbot,81,67,81,0.000152,
02aaae46b7706b2108dfcb455b69d35eb9520aa8549196eb20edb224b00b9165,Trickbot,7,8,7,0.000022,
02f2cac21737d9e22586f5ac6f6bdfd840512662be726f2e60688fb4d5807918,Trickbot,2823,1561,2823,0.004749,606
02f64d80d63704ae5a0eaac4a2a47bb334ba9a1fc84c2ffab7b79a7fafcb5d2c,Emotet,186,149,186,0.000316,
02f7fabe7ce1ca0a853bd1735543dae0bd48bca5672a8dc0687b454b1fe55779,Emotet,282,190,282,0.000378,
0301fee05469ab8a80468a8aed954b2ad934e82d8384479a52cc6b72ea7f44dd,Trickbot,42,35,42,0.000064,
03085000bd167c4b39f930138115f4a80159cd98e30e8b8c42c6ca8eca7f6bee,Emotet,288,190,288,0.000441,
031864a72584537b965670303aff1e7ddc298565250dc49279cdc791203bb165,Trickbot,77,67,77,0.000131,
031ecc7d9b6368a9d3e9a1ccdc517e0dcf08118bc3e34ffa09f2f257a5c103f8,Trickbot,18,18,18,0.000046,
031fd121543087f4873835a0e41bc37c456a917211de2eecf21913bdfb4e5ca1,Emotet,3,4,3,0.000014,
03257532d9475b623a2e9f8d22aa900f1db41c0b6cafa2c43ea2b3a7d6ab7a12,Trickbot,1368,837,1368,0.002232,
036448e30bc7e84e766204e045f7dfca574b1cee1d720727696e9a9afe2a38d0,Emotet,217,142,217,0.000305,
0367711acd1dfe36d8804f2f99b099e1cc9d0b490ebcb36cd5b2c8733de6ed4c,Trickbot,98,78,98,0.000153,21
038c0cb84ff21d9f74d1bfaac50acf1cd49eb431e1c4e4f3ded34b1c6447bb49,Trickbot,1291,857,1291,0.002153,
03a991abf1d5ed653b489401e0ec723d12d789361140651317ae6eef8a78f4f7,Emotet,213,149,213,0.000316,
03b9ca41b285fe1d8df46669bb5a171550094fda52288785364be502c247d8b1,Emotet,269,189,269,0.000421,
03f71deb268b05b6dc853ecc986c5084237961ccfee6daa07895284e422de3f7,Emotet,23,15,23,0.000048,
03fc6715b461d307b957af2b08e67054d7476656371453b46a40621e45608c0c,Trickbot,9,9,9,0.000026,
0402b7840cb84f989cc27fa2961b94d1d09db53f28847dc5f1b72f3eea8ac03b,Emotet,313,208,313,0.000450,
040d552a43aafa999966d83112314440c24614cca37d3a4ce28c02de39e90555,Emotet,10,9,10,0.000023,
0422867dd94337b594e9f628f441dd4b89763843341e3ea196c1d6c69b2869fe,Emotet,252,179,252,0.000390,
042dac105c4a0e4981ff7937d8708e2abbc0b8e1a81212ce960a1fcc7f52c84f,Emotet,54,33,54,0.000074,
044b4d07ad21f470daccbf82659184d39ea7303fb8b023c4391d7009d5ad7e18,Emotet,954,925,954,0.001570,262
044bb6db2b029d7f3da17d05724635014c62c8c8677d215f8b1a97ef2ba01135,Trickbot,82,62,82,0.000118,
0461aa0599350c6436dc06a68464d2b8883948a4cbe218d47fa920f72790cb5a,Emotet,948,922,948,0.001600,
049da69b18561fda1af28c4877c2b687de86eaa2046abe00e029203715436f50,Trickbot,1708,1020,1708,0.002635,
04a1122634f539374cc0ca6fcbddf0b62910f9566c359056bbc917cccb2e470d,Trickbot,1892,1230,1892,0.003274,
04ae44bda66764ae7be5e25f0fa3131092ded126cc17abe95c06074428588ff3,Trickbot,1914,1225,1914,0.003052,
04bc2f297863c48b713c308bd94f5da12139bec9b3e715d826e0627b8ced026b,Emotet,169,138,169,0.000302,
04fc7a5e9d0f158883589a5fae04898457e45b1954c0ad1a258a23e2868b3b56,Trickbot,77,56,77,0.000112,
052440306d91b6c1b4879e29c5c58decb1882a956505c201afc2cea0c92c5306,Emotet,342,203,342,0.000541,
054e8c2e3683b4462f8b207204d5ea17d13420559fdd5fd1023c7ca5b3f5713b,Emotet,312,191,312,0.000458,
055df4fc0137572d4f97645631b7a15dc8cf98ebceea0a757dcb78e89b8e2f62,Emotet,245,182,245,0.000446,52
056238933be0f947227cfc51770174b3dac3dee1664d885ae36408f1327c0554,Trickbot,173,78,173,0.000267,
05685ade469732a21e6ecead1739304c430e24e117a373a7914ff6d640601b20,Emotet,267,176,267,0.000456,
056ab24dad93ccc896a2512db5d44ac5600023e423a53bd3f42f5ebe430f40a5,Trickbot,17,18,17,0.000033,
0570ca85151b4d5e845b3e1aabbb91b32ad76cbb9a30cce5868dbac2c42668ce,Trickbot,342,254,342,0.000631,
059859dc694ff578115941107b38f82b7502f600d6e8b7aaca92f09d2c9b3737,Trickbot,44,35,44,0.000067,
05a0973200482b51f5b2816fc638c788e2998c18ab4e5a8bc5750fba062f95ad,Emotet,207,155,207,0.000286,
05ce6cd231b77cdab89525d196da055d62aae9993cd94d5e76f6b847a3c56d68,Emotet,299,226,299,0.000501,
05cfbd523312c3003ca39a13bc1380a9b1219514bf3419687267d1069a2a5a1f,Trickbot,1219,785,1219,0.001806,
05db3ab0f2b93563cb17aa398b58ef8d004fbf94ec85e5fb11215652ed4ced3c,Emotet,264,189,264,0.000480,
05df98517a24830de58bd7f12d1d88dab5c1413e6c9348d0370bb085e0d510d5,Trickbot,60,48,60,0.000114,13
05f1888c69e1f085791c326b46fe6261c62ad9044eeba7903e7c60e936a878f5,Trickbot,43,36,43,0.000075,
05f34d505c93afa13cd6ac3c3e9866a055acf1c6f1a8feec1d5ab58192c4183e,Emotet,361,241,361,0.000537,
06091350a00cf184289619a1277b945184d9ecfc81c4098cc82e58c60124698d,Emotet,282,185,282,0.000394,
0627c165dda4bb91daf45cecbc6209498ca69cb4a20a0862e37362250511c4b7,Emotet,990,933,990,0.001641,
0653417cf6538b75a5689b4f35d1d3188e3ada3f91aa290c6247bdf2ce120ca5,Trickbot,8,8,8,0.000020,
0684e38e4a9a711b8d2c37a80501ded80b818402b5ccd7e81893b7cb9996d7a6,Trickbot,100,85,100,0.000162,
06879b3f5a600a821a8d6976285170eb09c0549005d96321a0e799ae74582f59,Emotet,161,133,161,0.000227,
069ac0b81c552fba6ab768759249691d407ad8b67a98bf82548a951f468f629b,Trickbot,150,61,150,0.000221,
06a14416c212b364f191329231b3acabd950edb7f45122954125cab6bdba7d1e,Trickbot,54,42,54,0.000079,
06aa935fd55f07ea6fae581f84ab637a335e1a1f2b0c42e5fc1bc8d682323f19,Trickbot,1884,1231,1884,0.003081,420
06d2d72b10b512bf9321d7c731010d337dbce1743c29f2276f62f915055b4738,Emotet,206,152,206,0.000292,
06e24d161fc386279c871fd4fa5cf1998753420fafb4e50cd8754d0854692973,Emotet,1001,947,1001,0.001631,
06eabd9eb34e688b7e3aaa4e12210e14ecc4cced6023a0c9ada41ae7188e2cee,Emotet,14,10,14,0.000031,
06f44e55ba534e19745590f03cc7cc89a8bb74fa0a84fb6432d7c40f11098110,Trickbot,127,96,127,0.000192,
06fc21ab8354c6f6012ecc23d1c5fda1f8cb0be3b474a96da9587c6cadba99f6,Trickbot,50,43,50,0.000076,
06fcbcc6a44febc634f2c2e2777f46390f81931fd81e737cee01238e114d9f88,Emotet,1075,983,1075,0.001779,
0702ddf073512858b1e42b5832d8268ee37a882c1950332622dcb2828340685c,Trickbot,102,72,102,0.000156,
071dc51f8b1b27481b540c597ee9aa95f9d2bffde6bb9cfb3958ab0f94ed1f0c,Emotet,84,55,84,0.000120,
072579a56afb289dfc918b64cdc42d3d6271f4874b2a1fbec9a834f7dbd93678,Trickbot,108,84,108,0.000172,
07258c4529914f1ef6f2e71ce2f1b886d15945bf22163f2341fc2470ad7201ad,Emotet,1117,983,1117,0.001921,293
07273c1b826c0468154f9bddc9c0aa74cc5eef24ba8d2d9279c17b26041f987d,Emotet,149,130,149,0.000230,
07325112f54386be95d7e21520ecb5ce43b53d15f5bfdae50588dbb18a3b80bc,Emotet,1055,977,1055,0.002076,
074c96c9a658d5c4ddd57dcef7f66aec7ee0573e80425e177d1d41c2b9214630,Emotet,63,47,63,0.000102,
0762341765da20c1a74893f075fd0281e62140076e6c1055339ed0fde46bc4a6,Trickbot,409,83,409,0.000456,
076e8ad159d8bacb34a1583ac256ce241cae859d1081bdb66edcf32c763b35b7,Emotet,252,180,252,0.000359,
0770888c725d44a0c80613875726214745b060e622b5d95caaa54ce5f80adafc,Trickbot,98,66,98,0.000177,
07834e61a189ee1593205ff37d1c829ae0022b2f1c7efb137ecd70f09c399c37,Emotet,169,141,169,0.000302,
079abae48ab8953e193dfc9164a5e445631fa480fb7d5c7065dea99049e3d51d,Emotet,478,216,478,0.000621,
07b7caa5db564ebb9c851033132d46c251de86ac5f1f4e77225d960aba0b60b0,Trickbot,75,48,75,0.000125,
07deb1b8a86d2a4c7a3015899383dcc4c15dfadcfafc3f2b8d1e3aa89a6c7ac4,Emotet,261,179,261,0.000391,54
07e4308c0cca6cdb4bf8c78b0d134474e0d631c00a36dcdedfcd4654eb932070,Emotet,270,186,270,0.000440,
07ead11d006acee61c8831e6c711048ed7dc6fcf525ab8ffeb10bac24bb677d1,Emotet,2,3,2,0.000010,
07ee440c02863990aa804fe41894616f5a660a07cea93bf9f4e21b379637cd04,Emotet,371,193,371,0.000523,
081e75a17cb23246148ea751acc68eb08db6a40d8c10a55918437333a4a117b3,Emotet,50,31,50,0.000070,
08454b87b73d6fe3dee51beeb0b0ebfb1e60d167ec673b3f66f45123c76e8dc1,Trickbot,1946,1279,1946,0.003077,
08579577b5fff2e15b273e7d7d54f16388a7659c11b292ae9b1859f23c80dfd2,Trickbot,142,70,142,0.000186,
085aaca2b38c9a2d2819b78b7249f119d1d832d4849b70f202068609328384b2,Emotet,984,943,984,0.002053,
0866cc3aa6d11885b40d4007b516c711bf70b6d31a9f569270a79c10761541a7,Trickbot,1816,1234,1816,0.003076,
086752c8d8911ec50fdb57f0ec8966060df3dbbeb4b4984fd4f34e3f7be63c58,Trickbot,50,39,50,0.000087,
0869565ff7a141148eb6a7efbab97e1b0ebb2e8cf2b1453cf859ec2aee9bb1bb,Trickbot,1843,1224,1843,0.003214,415
086c170f80ebdb01ae39a519616f35ba20c41f1dd081b760848fcf09c442ad44,Trickbot,1974,1273,1974,0.003422,
08785596a6ca87f8c0e1680158d43a796a5eb46638b7db630316e90c61425c1a,Emotet,1050,976,1050,0.001773,
087a3b05ec86549e917bd467e7e2e3279a482c0a1a7a95477c427ae16fc37116,Emotet,270,184,270,0.000374,
0886c8847bfdb542b719041aca2a8752da6cbe7fef7c3be95e3a23282fb48f9c,Emotet,27,20,27,0.000048,
088b4d8ebe67af29336b5522b715519db998a182094daaac1b38ffefdd89407c,Trickbot,100,60,100,0.000137,
089cfc055904027a5b158e8a212991f8e626a72727f28c6d1bae6894d49a3783,Emotet,1083,982,1083,0.002045,
08a9e89aec0b980483857312be4e2e9cec9e85dbabed079e6bf3b463043a8da7,Trickbot,43,36,43,0.000067,
08cc2e439e77c636e82a3699e689769353208c11f2728da1a1de0ded3895ac23,Emotet,1416,982,1416,0.002154,
08da56664b084f30304036e059428a558983a4cb87c2bb231ee3dcf36546de7b,Trickbot,1933,1247,1933,0.003173,
08e795c7c1ca0894539ad964a8880d8a39d6f3ae7d2b13e850c4289cf5227017,Emotet,174,137,174,0.000253,37
08fbb1efcd5bef2304f2e735796b0fd0b0fe1e43f4d9a7829065ce9d041b5837,Emotet,203,148,203,0.000285,
0920691d8b7aa2e330bc01ba20957563c722f98752854390264b04047b4bd614,Emotet,262,184,262,0.000357,
092327fdc6f126a4701a06808143a943d871193aef6bbd960efe5e3af14c91ab,Trickbot,54,42,54,0.000119,
096d6b182764f03c9bec2751900a92cf36ed8939762878c6c6191379324c2471,Trickbot,8,8,8,0.000023,
0994bb41dd3026dde4fe84ee99701874ba9b137456f9606fda01dd4af0c08fce,Trickbot,54,42,54,0.000080,
09b86a0074e9d9978ad26e09e4b6ab5523fd4ecdf81bfed90680cf89fbd9fdc5,Trickbot,17,17,17,0.000032,
09c24934bcd14cd9b3398fba53b0150ed5fe8fc3ea0008dea0a04b35570bfb45,Trickbot,16,13,16,0.000034,
09cfedf71f63832489e2c20079a643afdb793da852c0859e1587527e39fb7c24,Trickbot,43,36,43,0.000066,
09ee64eab7082f31aa4fd0ea9a8053d0e1485b20441ca4c62a1d02fa74d79da6,Emotet,191,152,191,0.000333,
09f0e8f41f2edc6f2fcb1130dfce6fda5e8f2762c7e3c40b72bf743374818033,Emotet,273,185,273,0.000473,55
0a05eba9b38cfdd6f60eaa673a215197449cf1c71eb2fff70a99f8d68fbee089,Emotet,186,139,186,0.000262,
0a103da911f3f01694f89fc86f46c43afc28e375c89cd558a183ec6e7634397f,Emotet,46,27,46,0.000070,
0a1ec4812d99a232c8e0f74fd3a99e91e8609f84a86161f8f47d2969ac315717,Emotet,300,193,300,0.000403,
0a2026035ad7b49d5164bb9aab5dc9fd707b30be0d216c29b85ae1c830440833,Trickbot,42,35,42,0.000075,
0a515fd7b537141e15a5cfeaa29c588f5de9d35424445583adfd06a0d1267604,Emotet,268,185,268,0.000383,
0a632210c2177c0e58ffd5be7f6414eff56b1a5a1e81f7f4ba990445e14e439a,Emotet,156,135,156,0.000224,
0a8fac51df92f3c72fccb1c915e9868f38abc23b0935a94cc6f3c9cfbbcacf50,Emotet,163,131,163,0.000231,
0aa25610d031cc2a61c1de75f7a06e1a0fbe2e3409ef5a915712531a36c81c12,Trickbot,17,17,17,0.000042,
0aaec9166f1a8f7be4ae7acc462cb059a6ae8f36a93b29f813afc27d8a64897d,Emotet,87,28,87,0.000125,
0ab7d5174e8b2f80d9813c75dd6f77d230847f82d42ea258182ec0705191cd4b,Emotet,1052,977,1052,0.001884,283
0ace812b8543c1ad170d2402c68ab7bef55deb1323347d5b1d87555401781080,Trickbot,1886,1232,1886,0.003011,
0ae19796fcb4228809c248afb8de65738bc3894d54802b9ff22c930eaa693b3b,Emotet,63,33,63,0.000099,
0b1915ae4bbb24a25fca743f9d33b2e3cdea3ef76a9bdba493ad90afe1bf3864,Trickbot,43,36,43,0.000082,
0b219336d3e1824de5f36a035d89992f93e5d3f80dba7dc9bdeb149d9b855cd2,Emotet,75,40,75,0.000102,
0b3dd23c25217143b997c65d091034fdd9040cdb52f690140da979f621bcd300,Trickbot,1440,872,1440,0.002217,
0b417dc878dd8183689ce5b4ca2a3b224082be1475d21c302c214b209fc04297,Emotet,173,96,173,0.000266,
0b67f6edeca2b74e1c6fb1bba203e4ba4696cbc4ce9ede8ca8e0d68f666bf8bb,Emotet,255,187,255,0.000351,
0b96a6b9354c15cabdb6ddeb6b1e663740a4068795a8f8171550ff13a59e92db,Emotet,157,133,157,0.000233,
0b97923efc2050162704d91ef7e5e9daac125606800d712aefcc7de9cdd3eaa0,Emotet,1057,974,1057,0.001773,
0ba5db16ca5b9c103732fed6548383667d586a1bbbe8e5063c2631badd8c3f53,Emotet,202,150,202,0.000322,41
0bb862a3f5561f3459729b4b3c6de980368814f59150085e6c6921b15f489c27,Emotet,159,120,159,0.000226,
0bc27221732ff44b2720af49b0fb486b543dc5d503b21e5a627cd19132ddb9f8,Trickbot,16,17,16,0.000031,
0bc491dc0ff4b79edad5237f9a5a91df3820f9ce5c4146ddbdf1ffb51441f3d9,Emotet,186,138,186,0.000257,
0bf446f58c71a9fefdd86311c2339b8f0142ba842195120af16b1529aea54364,Trickbot,15,13,15,0.000028,
0c0021263bce5a23ec9dc12eaed7f846ae0ac3483d19f1f57a9b77a0dad9b6bf,Emotet,61,28,61,0.000083,
0c02bee8b6c570a93796855e956372632749554553d2cacb80e88f2ba6328e6a,Trickbot,43,36,43,0.000089,
0c09972bcffcab7e64f732a7e78bd0b6d509820498c1a093a490a7f270d073b4,Emotet,314,191,314,0.000481,
0c09edeb2104b444256d5ff36c368886c0f0adac5308303bf6c9fd7f454b9f64,Emotet,466,323,466,0.000756,
0c09fb3f72aa9b84973c089c5119ebbd9da423506c56480a391e770844cea2a8,Trickbot,121,95,121,0.000212,
0c2e33ce2fc54e565f583e7e50153a0190adfb3dde092c1841be5feecc662e42,Emotet,268,184,268,0.000427,54
0c319e55abb6741605daf245ec77bbf9745a5a87f11b900f54ad142a3bf90116,Trickbot,19,18,19,0.000039,
0c4d3aefb88c82027caa000595dd5c4d0d332970839044bb76b1ee699f80b5b2,Emotet,1078,982,1078,0.002079,
0c5b662ff06825efa19269a88428f523775e71d8b9981c69693832a08c1bed50,Trickbot,1932,1286,1932,0.003197,
0c62801d68ff4e9e84743d8754fc7cba60ccad9b608bc282375131b9e2966d9b,Emotet,1058,975,1058,0.002166,
0c6cbb9e5c410505c7cd3faf8955dc39cc7441c51e9f86f351a6d1539660b5df,Trickbot,74,61,74,0.000146,
0c815317a0fa3c2745cbb0a129503c6f7ec1227493c98b660bd1126911c7fba3,Trickbot,99,84,99,0.000142,
0c8442b33267505ff9538b0737d62f3be00ef8c2a025896154abb5c8ce5e201a,Trickbot,1205,750,1205,0.001780,
0ca15c5ec777097024a9942c575233d97ac3e02a314e946bd9c9a49a8a119a52,Emotet,60,31,60,0.000082,
0cdf038a1b945b10b4eb963348fa0268bcb2ac655b08cd30c6ad6f170eb9490b,Trickbot,23,17,23,0.000046,
0cfe9ad8e551edcfaeb0a76bd72e076e271e54cdd0e4da89a0f075555ab311e9,Trickbot,19,18,19,0.000035,5
0cff76bd310eae9a3337900b7b6ce1ffe8540e8988b8301424544745791b4d68,Trickbot,8,8,8,0.000029,
0d0b649ab480b91210623c53f1c8e8d28909714f72b72527c57cad9968fb19d7,Trickbot,60,48,60,0.000089,
0d172f2c0169c54009717e86a23dd463085dc5421e88b1a5aad43449d1647be8,Trickbot,97,19,97,0.000149,
0d24c3d00ba0bd68e46861341c566cc6622cdabf4b1f2e244a7aef217a75f1f6,Trickbot,76,66,76,0.000142,
0d309f24b9a5dba451b57887d2e6717d62747c265d4580d35efb4e79f41c9ef0,Emotet,39,25,39,0.000059,
0d3c74b3c693ad2bf1e3194110e47f0c1d53f3be4e699820542eac319a6caed4,Trickbot,6132,46,6132,0.007565,
0d694b4472413938604c91fd8368bb508598824caa89d65af276e31900bdc6c1,Emotet,334,202,334,0.000511,
0d750f45dce2a32e75b9fe67e68444f3a55cb95d949ed6181dbe7668de7b2fa4,Emotet,293,197,293,0.000462,
0d78ee45682cc5ed1acece55c5ff1197b417dbfa190681a3db55dcf510478b54,Emotet,1094,982,1094,0.002277,
0d7a4650cdc13d9217edb05f5b5c2c5528f8984dbbe3fbc85f4a48ae51846cc3,Emotet,182,142,182,0.000312,38
0d7d9d7399318978066f692edc9977333f626b11bc00271a1704f55e08616ed1,Trickbot,47,39,47,0.000099,
0d8c7f022c445c4e7f46d423b44eac6024c659c983ce0cc7303242eb97f8d464,Trickbot,8,8,8,0.000022,
0d9a47d8c8a6270ad6cd31b5ea8ec4bf644b43d96257475a43ba9c53ed6a2311,Emotet,342,236,342,0.000543,
0da69851c57622c2f84229ced12f49c61186ae35ae73c14f359b343d2127a294,Emotet,258,181,258,0.000381,
0de225438a715dfde355d691e6ffa8c29cde3ab6c00588c197340e31de3f450e,Emotet,55,34,55,0.000093,
0deb9201c43d5f136119ec4cbe3cf803ad8234ab6673fa706fe20b9c67f71529,Emotet,172,139,172,0.000265,
0e06094c2520996e3b257027efa8d166bf5858f532a74df1771c3e89196124a4,Emotet,346,201,346,0.000471,
0e1a9002c9adf4ae6547a29ecfbf4da900bbabe2ac61eb3ddd24361f162a8907,Trickbot,159,71,159,0.000237,
0e206ef49cb9df870dcf26ce9c6ad3ab51481bc23a479a7f05e3085f675cf887,Emotet,37,23,37,0.000054,
0e2215c3eea0615109fb4711db157ac8b1656f64e07e57dca013047d03c14ea5,Trickbot,2725,1854,2725,0.005397,640
0e3492848bc88265739b54206ae92ea9f5da66af050917137022ad840fdb68d1,Trickbot,1173,758,1173,0.001766,
0e3cb40bc06fa7ec9da4eb4c7bb4211da58a77231eb6571fd6b5fa3f53f1be37,Emotet,307,202,307,0.000473,
0e56e0990b0137f7295498d7d56546be69ab9b1c94f368ac6c178fb564e1e212,Emotet,253,155,253,0.000327,
0e5b3878f677933d331672f392d84ae809c773b7310097f0d4d960df1be1b627,Trickbot,58,41,58,0.000088,
0e7b57ec08be9151fd2295b90844d998c1076a155a431fa3617fe4f674fce8f9,Trickbot,1496,914,1496,0.002342,
0e8e26c0d8768a7f745a60af067280469f806de824ef200b4a0344addc25c3bc,Emotet,155,89,155,0.000203,
0e9313474b82ae11823c23387d8142969333be4bc717e331de4eb1f05f1e8227,Trickbot,1897,1220,1897,0.003320,
0ecf363a984e854e94b68f0acb6ce86a6c44c4278cf52557c59cd6e05cc84c43,Emotet,300,190,300,0.000406,
0ed005524dfbfcf8deb1b030898d5ab53ea57a52bc116a38e26b04e34eea3bfe,Emotet,278,198,278,0.000382,
0ed1adc2b91ef01a0175c73a04b2d3667516251861f4ed6a6a431aee6d6709d6,Trickbot,75,55,75,0.000135,16
0ed22786eed3f3307f37f0a9bcd8211bc55b852ceb55258a3f62f4b51ffa0f71,Trickbot,53,39,53,0.000074,
0edda7572af898e7f20bb023fdcb96c5db6c743d1dd5d895a2ef3150339e144e,Emotet,55,28,55,0.000087,
0ee75d4db2337e9662ce7f5e09fec6485d5775bb7ee7d74e611f5865968cf715,Trickbot,62,50,62,0.000089,
0ef7a43948109bd5d7bd37f01bfb6480090d2b2bdd6f4ee811dc9462fb33e71f,Trickbot,60,49,60,0.000114,
0efcceb30576155031714d51d32b44e9c078d8d529303dfb9143544f1218a2ea,Trickbot,1893,1238,1893,0.003126,
0f00d75d1510b18f008dc4ecac39024b6a870cf924043dec8c93f1d881efff97,Emotet,1075,981,1075,0.001706,
0f05b1137795a2288c108334bef1ca958f14c1566f204fea938033c71af7a6dd,Trickbot,109,85,109,0.000158,
0f1d7992d4121a295689577d89bf7b79110799f453935d6f08666f979f8aea91,Trickbot,18,18,18,0.000043,
0f48e73030163ecffd9cda9f7c3c8782c67a060e89655b958b79c64418b0c382,Trickbot,79,69,79,0.000115,
0f53b5c0548d0d9e57f7f06a43f85d5fc8db82cd31998bc5fe46fe231e022022,Trickbot,19,18,19,0.000038,5
0f5c66834ee22fdda6e34de96c44e701e55f0fef8b25acebe3c2720ed09dcc71,Trickbot,28,21,28,0.000045,
0f5ef6c666c70f65cb7b517337c8d848123d89f85ce8fec7b2ff55d5e53c019f,Emotet,278,153,278,0.000364,
0f64b43ecc5afdbddefbbe7ba45722cded15748fc5f5e81c018937de724e6d38,Trickbot,1903,1241,1903,0.003316,
0f6fd08010ef3646b5e1b9b153cbecd25fc2feeb25abe838f990a1622f311dc6,Trickbot,42,35,42,0.000082,
0f70308984aa436002a880dc884cd937853e026a548dad95337e6a99fbe1635e,Emotet,173,136,173,0.000299,
0f7a3bc462fcfe23b462939b26a8bf4de6ea0041eac3ce3135bfde64b4692f70,Trickbot,2629,1807,2629,0.005127,
0f82e5587f88e4f44d89eb70476aa44c902a9cd6097d025988b3c5aa502776df,Trickbot,44,36,44,0.000078,
0fa01b77f41ae8552988949ccbf4970f82956ba75ce3af98bf58404f66ad1fc3,Trickbot,1879,1227,1879,0.003070,
0fac2aefa3a5239ce33c873e8abfe25c00589be48c1d84ca6deae75ea4a2b0dc,Emotet,464,12,464,0.000481,
0fc08476582cbedc9594b25dc2a6d624cbe6a45efff1f2b0cc9e7903e0b9fe38,Emotet,157,135,157,0.000240,35
0fe33439fd50ddd22b8d30efb10a22671a5ccb19401c3dda3ebff596ae0b5373,Trickbot,77,67,77,0.000127,
0febea4f91628e5e0011e56456508962ac3885c3ce7c74d825c2f22a7b554669,Emotet,156,133,156,0.000263,
1014736a5db522a28335bfd798f2cc153326a9f9facf17d625ba079d01b83340,Emotet,362,235,362,0.000679,
101e5523e389d843350d3a42ef5bb74b2510e73c55b7522d84874c6c50086b16,Emotet,165,138,165,0.000279,
10339b0cc22729340f8e538735d29b8839fe325bb8d4f70a33026765dd7f71b2,Emotet,280,194,280,0.000381,
104391e3fcbd30adb48d7c650e020b0d201984deb2e7d66f0b368defa19a2d86,Trickbot,8,8,8,0.000024,
10811761da3e5695d82faaa71e10595a3dc377bcec3c21c304ca00d605d4cbbe,Emotet,88,45,88,0.000121,
108f54b4cc5e8f245fd8a5d60d3e7545db7fecf940202e0a9f0d0d125bfe4b17,Emotet,175,97,175,0.000233,
10a2e2df9177d431480a8f3fe0a4f9472dacded3f3ccdff42365f1d81cad0165,Emotet,142,127,142,0.000282,
10bf4638df1367a7546a798143fac79d02c25ae65f74cee0ac4c9b8c0a81ccec,Emotet,493,322,493,0.000892,100
10c06130a5b5c630d1f6c60f25afb07e8da40716b6064814bde563d40756d21c,Emotet,1104,995,1104,0.002289,
10c3f056f7ffcbc348169dea12b3f34ecac4e6acdeaebc53a3fd4d178d2d1ab7,Emotet,286,192,286,0.000449,
10c5961c26df07dc5d2578caeaa691b5fe6ad7c9531e47b60964227d0b393446,Trickbot,1485,899,1485,0.002537,
10c74b4550a1e551087cdbc2e7f2334c16fde5cf02e1156e31d8e1e04c91f934,Emotet,1081,986,1081,0.001902,
10c7d99e4acd336c28fa8c5895fe9ac98253f628eb8a95df7f2c95054376ed23,Trickbot,1174,764,1174,0.001811,
10c8bbfd6b2f547d09c8599f78a576a24de257052e09d10c1ff7e31d8058e7b5,Trickbot,43,36,43,0.000073,
10d3049fca844a3bd5e47ddabc6e07f82e5c978358827338601f2117f6fe63d6,Trickbot,1880,1233,1880,0.003308,
10e93082a97d64e3215c9338142cfbd3bc95c533c5cb5aa7e0b7a7f4ec1b3ef7,Trickbot,98,43,98,0.000150,
10ed232a7ca94397ee86c445c289506890795d2b9a2437484741689a0b28aea8,Trickbot,1926,1224,1926,0.003292,
110743634989ed7a3293b2e39ad85c255fc131c752e029f78d37d4fb8c1dc7f6,Trickbot,55,40,55,0.000098,11
1132620d66e6599dae72087cc04a361b3f651f29ac90844e1e8e1a448e9c941c,Emotet,200,150,200,0.000296,
1175be83c70c2f140571429d35b3fc2f4a8c755f5a101ec63dd30094e2b5c46e,Emotet,170,141,170,0.000245,
11853b9d7e2075ab67b72ba5c65ab35b0b17c9c376a87eafab208162d756dc90,Emotet,69,57,69,0.000103,
118d5fbec6245899f39093fd01e699bae8097a7aae163c118ae8453fd4703006,Emotet,1037,976,1037,0.002142,
11b968a43e6f27e16c73887a56b9e04315caa0ea36ccce003411ebeb83bfb28c,Emotet,335,188,335,0.000593,
11bdeae8b5cf6ca7f6fe1348b4513bf41169888e9be5c0ba4f2e97886d44455b,Emotet,215,138,215,0.000284,
11cd0282560d0d8a32c7a38fa5e2a97427d7e93fc8c3e91b64aa9ee700ec3da0,Trickbot,1174,740,1174,0.002022,
12094a2aa80208c3810f40daf2212f8dea229d35942d6f407743e025f322c6c7,Emotet,232,153,232,0.000381,
12187f5cff62b17185208dca61286b1d736849452406990be65ebfb4995656c2,Trickbot,474,153,474,0.000712,
12284b6cf3c06be6369aa28f62b79b8e2b560ad8e3bc251daba9a3d3f7d30543,Emotet,92,26,92,0.000139,13
123eba7ee7a6e4d421a47ae46768873dd34f9d7e7b7f277a7b478d38add97351,Trickbot,9,9,9,0.000026,
1245adf38acef5959cef671704d2dd5036c49ab8806bf832fd2cebb70b05e363,Trickbot,1225,760,1225,0.002142,
1246284a02b861573dcb11895bca1c38ef29b711fa9fefe6eadd485132966908,Trickbot,39,33,39,0.000078,
125cd308ee72f50c0cb272f4d3f69be3feefc5f536e30727e30824439d692444,Trickbot,17,17,17,0.000034,
125dee365f7deb9e71c92b9aef3e6463c8bb5125f5b88cbadf524132902c9ee9,Emotet,166,135,166,0.000233,
1278ea203795ebb063c533d4202537c4710541daa64c182be067bab47cdeaf22,Trickbot,78,64,78,0.000118,
12a14f4013d045df7b6258e5386a27f37ef76e548a34ed710792a273310533ec,Trickbot,1839,1222,1839,0.003539,
12a245201a8783b02979b28b980baa51d6a33734ab0adbf6bc1570da0dc9b279,Trickbot,8,8,8,0.000030,
12ac74951e26120a0b791263f5ee3351af1e4969142bc4e4315595d22b089001,Trickbot,8,8,8,0.000020,
12acd296f9e10b23997237143caeb7c49e023acaf57c055a55e79ecacbff6435,Emotet,318,200,318,0.000543,63
12bce5d73f70581d648ac76c8ffa428c34c05a3a84d084818c2c774f86689d1b,Trickbot,135,59,135,0.000175,
12cf6f9b4d365da7e4cd07af92e7eb5c3612b3c77fa860b493700423acb3dde7,Emotet,1054,977,1054,0.002191,
12db06325cf01c00e0973433d06e4f549769ce1fd09d5b31a955b42167cfb613,Trickbot,91,73,91,0.000152,
12db655763b872c0702552bb99346769135485cf15029b282acfc48e02a7e8d8,Trickbot,17,17,17,0.000034,
12faaf05baa1ead6dd6559f2eed72373d78eff2e462c59fc055ac098b8ad7d38,Emotet,298,199,298,0.000511,
130792e83c082a536fa7c49692bd92d52c38065bbd5d5514048e4dd6b403a297,Trickbot,1236,794,1236,0.002155,
130ef6afb8746029c59ba384c2f107026ac7fe35ee0ba505cfbff0cea2b97a69,Trickbot,50,39,50,0.000079,
1312db94ac44f029ac17f474c4199d8f3d5414798145c38224b7c7395a4582a1,Trickbot,17,17,17,0.000033,
1316700fedce5800792d996e81eb1d56d5b471a1534e9d562f24f569c04f57fe,Trickbot,68,56,68,0.000108,
132059c882c33da8d0b66b2369aa046a8f6f0e3c7650f2be3d953cb9f2fb5e1f,Emotet,270,187,270,0.000377,55
1329b9d1a5028df56e65dfae0c9bd9860d1d1ab2f15db80e2c850fa051eda9cf,Emotet,383,207,383,0.000535,
132bbb438fecfe86ad156d8770e899d69d5a3ed8593ce4d8337cb237792581d5,Emotet,1143,1008,1143,0.002265,
132e4911d9ac92c4a9634133f68b9cd5a6d7b423b78d5b02be7d8b6c9821ec97,Trickbot,108,84,108,0.000179,
1333ffd4d8c9fe04e41029afeab8df1025409d5062c4b59c98b842bc80479864,Emotet,315,200,315,0.000622,
134061a2de08b38e5db9002e5c723c00afc732be3691a3c88a37489fdd636f57,Emotet,164,95,164,0.000268,
134a4b2237193787ae29a3683beb4f1c01474ba183a78ed703e4f76696bd7e38,Emotet,156,134,156,0.000261,
1352af70ac083ef8e6d16f3492f726471466bc501669d870d7647ce23874b7dc,Emotet,344,203,344,0.000622,
13698debee288dd7676c841a20324e0c720c7109fed451d89175ee2fbca6f209,Emotet,152,128,152,0.000304,
136f40ac4d738829c7ac2720a282649fe0f2e4b9ad77d6660c8969327bf0d7a8,Emotet,64,46,64,0.000116,
1379345c83ee7014944532559802ebac5974cb58aab8304d187b896fb88b6cf1,Emotet,963,930,963,0.001753,264
1387f7ce269a115f9e03c0376593848c327a621d0b5812802f135b0114f425dd,Emotet,163,137,163,0.000234,
1397deb919ee1c4574969a420a4696f270b23b834dfc5179e6f55ba38ab250c3,Trickbot,849,748,849,0.001356,
139c0b00999537d2d83a1534ebc5407d2674bd464280505e10c038d32069b5e0,Trickbot,1247,785,1247,0.002363,
13bc6460aba0505b85d9ecafdbb1c30c00795e5724c30a01d60782526d42dcb6,Trickbot,119,54,119,0.000217,
13d6f37672d3e4591c50fc98961c12b019710c1f2a74cd98cc068d1a62db5285,Emotet,158,131,158,0.000331,
13de17d3f55903fc7cfbdb05a2a60204914b56015e6e00c51f759b5bfffd775f,Emotet,169,135,169,0.000360,
13e1f74fa0968c97f71c580097e029edb465ef0178ae365bc0fc8a97c9f2c77c,Trickbot,76,66,76,0.000177,
13e65411c8c101cd20e78e71ee08efd1d51373e491cde15f639a147a8ec1330b,Emotet,205,157,205,0.000409,
13ee57d92ba734e26e98d2a3baaf0f56169e1899b6833e3d9ad8ae38aea9b150,Emotet,143,128,143,0.000351,
1404d2651f5eddc2e499e4cd47fb3684ca8c324734029166991821c4a5f2a3c3,Trickbot,54,42,54,0.000122,12
1404e4d3e381e96e9a671456ee93ce5b8021637396505681ad7ccde8268dd041,Trickbot,19,18,19,0.000044,
1407a8aec04f8f1ce801602d132d420220191e2194e3d7e7895c8fe3d726d717,Trickbot,1397,878,1397,0.002441,
141c5f862c723ab68ca3fa253178ea5f49bcc619f20a147260c2135c221845dc,Emotet,178,142,178,0.000259,
142edd1e5829b795ca40153f19db90b3a6ceec2f9da94fdace075a1fbd8ddd41,Trickbot,114,81,114,0.000162,
143237cbecd3742a060cc3d2fc8aa9588def098c0ba18e436632259a48df721c,Trickbot,1225,800,1225,0.002261,
14348645a287ee61829575dd2e683ba7be08a73752ae34a0bc693be3558026ab,Emotet,281,190,281,0.000439,
1448e462d5dace660e3bdd56b61098df557ff7572916ec201aa0ad6d0ac8d39c,Emotet,22,14,22,0.000041,
146d44e15d4fe5668625579522228c141e0287ac6b30795604f0e82e39f3ea07,Emotet,207,150,207,0.000276,
1473a2ab5144d0736b744d3a601f84962a953600730b71d4ae7d5f230b2842ec,Emotet,949,924,949,0.002023,
14776f6c5b6e779cd0fa7e55b1c343a927a0ef3930e849d700fa0f27f8109f5a,Trickbot,187,88,187,0.000254,33
14810925e58f08473b825071d3ed84d80ddf5533ffee879243afe6263c10efff,Trickbot,17,17,17,0.000034,
148ce94644aae7cb3d2693aee669742be763a0ec1bbc4148935ba7dd64994fa4,Trickbot,8,8,8,0.000025,
14912d3b4a3490a0c45ccdce4ab23317347d8924b33c21f88c3f5f7b918b547b,Emotet,268,184,268,0.000396,
14a02057161b028ad3da97ca854bf9d108c5cf92e4efdcb2ad8c7afdc982cf47,Emotet,272,186,272,0.000376,
14ad6d3ed78a924cb56ed1b2cdb3af6152b6f9039ca3a6a6d24779b83c1425e0,Trickbot,1936,1281,1936,0.003571,
14cf169bc92b5eeb5d0c9eb9cfda7b65389b36ee2c22bcecdae8280101f44781,Trickbot,79,69,79,0.000121,
14d6191a010c04ca8857d419581ace222e2fca5afc2566580e4b5f479077d229,Emotet,1061,976,1061,0.001969,
14d62a0e3e4cbc3c014b1babf74879c933be653852634ed829a294d08037aca7,Trickbot,53,41,53,0.000080,
14e2fec8d24234fad131e0fd85dbb69c69e238976ade5d14ef6d01f23fb6e1a2,Emotet,165,95,165,0.000233,
14e83185aa5b8c2493aa4a98e28e12777a024c7af2dc2150f393d18e1b006dac,Trickbot,1870,1234,1870,0.003119,419
14f1eac8a1ef2689a099025919cea58e10d0506ae8a134cb37987cfea19f1344,Emotet,961,929,961,0.001553,
14f7c237d9abd32c396a3971c894645276d45dee151a16d244a2ae552ba9af06,Emotet,145,91,145,0.000204,
14fc4160dc2f2eb636d5fc30e2143e5382afce119f6ddc436c63bc99c723517d,Emotet,189,154,189,0.000288,
1510a818054e0cdd1be6c493eda1e4498f18d642be8fd3575acfde4c452152e5,Trickbot,166,89,166,0.000251,
151273ccf649f7c27074db81e16dcfb57bee646ef5899de5a1123a05f413a268,Trickbot,8,8,8,0.000022,
152e1b39842a7f0273620b955598fc644e3ef084c06cdbc518d83c2398ca689a,Emotet,171,136,171,0.000249,
153c5fcc5244e2188a4fc5153dfd6d3e917d0e40f2c678d2bc3f1583f15e8bda,Trickbot,66,55,66,0.000113,
154d247386f2f286c7ec0644ecc77da7721d76716c55ef16c1fbad866d2d4013,Emotet,271,184,271,0.000427,
15513b043162a58b41301b4b2e62984560808cb16e4c47f7dc2ce62077415c42,Trickbot,1844,1225,1844,0.003331,
1581bde6e80cf2735fbd5db1a06a1d2f465486f2718d6b00a37c71eb5c089544,Emotet,1008,945,1008,0.001852,272
1593d17935e7cab892d3c9adeca525cbd67e5ef663edcf5e2bf8aacbb77d6b98,Trickbot,1471,903,1471,0.002459,
1595ecbc00303503b974747aff928d2eacce9b249e0def2ea29ee12191cc6f1a,Trickbot,1209,764,1209,0.001801,
15ad3a001b7d108da56370647142bb81d27985f8395cd3a84bdb37be6441c5c0,Emotet,184,148,184,0.000314,
15b09b4ea497ffeaaaefcee2c832d315cc4eb20a7246adaa252a37c447a5e010,Trickbot,82,60,82,0.000159,
15b522ea3b0d9cda663883bef0b0ab4af3c26664bb8ce8403af3643f2e5ee4fb,Trickbot,50,39,50,0.000076,
16064d8eec9f7d2cb06160603fdcfb19e188e1e67e2507b12e8a1225369191a3,Emotet,165,136,165,0.000287,
160c6451d71b7b5e275274f95570382398ecc118bb107fdb4dc0dbb1b4c3db3d,Emotet,301,194,301,0.000469,
16119f7a168ddd9fa048f847b733d305cd8f0c7019f1cab98f22e9336f360386,Emotet,181,139,181,0.000339,
16147f7b2db5ae421a298d200522311954df0c1c21213e0c13fb3e74c203b999,Trickbot,99,84,99,0.000155,
1617a22c6461475c53c99187662b50db7d2d37466656032dfde4bfea7b71be6c,Emotet,208,154,208,0.000311,42
161b7c42437a3123b1b48f2663b6365c8425115c891e6c8321a291c8e05cb11f,Trickbot,17,17,17,0.000041,
162d2a24f636027fd0820d30b420771b212762b750b869b16cdd313b4896598c,Trickbot,103,50,103,0.000140,
1633fc123f443dbce8f78bf72caa7788d7e7dcd502e4f1c5d19b02092b69245d,Trickbot,1409,848,1409,0.002225,
164991019e8248d1c7d43dd3ee46764e7b102c03f2c9314dbb409985b3a9873c,Trickbot,73,59,73,0.000132,
165b50754c722415315e7ed0204f4d982ccb7af837e58e75d7ed80fc6c218174,Trickbot,1313,868,1313,0.002092,
1665ab75d5d52f3bac0a6cf3629781d4717fecb6bb200c36b8618aac03d8da11,Trickbot,1204,755,1204,0.001996,
16795d629a91c624349547646c9308f07aed667aa3bea436bc010fcbb2eb0f3d,Emotet,305,199,305,0.000549,
168782c66b94ced84d12b4ade3472a1fd6d775f976f1389edcd6d175a9d35155,Emotet,287,190,287,0.000412,
16975a4c86fd50de556e030aed32982b8b838d0ae81148e79c13e493556cd1fa,Emotet,289,189,289,0.000407,
16a53267ab251e5c8fbd688b1448e20579d066957a65baf3e2c33fab43a9c237,Emotet,143,91,143,0.000199,28
16ab6c88725f0263a2b0a9374db1c464c758ba25f47b71358adfeb057c6592e1,Emotet,34,21,34,0.000067,
16b2fc91997461489d165ca46d36cef831feb8c12f850ad9001a5e1e49dfc259,Emotet,180,135,180,0.000330,
16c0d90f0a8102677b8667ebb6f724475949384d56128f6efba39490c36078f4,Emotet,264,160,264,0.000442,
16cda58fedb11888c9a2371dc547ab2428d1b766dbf7ceb8cacb7e543e0c9a0c,Emotet,250,180,250,0.000510,
16dacbc9c55450010e0d9a2f53e8e1bc1b5a63b0cdda94c9b239bb2142b69688,Emotet,985,940,985,0.001786,
16e0673057f7e804d535089c27c47a25ac7dc5d917db9c05c1a3e7138939e2f5,Emotet,164,136,164,0.000240,
16e111803ab85975381240108041df55790b33435d845f9db74fd72e1711ae7c,Trickbot,1935,1251,1935,0.003318,
16f73dd672a5e6eb3c11db90889c10e76bf9dfb76f12a345f06f27f4d4c8a1df,Trickbot,1888,1244,1888,0.003101,
1758115f316e8c73b56f186295288a85a2f8ae88b18f62ef14d1c5f88c44c185,Trickbot,1318,807,1318,0.002346,
1765e8e86cbf4032c41d7a678289637b8ee5d79c4d0a8c42b9c25477af24daec,Emotet,979,937,979,0.001661,268
177c7d8daf44afddda85ab7ddf9c1b33e5e16ace17a49622800e12ca811bfd01,Trickbot,1928,1247,1928,0.003308,
1791e3fac6b119a8c8f659d8182e1d01a11f4c5d697219c1e811e3f586a35597,Emotet,313,193,313,0.000514,
17a02746ed64edcbb8454e1d93c98753216c1f8e9b4d81cbaba80a5007238dc9,Emotet,236,158,236,0.000373,
17abc46785aa6f228bb8287eca71a479270a867c029dbe788caff1bcc3572a9c,Trickbot,164,77,164,0.000261,
17adc04aa21782210bab3620c354c894082c814f2f9ed0c92877c46949769ed3,Trickbot,51,39,51,0.000092,
17af0147185841eb7a744f08cbf6e7a0abaa3e4096eec3c76186d0aeb2113cd1,Emotet,184,137,184,0.000299,
17c04f98f5346464d9354753142888e9a958a62a9ba27385bbf701c20b2ea6cc,Trickbot,16,13,16,0.000042,
17c675564817f0304402bbb6c4d11393a410944f32cc2dd2def2653bbad49e64,Emotet,1103,983,1103,0.002210,
17d1abfee0289615336dce8ae997165936b97365a2ab44079767a71436f48775,Emotet,242,179,242,0.000426,
17d640caa3a45f1ab9f0dd2fe1d3ac31db60a22ae14d5e4fb87d7227f9c68f17,Emotet,65,37,65,0.000085,12
17e3661c136bf998f906a91060e36dba9d2a1723b22be99c6aa2bc45eda18da7,Trickbot,17,17,17,0.000033,
17f957199342aeaa2117713087702ceb315887755f4b6002b0a0136231855640,Trickbot,80,68,80,0.000127,
181f2844849af0d5beb0b82230cc9cab1b2b56d7509c5fb1d9f0b2dccca4b752,Emotet,162,132,162,0.000229,
182cd22f076381924b28fb62785ff361c3d5604f9d8618c0d2960ccf6853082e,Trickbot,18,18,18,0.000035,
183798c53303f0084da3d31fd5cbf5f4428dd263495da330a0e196e040254161,Emotet,258,164,258,0.000345,
1839f0d11c773cca9d6307d41a46ce985a7d1e65adb69c20facb73276bb51922,Trickbot,346,159,346,0.000447,
18516a3fad57ae381e5b3345fa302937395ba05564c944cc69c5f447cbe97135,Trickbot,8,8,8,0.000024,
18860a2ebaa269be4671a74502c258edc5920b07974309e73da39b177b22bf06,Trickbot,8,8,8,0.000018,
18a24b53036937596189d3980716f79dcf6cf7d7c5958f23e6526c55a5712ece,Emotet,183,140,183,0.000338,
18a6878a28a21d0d2f6fc2285e07fb34f74532eeab8235bc1daf873032b15092,Emotet,191,143,191,0.000272,39
18b4a7a68634c484f6236de8e3a1fc8f3b61b859fb073815f406befadda2443a,Trickbot,46,38,46,0.000081,
18c40d044206e82c98b4145b066258f62cb951ec5b199afa8d13c18ceff5b293,Trickbot,66,46,66,0.000109,
18c7f7d56aff1c6db5d4b77b90d1889234c649c5c4c4b54c165ac5b73f89c4ae,Trickbot,53,41,53,0.000091,
18e22754ed4dba449e52afb53085456ebe54f76da43f1aebeffd9ed13503acd8,Trickbot,1180,762,1180,0.002131,
18e76461d526c606b3b1b30d50e73557231ba80f0ca95f849c4b4c719c9dfc66,Trickbot,53,41,53,0.000108,
1918956aafe716e3d2ef05932b268bd1a876e96eb79dbf9a0f03cbdda00ce6e6,Trickbot,77,56,77,0.000124,
1942f6fb3d9a8d8b5ce6335b11b490840589b2ae4400884bedbe33204883b059,Trickbot,79,69,79,0.000144,
194ab166ea766ec42165bf0779a4721d0ca653d7076747491e49cac584b985de,Emotet,218,159,218,0.000320,
195d2120c1c2c7efdd91b230d80dc27d77fa20e1d6970ac514569d230944b91c,Emotet,54,33,54,0.000077,
195dbbac99d4dbdff53ec1a95438b0a69dd5c355448224cd8c9286304ba52329,Emotet,1124,990,1124,0.001961,295
198f99152633214e717ecaf3992a26d866057200dfb5f72cd3295c098b6db4a1,Emotet,358,235,358,0.000535,
199a5ce902337cdd8f9de65a3a5ffef57dbae0eda42a9db70c68d1e47a5d0758,Trickbot,2000,1299,2000,0.003351,
19b6bed6fe139daf825c8b4f8d636093376c40f1d5bf5a69db9b5f2cc47c1850,Emotet,1249,1074,1249,0.002131,
19bc9db1a8f407e5242417f9ec9cd71eeb470314442daaa0c2058456a8766d49,Trickbot,17,17,17,0.000043,
19c337140d5fea8bdbe48ca2df8f0d10df1afa9b9855362649200d2ef62871ea,Emotet,356,235,356,0.000519,
19d099638d4c05fb2dcc8e05ee52040ff38c5637232047b2d198d83ebceeabe1,Emotet,339,203,339,0.000561,
19df005ce07778e5cdc2fc39eb7226fd7307815d6427df8fc3340a3670289ecc,Emotet,174,139,174,0.000336,
19ec9a7ea52390e8f33f4290f4eb7d8d11765d112214b5b099cd0593ad1a098e,Trickbot,1869,1296,1869,0.003487,
19f4e37683c8b36f04a77c9e632531a2b8c309d1657c89e56a4424becf0bfe2d,Trickbot,63,51,63,0.000096,
19fb42dd90449ed67e4e005e3e760debeb46cf13754075f338d232a1fd635c23,Trickbot,82,60,82,0.000120,17
19fc57049e14099fef278c21bd0dcc15f33f974ec646790a885fe838604b132e,Emotet,1126,992,1126,0.002096,
1a0dd24351db7b84f57cb8b887d45e7e04388fa08c415b4f3a5d1b85d8c5c29e,Trickbot,82,60,82,0.000117,
1a1012edb3bd46e4ccc5322592dec62079f355acbe65818f34b16976c8f32d43,Emotet,164,137,164,0.000252,
1a2f52eb6979ee833b7d1a5b5b5b23d03e2d0565a869ebd8ddee68f18e64fd43,Emotet,162,137,162,0.000308,
1a3a3b247af18b73d3438f0695d6a6113429087299245678a26f6bfe6d74105e,Emotet,145,91,145,0.000205,
1a3b7ffe3c536555a2c143a3abf3294be61b41efa0c3b623a4cf9c16d9ab217f,Emotet,228,180,228,0.000390,
1a4288f5d3cd0da44e28e61ca54f78049a64fc1be31e3a0ef6f7b87e09e16262,Emotet,143,126,143,0.000207,
1a629da9273ae53db58c327ec96eb48a2c528c8fd8eca8149d30ca0072c8e21f,Trickbot,1371,878,1371,0.002178,
1a62b3b0663968cf95f28075ceae66be6be4daef9de3bbf5046c272b0fcc61af,Emotet,1099,982,1099,0.001834,
1a7e115ff10811e4d20845f2a9587a499af7c8128f4a83ee3159cc95175d6c96,Trickbot,1221,760,1221,0.001883,270
1a90b66fa0d1e22d4f295980ad812720af4789a2e44b8bb919d946a6ad8cb3e3,Trickbot,9,9,9,0.000026,
1a99feb6cdafc02d0b00c5534f14c66722050dbd58144fc82a89910d087e854d,Emotet,74,38,74,0.000101,
1ac5f762b8eaeb7a4e93d9ef96aa5017ebfdfea02bb652dfbbb622e3a8d934d2,Emotet,19,12,19,0.000033,
1ae07a166ca5aac48e6ffb84ea5bceaf5887087c6773c4c0d0d49fff5a072285,Trickbot,134,99,134,0.000195,
1af85b306e98e2f7278e719756f8743fc9f2ac216b7cd7f36b4f95b6a2ba9716,Trickbot,797,215,797,0.001005,
1b168d2e554f57838da1b181694beacfa05a179cf3279b17a89d02faa1669fd8,Emotet,302,211,302,0.000499,
1b259c0679e81233f172b5d0cd0ecbbf3a00d5b6498c2181e8079de55fbed0d8,Emotet,1079,978,1079,0.001957,
1b3d01ac27a730a397f70bf85e0d6a3fe6db790cc11641a97a804f60461cc959,Emotet,1126,976,1126,0.001924,
1b51594c290fa2c3f68403a23d0e450fd2093f3a0edeafbbc5ada3123970bcdb,Emotet,183,143,183,0.000310,
1b57b118e09ef013d3965641f4d508fd61bfa3d4b7cfe5f98d0a5d5ffb697b72,Emotet,1117,998,1117,0.002294,295
1b5e548f4e73cf080ad51f9a864f0ef410a50f54106d2e61b0386e4e73e11d7b,Trickbot,98,71,98,0.000164,
1b6ca28027f62a4922348c55b891472c9530da1b0ab2af1ab615a491612bea01,Trickbot,1977,1247,1977,0.003204,
1b6d451e7ab72b2ef562d1577f8396d8a6b291d8b4959b14f67d6cca890d4015,Trickbot,844,748,844,0.001443,
1b6f04cb95b4e2d710c2b203d95f1b46052fb869c7f56139c39b4f3e8ea5a5c6,Trickbot,8,8,8,0.000021,
1b82dd37ebd31ca7db4e480f9e94cda18c99b9d8024171a62df8b895ebfba7b8,Trickbot,1915,1226,1915,0.003061,
1b851ef0341cbcc889d377208bbb7088c186e562a0be71d1056d3982a22af32f,Emotet,1210,1016,1210,0.002060,
1b85715b5b5590aa7fee0a8f92aa64f6a76ccda2c7019b50acefdb5e3d4b7955,Trickbot,1832,1222,1832,0.003111,
1b99156f0a7c1e8bb423c6b46a4d2f0aa6b3bc5a9b4734d1f3434679a0ae42b2,Trickbot,80,68,80,0.000136,
1b9e1f5e7d838ba68c27b91e359640a7844b3081a8989440f1c1905a6522f4a2,Emotet,153,137,153,0.000318,
1ba25cac1c4dd7ada99ac6258c363fde7d3be918bc68f39e6133003f77987ce5,Trickbot,40,34,40,0.000076,9
1be19ee0bb481b039d688c6700f2fb0a147c45e9d6930cf55fa6b7caae815cef,Emotet,164,133,164,0.000245,
1bfc73845f251fa461c09251b4d094a9fbeeb21773f1fdcff9cefd7638d0a9b6,Emotet,192,76,192,0.000228,
1c04bfa0f35758f332d00751cebecc2eb513b3b275f8d3cc33a61f39aa3f6daf,Trickbot,16,17,16,0.000038,
1c06578b9010eacbe2fb2cf16d5129a6f719a0e2c9211a677050e1bf06701802,Emotet,144,90,144,0.000203,
1c101d53508d5170742d4116ab0e58671dbfc224b3a0d728f33107d8cded2f32,Emotet,260,149,260,0.000370,
1c2490c2cd3cb2305df2d3d9c2e55943b2c08825b319e3dbe42677d7dd603510,Trickbot,98,84,98,0.000171,
1c2f7e3939415a2c075609671ffffc0526a42cb1f27479818f7317e865b98fee,Emotet,33,16,33,0.000049,
1c38471e457c0d1feb0fa54d8ef79bb1c79d1890b53af6f4b0be6d3b3f124514,Trickbot,352,140,352,0.000439,
1c39152370cbc674442ae0cdefd1e15c4c779a9d3d66edd586060c0e824939e6,Emotet,40,26,40,0.000060,
1c50d0bb48aab158596c2d1326bf0adec834764759c0f6b6dbbf8f02f75d0bd5,Emotet,287,188,287,0.000391,57
1c547b587d18c8e01b10ed56ba504d11ebdecab26374ec7023a92e74c66398db,Emotet,377,235,377,0.000536,
1c5700a3783d06b5215b44c730e97148c172e4be353edd3af8944a04becbd9fc,Emotet,3,4,3,0.000015,
1c7b240447bd0e8308e91fd60fe3aacf17ad15d809cc495aef1b09d5b083ee5e,Trickbot,9,9,9,0.000020,
1c80dd78b374786cd12cb3c466a69faef4b336b31b88259f735ae90a590151d6,Emotet,408,281,408,0.000682,
1c93e0620a3ff7e4295ae9c9c69df200792522d7624003fb3126e84e1ae52ef4,Trickbot,1323,873,1323,0.002314,
1cac76255f493a0bce28b99f94fcaa877b8fca2b82d1ea41f72f38227b259f61,Trickbot,1425,870,1425,0.002276,
1cc9ad4741e5a434b09491279bf739b1c88484e978d32c07888cf975f643fe90,Trickbot,265,127,265,0.000339,
1cd9c644ad634b363ea30c3097e9d6e66acd373112e558e1a669089226b834ba,Emotet,294,204,294,0.000474,
1cda75893a4e12a2928f89cff97bfa7826ee43814549556fe304cef346b12a0b,Trickbot,124,93,124,0.000222,
1ce2c3f6ccd75fca72a22d5a231d4a4431c07d73b3338afa76a4fffbbb9696a2,Trickbot,1088,768,1088,0.001783,256
1ceac387643bb7151b0c744651b4b84d171edd73f9eadce70f731cdc9e058dd8,Emotet,203,144,203,0.000293,
1cf6d30f83ecdd91741a19ce016640da7e7ca916ab7c113cf71e70d31497d4a8,Emotet,286,191,286,0.000392,
1cf75e1f40fcbd530f0f5a864fad95029a294b138627f462a809f1d518b8d8ef,Emotet,160,133,160,0.000284,
1d13e85e7ccc79e0101b115cc5f1e1444428c0a99df06427e69b846282c106eb,Emotet,237,177,237,0.000346,
1d3ef86c2bd6e48de5065cf856d5a3c56c74358b6b4b528cfe5571ae48b0d67c,Emotet,18,12,18,0.000035,
1d53cbd2189d37df2b5dc614223eff46303bce83d409068ada3ead953c98d632,Trickbot,77,62,77,0.000147,
1d67c108366006310f6eb08662e0b79c7416d697baa9e59fc193a62d879e75eb,Emotet,168,140,168,0.000252,
1d9f862e6c940668f163faf96ecf36dead6a4d6836772ab517e650ea7ad13419,Trickbot,1446,874,1446,0.002400,
1da62e9bbb7dcdd60fbe18ac339c6c0eddb9b00d885b6540d45f2b1af8c58229,Emotet,173,145,173,0.000264,
1db0c758053741d6ec949fe8027c3901e957382463a446f3e0304a201af8158d,Emotet,30,21,30,0.000051,6
1dc2d62ff6b93d3d7e53699ec3d69a51b060968cd943fc64cf46d9ace0d78490,Trickbot,109,75,109,0.000150,
1dc8a30e922432090c32d3909f55996f4a72695e6484deaf5526f3385ef742b6,Emotet,1043,972,1043,0.001719,
1ddd563e9e1c8d308005fd11682ec012c8d18ec760ed3757b0ee1ef7086507b5,Emotet,293,192,293,0.000468,
1de1cbb2f6abd271f2be64b57771695a3a556877cb1822d97d386f153fc2ffc4,Emotet,23,13,23,0.000037,
1e1377d49ed1cd24c33d5816dfd52f604270faf8194b3f6e41903385e914f755,Trickbot,1866,1213,1866,0.003086,
1e1cd8e03241b215e25e403ad23c5db674177c566ebd88ff665a1ec214f7e534,Trickbot,1887,1219,1887,0.003206,
1e21eab0683e7a442448689cc8fce49a563c1d7f5cc562df92b6d3c267f098ec,Trickbot,1989,1300,1989,0.004009,
1e274d3e851d01c106a7385a096fdac32f28effa0e38aec2791a967efc509a77,Emotet,288,189,288,0.000530,
1e31421c9b73694cdc3c00358a70fbb2b3f471cf97ac0a57d648f9808ede5d11,Trickbot,146,79,146,0.000230,
1e71eeedd14cd0e0039aec1ac38229af78ad4deb06bdb7eec2ecf7fe59dc4582,Emotet,335,197,335,0.000468,64
1e93c860a365048a79324af3e9ca33027a1d4fab30df22017598552a0325acef,Emotet,396,209,396,0.000552,
1e983b1dc37785c1ea0bc7849f836905124bb56f0f9d1ddf9cc2519c70ab698a,Emotet,167,135,167,0.000257,
1e9a95650179f68943a33e3c206a7ac7ffd0564ee196f79b291464983dd66691,Emotet,227,173,227,0.000359,
1e9cf3ee4c2a6644c93aa97a2e12e9a91fb8ec13396f4c2f44cd60c6adc7707f,Emotet,285,189,285,0.000390,
1ea818b42112608931b01892a9b24d4120a8f96140b69531305ac0d7135eb3a2,Trickbot,90,76,90,0.000141,
1ebd8c00758816bbd4e0ea708b37bfe269e21b101b28125ac9c454acb85af9d1,Trickbot,42,34,42,0.000064,
1ec460b7ce8c15f37f805a4c593fabaff985587f6c3744824b2f10ecfda42b95,Trickbot,14,8,14,0.000029,
1eca74c6cf9bcd5a8aac5193db4576df1437c118508cefecd852ed7c83e68295,Trickbot,3616,1990,3616,0.006129,
1ecdb49874f2ef758bc125f2a3f87079e8888ab0800da0c4ca7ea45c15a7bf3f,Emotet,279,180,279,0.000393,
1edc9caf828da329e91339e027e68ce96204d8d17f39f6d4656452271caf67fa,Emotet,1058,974,1058,0.002053,284
1edcd366d537b2c10ca417219980798eddc2e7061d863c5db2b6fceb966c8546,Trickbot,9,9,9,0.000026,
1f06c0c2580935782718e0cd3117b225437ae395542d104cbdc38a7a356eb2b7,Emotet,170,144,170,0.000269,
1f1ae332181bbd7b46610db915a3036ebc4ca4bf30a63ac0a2bcf2031b031765,Emotet,174,139,174,0.000310,
1f58ddd4e73d2699f68fe7435ad52ff49d5c8dde05f536e9203a965de205273f,Emotet,164,138,164,0.000263,
1f7ce4b2b8f2b7632de52bc514d3d0c02b41a320dedf6652403b1deb29118acb,Trickbot,17,17,17,0.000034,
1f8f4fc15433a5876f64f5ac905ae018ecc837024447c03b1d50e9bdbe573b40,Emotet,358,233,358,0.000512,
1f95fe69ddc80a3fbfc4cf909d57489aeff0052b461ae60b1b096b721c2fe17a,Emotet,1084,982,1084,0.001989,
1fb2e63c57f39cecedff1f54e3d9601cb252fc21c632823e07aa2f5333755bf8,Emotet,379,231,379,0.000673,
1fcdea1edb66879be813b2b6603031a825ceca9d7101019c16fed69abf29b00a,Trickbot,123,60,123,0.000215,
1fe275b95d8ac74715ce72bf073f38972f31374de1800d74007bf33587222001,Trickbot,1892,1219,1892,0.003348,420
204389b321b41f7276614ffa4063485df9ab99ceac283a139e2993997d3758a8,Emotet,276,185,276,0.000403,
2055ef73aefcf8e5abc9e7682ef9a37b2e4daee945dbc1a860f7a74f3589b806,Trickbot,8,8,8,0.000028,
2058cea28fa3aec163d263419e6399d7e6be68f8a1554ab471fe4b9448023112,Emotet,184,132,184,0.000254,
205e4789defdb23546f68f0f5054b8bac2a2ccea99afe58e0430a80b56440b8b,Emotet,1132,993,1132,0.001856,
206b6ae5e39e00cf3dca06a2e43438b7760d9a746e6da3cb052a1eaf07c7c753,Emotet,962,933,962,0.001715,
206b85d1865f17652ca0c3ec2e4cfeed5169b3e411617015de5f5aab7b3081cb,Emotet,20,12,20,0.000034,
207cfe2a4ceeb40eee5dee98cec6f5a9c3f8fa045a2e2efe4c377d4a798e1ab7,Trickbot,97,77,97,0.000140,
208b4ddffd8594939a17df3d0c0648dbfdecfabb0d6f430f76cc0975a56b4b37,Emotet,394,283,394,0.000585,
20937c6248dfc42bd1ab6b36fb3386f86fa1ab1cbfaccb440153379864cd36c5,Emotet,1054,975,1054,0.001760,
20a9b8838f59037268152fdc3e94a203c977178dc9f41b4e12f664738861f64b,Emotet,196,144,196,0.000310,39
20aa3fdf475f5958a5f505b1e3784a0d20d0ebe8ed5c3db52c900a85fec6bfb0,Trickbot,1207,793,1207,0.002027,
20b300c9f5a3309e978cf2365e0c0f5aa96733baae124690c4eae45d789973f1,Emotet,443,297,443,0.000744,
20c0600db2f6caad8341c90902fe90224e12a0777ff6c2615706eb6a7cbff7a2,Emotet,51,31,51,0.000086,
20c15ffbf8086db487917819c09f4f301f5970f953847bc3310f8569e8fa1391,Emotet,339,226,339,0.000543,
20cabee3016d4b695a686d69ae42d48cfa50c386520f84c76f53ce7fb1826da7,Emotet,144,128,144,0.000268,
20d6398a4bff2f71764d9c1f54eec7973a16036a62a45480dbd8f56fc9a732cb,Emotet,1067,975,1067,0.001836,
20d9c5b9c545cd6d84aa1c49a67a0209489954b8ded62df00a2ef783e2e173c7,Trickbot,108,84,108,0.000169,
20e1f002be4a82a97ad20383d3824b7377342991b4d2c25b83b6875ad58048a3,Emotet,412,217,412,0.000601,
20fc4b1904bcdb6f72959f7a00dddfe5dcde54524786293c7b0b8cbf01d79e6d,Trickbot,42,35,42,0.000079,
20fc86a5210d3103e42cb37dc5ca4488bbd6abe2459ede0f101301a03c8317d4,Trickbot,75,58,75,0.000107,16
210e5bdace62cbb2ffc47cde38bdf17ea0709557616772b05a5d13c646487314,Emotet,1074,984,1074,0.001822,
2114ea7658724451b616b803632877bce0b8c6bf9c7e7046f08f7bb3c5d3d404,Emotet,274,186,274,0.000381,
211f09a5796f6b19014a378137a6fa543b1c64d52b51c8201a7a7da214a807b0,Trickbot,8,8,8,0.000019,
212b1ef590df3bd7e4ecc25e0e0a372bbf1696ad0c130e1b535f1e8d7c7693d3,Emotet,1066,973,1066,0.001778,
212cc28d9234d8c7c09a3e49e2d4da798a264962b0185acda9d8ed00a6c20667,Trickbot,3790,2092,3790,0.006559,
2141aca96a0bfded7f5765fbab8bb53c4c599a658d9b8fbe181968c40db17862,Trickbot,39,16,39,0.000055,
2146f91f8fab94f64755b83901080dd9e0068b6ba7f1a97e140eb44e8fd52d79,Trickbot,82,60,82,0.000162,
214c8192ec908e6a1a3e11d67de58b44c353ef5b0dfb7644c16bb857e3e0312b,Trickbot,76,60,76,0.000109,
215186aade6b7578bbc3fec3b3aabefc11a0623da2aeed9976aca237adddcf3f,Trickbot,1812,1198,1812,0.002797,
2153be5c6f73f4816d90809febf4122a7b065cbfddaa4e2bf5935277341af34c,Trickbot,99,85,99,0.000145,22
2155c03bca9dab38c5a3a4e7791da5c69c33d834c51f51e1eab86a7707c83cf3,Trickbot,1912,1258,1912,0.003424,
2162c42b68af7f56590335a0fcead8e19b1b103acdf0bc3d783db17c9c637999,Emotet,273,187,273,0.000377,
217617585bcf17ddc4ab72cbf067fe6b5ce8be1cd6874cea0fc8dd5e0346b6c3,Trickbot,7,8,7,0.000020,
217f253a53b6162c89cc76f1875cc0338ae7347060c66777efc1504435e8d948,Trickbot,1306,916,1306,0.001967,
21816adcdf54974184a7a654b510b9d37fcda628dd21d7eee55bd26b302af95d,Trickbot,153,77,153,0.000196,
219b6913dcdcc10c689c300070005c76ad29adcf540a5b3faefbad6ccec53b41,Emotet,1132,979,1132,0.002242,
21a81c2fe2ae55c14bd062fd15da36e3d0d31721ac3e816bcc62ca456bc2a897,Trickbot,1399,837,1399,0.002211,
21b3c5be6a78f8da2c245e3994c3ad251ddef6f5982624f53608175e18129e9d,Trickbot,81,61,81,0.000142,
21c931501dbcfdef2d1004aaad575156f6c776bc51ce6b09a5678ed04275050e,Trickbot,151,74,151,0.000196,
21e14603779b5c4a95a3307002c50748cd921005db1eeab14e0d474a8b5d9dd9,Trickbot,17,17,17,0.000046,5
22078280f460f4a88d315f342060d49a29df1b675ad0fc54581e774fa632db83,Emotet,269,184,269,0.000369,
220e4f687e461ca82600191ba91d5190bd4e21241c37854a4d66ebc24526e02f,Trickbot,98,83,98,0.000156,
221d205cd9ab4a76f9bef0a6d439e1955d7180fd808d2541bc0b2cf7b5194d9e,Trickbot,80,68,80,0.000148,
222681d28255e311f37e76a98d8dd93d7fff6a2beff7bda4cf4abee78a54b095,Emotet,1095,979,1095,0.001813,
2227ba1fa8106cab07648b342b57cb072f124e68f126bff9146c829ea2531e08,Emotet,191,147,191,0.000282,
22425415c055d0fe31edc093b151496fc21d9ada12483db5354f66f95a5aa00f,Trickbot,58,42,58,0.000093,
224e96badb28267187d65bfb83103b59f86dec5ddcc7a39bda2328356907789e,Trickbot,224,116,224,0.000289,
2253c646dcb2b172cf9afa8cd9bc559687df18cad8d25a312212947dc454059f,Trickbot,92,78,92,0.000135,
225b319b38c2ac9377732e63d8df099a9798475c30f054d364259858eb5e4e06,Emotet,158,131,158,0.000224,
225d18b7325dd8ed687a7a8caa9f609865a204917a13043e1b0c1dc9cae69795,Trickbot,98,71,98,0.000178,20
225d41fc5d44936822f7b137ecf6156ed4a3d08439b1b2f9633ccfbc51fad7d6,Trickbot,1218,812,1218,0.001833,
2279732a867a25265dd63be377235529acec43fae0d13a26ca42fa441947d452,Emotet,283,190,283,0.000387,
227b22d5caa03e70e41393fd04f59907670d336028a09c0e5787e2c1a7cd07b2,Emotet,326,199,326,0.000491,
22853bbe17e5e210904403ba79b8f47dd959ae75f57e2d1efa238313dd575384,Emotet,985,938,985,0.001628,
2286546883ccce60e1e565b3e80f5c04a6adfe463cc2e961c6764cf4d67e7674,Emotet,181,151,181,0.000312,
22a074ff7daba2096d819ed04119f00aa1bc12e09ea1114a64e4785db9bfb50b,Trickbot,179,76,179,0.000217,
22bdb6937413997e147ebd20bf32bff367f8593d3b57c3a10bddf4783fc67dc0,Emotet,212,140,212,0.000359,
22c0ce62b82840cbe16141d373424b99d83039502d0bf8139c187c587c8ed38a,Emotet,170,136,170,0.000258,
22d5e84e96053d117529761cc61b7ff88c60bae5b6dd48dc4e0bb6032ada5d80,Trickbot,8,8,8,0.000019,
22ea2f02d0a86bce238ecfab0f7a1a2ac5b444f2913cc174ca4c480e9a1e9ce3,Trickbot,10,9,10,0.000022,3
22eec274c4f4817e0c680932f2b5a4d830f3b8be5c71947f96f3413e43454c46,Trickbot,1887,1228,1887,0.003223,
22f1ba69c870896239ef56a03311eda7b748459ed162e5e2dd7d0c5202404bd9,Trickbot,65,42,65,0.000100,
22f4550fdf39adae98537244fd24a8add6c7fdc89144e7bd355b7a6be9c8bb9b,Trickbot,20,11,20,0.000038,
230dbfb6e788a7395e4256dd43b219b7d531ef5ff6878b1421e0302a87da1dc4,Trickbot,1104,764,1104,0.001880,
2325e3a95a66de0b7b686e1367f9d547acb4d494ba63717e7ffe660b233f04ef,Emotet,256,184,256,0.000386,
232ed7b9f87401691c24a683fb6aa4c86ebf1b6ee5af0b126e8bafc90815310b,Trickbot,1382,841,1382,0.002457,
233120e61f2663625d3572c1e6dfcb19819fc6012813b42c1a10aabc98630c98,Trickbot,43,36,43,0.000086,
23382770d63bc95d2317dc3d6a5f7527ddf7e00350a9a058b14737cdd263fddd,Trickbot,511,168,511,0.000787,
235826b3bb21463741a78058a7cc917491fcaca547f596805738546aada5075b,Emotet,50,30,50,0.000075,
2358c617ec1acfa00c64d0b0989d248de95dd6da9be0be72c76d31d2aba8831b,Trickbot,82,60,82,0.000160,17
235e54a565962274eae546ce0863c354256c2760edb4a0ec54cff0159355154a,Trickbot,133,66,133,0.000202,
235f554c23876e73a276957ab89e11eb2e73bee25d933948e22661f2e3d0a8aa,Emotet,1133,978,1133,0.001931,
236bd4d5d664ffa4e61ce3bd901dd1842141b0be3c18d718836e409524008f61,Emotet,172,143,172,0.000260,
236e49b5728012ed3178b63e6266168e8e7ea7c2c3e2780613ed43536009e4bd,Trickbot,1268,840,1268,0.001904,
238a4b9be9a96e16922023644e96916d540072bfec259dbf97e1cb3f01adc743,Trickbot,1312,836,1312,0.001948,
23ab1c4b7d20d856455cb33ef61ef454987a41b5ee5545470c19994a643606fc,Emotet,360,243,360,0.000550,
23b6a25f992b5c3cbfee4157a784560cd90fa2bcdcc1a254c8850e502c94ea0d,Trickbot,1902,1239,1902,0.003503,
23b94edaa4fde894f79bee9d769aa1440c6ac891a1d7d414020660809726766d,Emotet,33,15,33,0.000059,
23c361270509293b2a6bbc2068007a08332d8d433d5c448f554ab68a0c1e3463,Trickbot,1829,1238,1829,0.002972,
23cccc69a76fd801c817a86091059560ed8c0ea4a0dd1a9ed6ef119b0d34799f,Emotet,32,21,32,0.000058,7
23d0d326d07f74b0750ed975183e6193a28baf927f812cb6479df16a48023c87,Emotet,173,144,173,0.000252,
23ddd7f95f44c19409f88d9590820d27956ed35cb6c9aaae1ffb614934e533a8,Emotet,1041,973,1041,0.002190,
23f2b586641fa900b121a56050444d3768e0055963330f06cd938da038e3e370,Emotet,61,33,61,0.000100,
241327569237944482e04ab9cf2002e6e05ac5d4bfb3bac981c74b11a2cfe276,Emotet,157,130,157,0.000256,
241bfc3075d90ad46cc72f3b76bac39b330796bd888b66025d8eab2d887f5fca,Trickbot,72,58,72,0.000125,
24203e456ffea4c9663061506820aa388416a1bcea5868e179584f3cd86d9ea1,Emotet,1093,982,1093,0.002024,
242427b1456755b646f012be4825dadc7309b58b0957f5e2628efc53306682bc,Trickbot,78,68,78,0.000134,
2433c861049e3fa8969c9bf4ad4c82168e8d3b705011821075acc4d398293120,Trickbot,189,88,189,0.000290,
2437b0e3639fb1395d81fff432920ac766f05c2d037a66f0952093a9e44f6697,Emotet,956,926,956,0.001777,
246a50ccce51ffd3a8d76d43764c56b07bfeb706a1fb48623208532451556a36,Trickbot,1929,1242,1929,0.003541,427
24728ebb6468219b0e9bc31935210489fc186259a4f2f2fa95e241d64ae312e5,Emotet,1089,972,1089,0.002009,
249a9476baeffd2f1621b008a3dbcb6ec584932dcbb66152ce7fb751fa0d4b55,Emotet,58,30,58,0.000107,
24b671b72df6949d896c497376444f23a714926bbffdb2221de85fbbb2078baf,Trickbot,3254,1802,3254,0.005291,
24d0044976a4122a3fcfedad6f66849eb0d1d9fa7fb7f7ad52bf0a9d97f394b5,Emotet,47,20,47,0.000067,
24d775cde5e5b069948e25d7e38ba2bc41326e5a06ef33c653b958956ce8bab6,Trickbot,1310,879,1310,0.002049,
24dba1a23db274aaa1332ae7f25219ddb8af66a60b83022c9dcb472ce284f190,Trickbot,60,44,60,0.000094,
24dca71173df1041b4001384ca041a43e13175ed76289269babb0dc99e0967bc,Emotet,266,184,266,0.000363,
24e11c591051d2d5b6ac8d0efa4c1df31124b7aed79e397456feaf16f7ead31f,Trickbot,1250,777,1250,0.001936,
24e8756fbfa60770caf7ec2f30bd958c1dee47de1f1dec10ca57dacee2971db3,Trickbot,1960,1277,1960,0.003394,
250eb83bed5965799e2e953407be84085728748d19795fbb99a17ea8c9884b08,Emotet,162,95,162,0.000223,30
2512283c9673ba1c161d72378bfb58061ed5a050fffeba873327dfa2ab7a95ef,Emotet,44,28,44,0.000063,
251be6e47569c7a2b9290bef261164c85189b39063ee971419586e9aa4a67205,Emotet,337,236,337,0.000490,
251d69b6a2e923a54fac5ec4e03b16a87c1721eda52a3fc58e567f99cbecfddb,Trickbot,210,110,210,0.000292,
252a0dd3f808bf04c058121a132e58a816bc44cb436970751b423c04191195b3,Trickbot,117,72,117,0.000185,
253900c41add721db6146be3bf6a66ef16dcd6c1ff2b2638cf44c07e8eb90dc7,Emotet,24,18,24,0.000046,
254c385cdbc7b1e714935779ba3d52f6a6e4a5db4909d5f1f9e975e276b8b062,Emotet,56,31,56,0.000083,
25658367c7e43ecb48f4a1e26cd499c3939bb80bfdc34c11abaac61de7ae7ed3,Emotet,24,18,24,0.000044,
2570ea910557aad96e0628c5c39a6a88abd14a22715fe254e87019e67eac29d8,Emotet,291,203,291,0.000422,
25778875c62212999b72c70e043bd9fb9090b2d3181c08c63ed1ef52b23cc960,Emotet,300,192,300,0.000533,
259abec361a4a945cada9199f99e2de72e135f748ea1a2b31c5eb9edc2f5e9e1,Trickbot,29,28,29,0.000065,7
25aaecf7f0d2fbaf8860b11c8899982912aed82d8387e87d9938bcea89a0ba8a,Emotet,270,183,270,0.000428,
25bdcc8a45b6a00f25e71ed710c54f33c6741107bd1ce7157d770a2c8f444e38,Trickbot,69,57,69,0.000113,
25c66916eb217f4be75d127428f356b38094c5222ea93f92fe29b21615bbd539,Trickbot,103,72,103,0.000177,
25f37bd93798778f613c0f0c6a77df717cdc7c22060068bb77e5930f12e71586,Emotet,316,206,316,0.000498,
25f77edace6d2d7e3509e8c3039f9416c7ffa6dc14facf6e00cdf96a2010e71b,Trickbot,128,95,128,0.000217,
2627556d8874b25dafa622a3f87039f6aea81338a03c08a40a546e8933e73b8b,Trickbot,4001,2219,4001,0.007823,
26301cfb3bdc5c18eae0256c898e03c6ec0c296ff718ee365dd5e17783b76e82,Trickbot,18,18,18,0.000053,
2637f6d26ef356733169023242a57309d5c848c04fb42a62430701f097aac890,Trickbot,8,8,8,0.000023,
264881262b5ca98ae0fac2184dd9c877ce209ffd673b40b1342d1442f1ee1c4a,Trickbot,62,50,62,0.000091,
265fa26e5870a69bcb82c1d12c29a131e54cbeaf5e4faef7ca96fae2f4e2cffc,Trickbot,17,17,17,0.000046,5
2664a2ce4378bef9bc12987fcd474f4cee94f3fea454921d655a91b711bf8fc6,Emotet,292,193,292,0.000665,
266731bb76cad78d7c172832c244bd314d7384b575ab7dcec7de4c28996ba893,Emotet,958,924,958,0.002382,
267dbfe3321468f7e5ccc9edc31873b8d7c475dfac203101cda40413a71d808e,Trickbot,17,17,17,0.000042,
269e923fbd28f8a24d1d461943b0d2eade003c3e4bac31917a2f78c7501cc5a6,Emotet,164,136,164,0.000315,
26aa8cf04fbc7f917d16de4b6aa8dd3634c84544b2738a0e2aacd507b969caab,Emotet,216,156,216,0.000492,
26d560a465461ebd3ff173e83508dc85ff85f9592e5b2696ad8c8c5ee9a2d64d,Trickbot,134,54,134,0.000242,
26d5725f7b9028b03df9cd6bbbb08fbbb78d909d5f8f3b6fe923285dce6a25b0,Emotet,148,124,148,0.000243,
26dd668354f2bc69f4c268c6afc00f505afa412639563868080917a16ada1e9b,Trickbot,1218,774,1218,0.001965,
26f3b30761bb19d0774b862524621b5d74559b4185612ba899a11bcb5765e5da,Trickbot,1466,927,1466,0.002880,
271676fb7243143d373e0ba7baf84cae3234c218e3b797d68877ba280aaf70e6,Emotet,209,177,209,0.000356,49
2718202e66b1cd89baba5d22fdacff78c66cd1a565306a0b7fed7715a80669ca,Emotet,171,138,171,0.000274,
27465b9b69b1c8925328fadd4a7d16959bad1350adafab71dbc76a51f30fa8ad,Trickbot,53,39,53,0.000086,
274b6668d5fafddcdbf6fb0897eaad9d1528fb44e114f0c653837dccc3e5d4d1,Trickbot,1306,863,1306,0.002239,
276125969bbc7963789edd61c5b52b15113ece9ee0751778b9ef57ae1481a36d,Trickbot,1922,1258,1922,0.003304,
276512b38f17a69a4f42df551b64792e7ecfa247dfcfa3e218352c70bc4101b5,Emotet,950,928,950,0.001925,
276b71ee53bdd318a3334091a47a03fb110bce139f9bb7657006c34198a3bc6d,Emotet,475,307,475,0.000734,
2770fec5b11400ccf3038f21f76de2e5e66429a67725920f44950ee30add60f9,Trickbot,101,85,101,0.000205,
277d0ce6c1eb8c232cdb3d7732d4066db7c61c186e175ab7030feb4e3bff3835,Emotet,350,184,350,0.000485,
278edaf4d066d5bbab721d74664181bb8f67f1affc29e8b2bc9b66b50566f8e2,Emotet,281,190,281,0.000471,
27bc3dc2b4b1f5f1c87f30dc5dacf6d958f21cbc79be8e5a345ffd1e29ba14d6,Emotet,228,180,228,0.000318,51
27cbce0c326e6f71839efdea6860398aff85ba6639b426123d9887369a2533de,Trickbot,43,36,43,0.000066,
28092a374d626f61ecd8fe6a16fbd0972c09399eb637c7329b9040606e7291c0,Emotet,289,198,289,0.000484,
28228c3ea6ae6646a3edd0839f47d9fedf96dc3c6042d6ee44fefc2f19dccfd2,Emotet,93,58,93,0.000146,
282ffa30ab335c816cdbd3a411b32b777efd675fe8e0c53704ac9d7d09648b88,Trickbot,44,36,44,0.000077,
284ca2f66938dc749faab2ef678916252cc4a4ad9f8707ac14ea08deef223b04,Emotet,3,4,3,0.000017,
2857e6490d71b7c48ecc9ea963144b71905a046ba14e73a32b5d0c877f7c3205,Emotet,143,91,143,0.000229,
285ed832eb28eefa5e98a3080ebe860f8f94ec901e2ca12f87c4520081ab7d4c,Emotet,977,922,977,0.001969,
287dc4c4f13f529e13c2a90aaaf46681af1e8580a9a0146a1219b26811b99939,Trickbot,50,39,50,0.000085,
288114e12fc25a1374c935c47ad0df1242e461bfb48b47e555338df61fed7dab,Emotet,285,189,285,0.000447,
2889d6807180376dc7ec97571e784c1a64c71d8fdc4e8aec5d77e677ee1d499e,Trickbot,97,50,97,0.000171,17
28b1fd32bee5ad19998769368316b33df7294d7c8efec229debc6f49d854e049,Trickbot,1251,803,1251,0.001927,
28b7ad645b3d24b6c226e1b7ad55daa88d9d4c387cc23465acd4b2a464ceef4d,Trickbot,107,85,107,0.000178,
28bbe1039e9580c5b4c1f1f342675db808ca55027d24750224656a13aebb43f6,Trickbot,43,36,43,0.000084,
28bcb3574f05846e02d80701431dc52675b687005c5dd21f9a7bd4f9c723e1c1,Emotet,370,273,370,0.000541,
28bfa63bc354155ba690e38e66ad88b722929117058589f179c11166953239df,Emotet,179,142,179,0.000255,
28f3d6f0fd8dce1903c42d9598a7d9264041ab4758b55102ed7ffaec17aa3edf,Emotet,1094,986,1094,0.001784,
292cc54f8e1f623d53b6dcc59d2e57191c55ae997de97518ee5da7d30801f6e0,Trickbot,54,38,54,0.000089,
2932b1becca1b7910727455a1f40f229cb175c5416d3cdfeb96c9cf48bb9d7fe,Trickbot,20,19,20,0.000037,
294fb63d31693952138741b9e74ee7bade9fd7b2cb28091d2628ff9d554bfc3c,Emotet,1055,977,1055,0.002139,
297341658f4d61e0a9753100fffabc70b054a57d49b813b14ad40c0d0ba4e442,Trickbot,18,18,18,0.000044,5
298088d9668dc6f9221d39b5e8d4be342d9f948789543cfeddfd814db9acfbb6,Emotet,1081,991,1081,0.002062,
2986fcf37f0dbb04c48e4ea15444431a76af1455c429f046b55a4c2a1ff83555,Emotet,142,90,142,0.000220,
298725f9805e7065928244aace6e48cc02c8ee444d7bf905dce241621a78b093,Trickbot,9,9,9,0.000021,
2999807a730c762f14305598e8086a37d0afa7b7b0ba9ecd62578a5331fc8b12,Trickbot,16,8,16,0.000025,
29ad696e26b945eabe5a6fe8a594167dc572a049c57eb0276db434c4ea9ba7f4,Emotet,218,158,218,0.000294,
29cf5c72869eef959ef081eb98b4a4bfce534683c01ec4ca6fb67223cedaf732,Emotet,167,141,167,0.000252,
29d011b2a3c27f3259685d400cddafe50942cca08e7f5970d507dc951d7cfb53,Trickbot,98,84,98,0.000144,
29da6b0841409811677cf6f9062bfdd58be629d8c6b53733391316eb085b6ab9,Emotet,114,33,114,0.000173,
29eba7f6d462cf3829d2eccf44adc3e740020fe1d69b6c8f32604e243922ee6a,Emotet,1068,970,1068,0.001788,
2a0bf46e2b35163643ee6db0f9fdbf4228f4932e7e9c31a89c480297e8846f59,Emotet,336,183,336,0.000465,63
2a0d40cec1fd2d1012aac53559ebc468d86c60f6bea66b8835e4f92869420522,Emotet,53,29,53,0.000073,
2a1a0800059944c4976934d54c1daddbe9cf90a01b68a67a7679b03b6bda16e0,Emotet,198,149,198,0.000315,
2a1e7fc345a6134affbc53390c93d6e9ebd9aab60e3085ecfa9bcb08e717b562,Trickbot,8,8,8,0.000019,
2a74ba450e6ed080687b9d45e0940a3a319b9af829b6dbde42571f64f671e26f,Trickbot,44,37,44,0.000085,
2a78cd2d1d2d40d9694ce82a59ffc2b75612ff495a69cd033eb2f40c43a0960d,Trickbot,1407,884,1407,0.002455,
2a7b2993d34c3298c10ad9c893ed9a55690158b829e7cc2de83a7e60f6a6c730,Trickbot,1135,727,1135,0.001721,
2a7f6af1edcde72363de81f589230c24a1e0d255cca242345dc9f598b55c46fe,Trickbot,2038,1371,2038,0.003891,
2aa386fddcb38a147682430defb995cf59b09e78436d99ce92911be69e4c7783,Trickbot,39,33,39,0.000090,
2ab11119dc0823558c7d415f5f22b87c37a525d70b56b4cab6126029423d76ea,Emotet,148,131,148,0.000217,
2abd9a071eed52d2a50034afa3394cc38f7e8b807f46a4eee4b2677e452d193f,Trickbot,96,83,96,0.000146,21
2acae57cd6cf9a7407591deb915259d9aec443558f495df601dde6813e019b67,Trickbot,8,8,8,0.000019,
2adf2aba5c0b788d2e7f109f921139d8ccb062925c0afda251d22fb8f5ebbd36,Emotet,194,151,194,0.000291,
2b077747c56bd31694cc40592d9d0157d9dfb2c350ce24632bc4d1c3afc95add,Emotet,958,928,958,0.001732,
2b177b7c1f9d9fb6b7e5e7dbe3bb7a0a87b6e3bb9b8a5e34ce11b0f7caad23ca,Emotet,1004,945,1004,0.001799,
2b381ece3ac71487ad419f900d8ed63f628363cba3af7c260b16e3660d547488,Emotet,304,189,304,0.000462,
2b410f529970f826b63a1253c8770d259e25c35279abc10b0a1229ea75bb292b,Emotet,277,187,277,0.000444,
2b42f2f8492b1c1108588bda182405186c0cd4a49b4590f324e9c1adf4eb8c34,Emotet,1127,974,1127,0.002124,
2b474a0af6d5b0659eb5948b1e27acb51ce24a329eb1783dcf87622f90ba8371,Emotet,267,184,267,0.000405,
2b69a07c82a3c652024a8c5c26d88a1766cd241720a0366dab2f4a71c5416fc5,Trickbot,62,50,62,0.000107,
2b75b1e634589979c9243429bfb447506a4aa54b22a2f9dba0cec2bc26896696,Trickbot,53,41,53,0.000091,11
2b894bfd470d416877aecfd8cb1ae0fdd526adfdeed3cd245219d0845cb59d0e,Trickbot,1843,1218,1843,0.003098,
2b99bd6bbde30e0c607f3c57b9273457ea72a8d095579b022955f5c95c6fd94f,Trickbot,34,16,34,0.000059,
2b9ab94385a0ef9cd50df9a4aedfcc713873d9d3fd24e9c647dcc3f9be3eea00,Emotet,143,91,143,0.000203,
2ba593c89ede5ab8d006a5fa003db200305a3380ec30b34eb35ad5c50c405186,Trickbot,437,234,437,0.000641,
2bb57582c8cbd528dd84cf21917785119b7e05035e2935cc0a0ea8c8dcdaa674,Emotet,243,179,243,0.000344,
2bbba4f017841b77534d69288886200fdeb9bb51438d2dd91b41b7de6d6585c4,Emotet,972,931,972,0.001629,
2bbf46ce5a2d64c7223bb7cbc725c8a2f788f53571b11d4ceb173fa31b9ead32,Emotet,367,216,367,0.000527,
2bc7694bca18331ea639c814a9e347ba8c6ec0501c179131e2076fb09dc6f65d,Trickbot,1480,900,1480,0.002483,
2bc813bc210f8ef17350268693c3fcff4ac8ceef72b56cf37a24a3ffa0595d5f,Emotet,1093,983,1093,0.001963,
2bd0073b63ae7bf64f213e7b05d5dc314f0d2021e81372523e673782c1b60d49,Emotet,379,170,379,0.000593,63
2bd05f49c73063288476ae8f113ec673590c51e00ec3f02552fc8e410d4456f8,Trickbot,1902,1234,1902,0.004021,
2be5f1cdbed8deccd47de4ee70d6173e4c4192e19299d499da7d8ceb18ee97f0,Trickbot,8,8,8,0.000028,
2bf9c42be3d90791638e28618f004d537f36bfe3799233eda76dbcd1b6780ee5,Emotet,192,138,192,0.000373,
2bfaceb46f51b037e95661bd8e2cae617160ecc2fc8162563c1aeaf0ce62ccef,Emotet,161,136,161,0.000296,
2c0d907f08711bb4569e2a929f64b3245f0878ae5617f3c6a6d3eda8f32a8f4c,Emotet,279,188,279,0.000388,
2c358cd2db492f42a3506c12298d558a8106e8dbe71c110f75f7560cb1b9ae52,Trickbot,1356,835,1356,0.002232,
2c4eab037c37b55780cce28e48d930faa60879045208ae4b64631bb7a2f4cb2a,Trickbot,52,35,52,0.000084,
2c4feeaba7c7a3a7760ef02be73e0e0b28edc9ac8ae25bc44b5c63a5d866d1cc,Emotet,160,135,160,0.000261,
2c8133c937263e2e0f72d9361e2312f9748dc2510ca04e08f8ef7af1c023b4ec,Emotet,190,146,190,0.000326,
2c85155372c16cdb61dc500ba055a7beee58ff54dd409b3ae0321079a7dd202a,Trickbot,17,17,17,0.000036,5
2c9592dcecbc891a651412677d9f0a681c42db6edda80f40190a328c8074613d,Emotet,379,233,379,0.000539,
2c95e84dc44aa1d248365a62b4b72d36749e7f4b9e576a80e5d9a75cb035b44e,Emotet,49,30,49,0.000077,
2c9e5e1c05810e20fa07083e2d8c1e5cb9c4b7cbc6ae045107794a3f92db86e6,Emotet,228,147,228,0.000306,
2c9ef891f2f88b9f0069c0e216601481e23d8d74d820c2036a2d4c805d824201,Trickbot,42,35,42,0.000076,
2cc3cd285d85c714a7f82fc477dbc8b33c47a5d3bdc2a2d717256e4f082757ee,Emotet,274,194,274,0.000421,
2cc6e85b6a9b1041046d67ae5221245628c753fdb84e977f697ec5b8a7158dc7,Trickbot,77,60,77,0.000147,
2cd6d95d3c43b2ec7f11fb040dc9eb885f0276dfb046d35d17c887ffb0e2c8b7,Emotet,280,230,280,0.000477,
2cdbbc26516352e988a822a1a6344e305c986ef9c55b89a9d79ddfcdb0e806d8,Trickbot,1937,1306,1937,0.003473,
2ce4eef0c82be8a98ce8188a25c8c5e8c01531add0daa2b3452f655a3c28f34b,Emotet,152,92,152,0.000264,
2d1d23f8038e6882f93b2c2a4e2e4e1bec9b141d8863a95871e8e77b675e24dc,Trickbot,1833,1223,1833,0.003365,414
2d34e277abeda00257253a473b284169d4519c033dc968f27b1e64f98a21ae65,Trickbot,1974,1324,1974,0.003391,
2d377b9e72ef2f1984a219e44a6b79066d9b66dfaa3e645c17b09119efab85cb,Emotet,136,123,136,0.000248,
2d395490cd5d4020bb6040e67c1e6bf53eb99bf955b0339597eee299545a7cf3,Emotet,1069,982,1069,0.002244,
2d5e1969df98c6dc2b49cb52c626bedfdfb3f6ec937aeb31264b92887d7a3602,Emotet,272,187,272,0.000416,
2d63c5d16aa1d011c2bcc2da95a93e27c789829a27ff33a260e1ccaf5a7d3c15,Trickbot,18,18,18,0.000041,
2d7184e75bac3a75406ebb6912f8921de02998daffea7d41e0dd8b0b1f983d08,Emotet,287,194,287,0.000506,
2d8a0fccc796ebeedae6c94e7afbe09f97ef0a74948fef7943a15852dd6a62d6,Trickbot,77,62,77,0.000122,
2da6a079e26cc7b00ffa3320ac4a96aa2bb92437fa62f75e46321024b8d5b3ae,Emotet,63,36,63,0.000094,
2dd2c9473ff2c744390d5cb400c2b1053e5f11dc13a667c80b928475685b856f,Emotet,41,17,41,0.000060,
2dd4a47c0fc0fb5346aea2771a857ad66c09ddd04635aea7c9f6bf65c273ffb6,Emotet,177,146,177,0.000276,38
2df19babfd77debddaca213c48022b200593b478afc1907bbe6a2b31c439f0b0,Trickbot,1985,1300,1985,0.003795,
2df77f86034748d16cacd7c1036c73c7a882aa29baaa177a7c801d5084de17ad,Trickbot,1951,1268,1951,0.003284,
2e26453cbe70950db2ff2866374eb65199158432518df90130d616d2fa0dc0d1,Emotet,270,185,270,0.000391,
2e27870cd7456ae4b1065645330af05d45d03e671808d9c53781f7ee8620ec6e,Emotet,38,25,38,0.000068,
2e406764fd39a287faaa2ae99c51a54e8a43a706b6454e9324831a6c4050185c,Trickbot,50,39,50,0.000086,
2e4f01a25f0de8141bc824b45fc0987a2c6132dec8de2309475680d83f7189d2,Emotet,245,178,245,0.000400,
2e6425998128d698b075b70e1b0873f63571718018d8054a58e036ac354b0d78,Emotet,188,143,188,0.000301,
2e6f9a245b888e02924700576074168770a69f5574e3503852fc9b5097236422,Trickbot,16,13,16,0.000031,
2e75ebc92230a7f9090082ac0524754ac5ba57d717e2eada15c3e33941656b32,Trickbot,72,54,72,0.000112,
2e8e53060326e2dbb9376a7236efe4e6b8709fd5f54b9d7770233fd090f1f17d,Trickbot,81,67,81,0.000120,18
2e91ec3e1c5fda89c6b98d04a2f5c5b4aa7bda509934b52c73c913278b15a2b6,Trickbot,82,60,82,0.000126,
2e9a3bd7689d51b80a1a00e24103fb8eaf9af758b4bdb3d0b4d4ca65b9480573,Emotet,263,184,263,0.000362,
2ea0b9a2d8776d199618f232d8c80e4d22cdb4e162234a5e111717c6aa7340c0,Emotet,148,127,148,0.000245,
2eb9e07aac25b467f4f4b5634bbf656d59575cb92220b646243fbab71f537456,Emotet,285,185,285,0.000417,
2ebbc0f6cf8ad0a2c6e78d7fdaa76493546bf6c5b4f5210293c2c8dd8ddc0d7b,Emotet,27,17,27,0.000046,
2ec2418c6f1bbd294466e53164c66818952a972b5c68ded2a8ec2a4e19d75c0d,Trickbot,1848,1206,1848,0.003396,
2edee4e85107447c1dc16be136d582ed1b5f1677a99db74b0ac5ba83b6f2ddc1,Trickbot,1923,1276,1923,0.003362,
2eea216b747eadec8f346f206b2b3e064c0e2ed4b4d8bf81ab4295cb35e9689b,Emotet,156,133,156,0.000246,
2ef2a9c03fdf69f3619977196110b610080da37c5f9524d08eafe675ecb1af64,Trickbot,80,61,80,0.000136,
2ef7761cc2804f6eef1880a7de65dced9f2bf87e955bea43f76419671953cf5d,Emotet,303,199,303,0.000519,60
2efe3a78e782d3c11465de157d3c31b5f213d2a01b52dd2426283c608b6b6748,Emotet,241,179,241,0.000377,
2f2b5982d45ffcd8acb32c8ae90671bc467f781474844e7b2f1e98f17d59fb48,Trickbot,140,69,140,0.000231,
2f4fd81921f20c1f5f0f51ebe13d04f63806f30f2cd5d4d229156409acd36666,Trickbot,84,73,84,0.000160,
2f607d9cbcf595991d2e80139204ff379a126e71d076c269d21a55bdcd0857fa,Trickbot,9,9,9,0.000021,
2f7c96740456ee7aa5d7c0fc29657f4e0802bc0b0e75daec693c945556f222b2,Trickbot,1882,1237,1882,0.003089,
2f7cf11532a3b54c4106385d7e1e6f5fe6dc7e89b548b4c5daedc24ec20a0b4e,Emotet,160,134,160,0.000229,
2f8ae451c18767acafbfa8b9722f3480101e76a512b4f58fcf66abd6d4495eb2,Trickbot,841,748,841,0.001370,
2f8b1a55db846b8e50a9d2ae7cd623e7d87e9b60c10f5161d357f4203ad1fab4,Trickbot,1162,755,1162,0.001816,
2f9369b64f1c955eeb5d1e013086fa6963cd1ccf95b78ba9a49711377a6d0d8a,Emotet,365,230,365,0.000547,
2fb2b7ef5b671929f8300d3850f216fb0b4706b18a1b2c024985d357e76e3fba,Trickbot,77,61,77,0.000112,17
2fd46009c43a0769b1136325877ad819b733fb183db48a3075d3c38d8e43756c,Trickbot,56,44,56,0.000102,
2febb65aad750f76d38cf94a49169c84640ef2fc71beb1396079bb73f35b601a,Trickbot,19,19,19,0.000037,
2ff1664fc6eba520e597f649ad741e5ac8ab05e0adc621f9526ed9b0654e535d,Trickbot,98,59,98,0.000146,
3012dbd0203a0a13090926f000a4661c4e2aa0c6b47dcd9bb3285d895ff462c6,Emotet,189,144,189,0.000267,
30245b1fa463ba0ae9cb496945dc439edf0b7193ddf4196861a352bd7c9f0927,Emotet,281,192,281,0.000393,
30663dd71bd8ad59197d95a61c5bc54dbd01e34bce33937a515d12c051959b51,Trickbot,888,715,888,0.001453,
30774d22fe3a216a1e3362d35b5c4a15985fcdd47242650deb4312bd8bd3bd9b,Emotet,195,142,195,0.000296,
3082bf7218a724a6051aee21fbebc9caebf8352e5e6bcb2a7f1e74dc5aebe926,Trickbot,152,93,152,0.000216,
3090202e82631f63685745e06a4dbc52e13ebe69813b29692f319bbed339321f,Trickbot,42,35,42,0.000074,
30947ff8c0102f9c282497bb80760640e4ae811cbaecbd87cd384cec9430d716,Trickbot,122,71,122,0.000182,22
30a5fd305f2cc0c26a14ee08cf7f1acdacc5ea7fcbb098ef9dfaf18b8c41108a,Trickbot,1805,1225,1805,0.003117,
30a6a77796afec5c8b6d4aa718644a6877a40eb188f178f5af4aaeae776028b8,Trickbot,108,84,108,0.000171,
30c4a2ea4637f3af92b4c024d051c19f1ef87068997eca57c778eb40a7fef13b,Emotet,275,189,275,0.000430,
311940247b73ae5874a56a23ed91f31a0d68a10af26a2c1e173d12a1388b3ca4,Trickbot,65,44,65,0.000111,
3122e61f79db9459255e29a28e031479c2de51642e3d4e9fdacf9f9ddc8601de,Trickbot,17,17,17,0.000032,
313f6e9adf3ea40437f02a370556c0314f501154346abd7a9990bbe2fe87ce92,Emotet,180,136,180,0.000324,
315e62e87bc1c56b4944b9c14fcef8f496ad4ca9e07a8fa6ed9e43caaae6ad9b,Emotet,306,197,306,0.000445,
3172427a172f3d348a885a8e691aa9a52d786079e1d7117cfeff9dacea0d726c,Emotet,1056,976,1056,0.001783,
317eda2fd4e846776f7648280741854d7d36c295b171c4e3f25e74535ec74f8a,Emotet,1058,981,1058,0.001769,
31910e0718abcfb5a67a84a81584299ea41217e96464695500376c25c5b9639e,Emotet,275,193,275,0.000389,57
31b11408f96591b74349a2f07ddc6bc270d8ca142666ac83c71e11e535093761,Trickbot,43,34,43,0.000072,
31b37b38acb8488095d52a00a73037892413807a10de3148d0d3a2e522b2107c,Emotet,1063,981,1063,0.001813,
31b9d0f1f69af36be68b5ce1601fd73ae0d2bdfc4bdc9ebb894891c24577faef,Trickbot,14,8,14,0.000025,
31c107f606f8c4dd4e7f9a23d6f54f048b9635b24961286b495f04825cb152b1,Emotet,163,95,163,0.000262,
31d9bbb12e5edf4a3d038dab314ac18f42f8e030d6e9093f06b32b92e997466b,Emotet,214,179,214,0.000338,
31e0871fdc79404116bfc123883c1d9c59b2733addb43702bb1fa39b85681fd9,Emotet,333,235,333,0.000528,
31e7c8eb2a3242953aab99c22151422b3f0fab1f1edaa4b1ebabf8557d9b1048,Emotet,177,145,177,0.000344,
31ea3259dd105d4edfbf442ce876a341959f45abde775ab0b5b0b62111dca223,Trickbot,69,57,69,0.000151,
31f06989708e4246a7840907da855ab264cd74e9051e344a5f5200b78e3e1b51,Emotet,1072,992,1072,0.002327,
3210164740ba8b465f47c997cbcb996cd659d8ec362d07967d283071f217c736,Trickbot,586,271,586,0.000794,104
322847d957e928de688026a73335eef05b0e920261018f3c87616be33437dcc2,Trickbot,1210,772,1210,0.001911,
3249aa85ca32276dc782be08be5a20bc81b0e76e94865f0aa5d22e53836e4400,Emotet,260,180,260,0.000432,
32640b777321e41bdfd0a71d8138e6fe3e384f7977b05d6785043afec6555e11,Trickbot,1223,777,1223,0.002363,
32724a0c53bc7e5683e16b76d4d4c5196e8ce3df49f7a4348103a0de5bdd32a4,Trickbot,84,74,84,0.000172,
327c96786a8a18ab60c38b7c5fc4f237455005bc31c7c4b3835b72a2e665bb1f,Trickbot,190,83,190,0.000258,
328f89aa65c5713e85d896f1ad890b58cf5c6f97c97b8981d30ce28502bf2dec,Trickbot,16,17,16,0.000035,
32a3abca64a056ba189838b6c92436a97bec9931e06f513ac0fe8372ee7a210f,Trickbot,1856,1254,1856,0.003337,
32c55efafb3dde9538f8b21e45e0d4c01c44941552fb4e3b484b1a6a330d1fb9,Trickbot,124,93,124,0.000206,
32f68f3984d3cfc94e777422ce214c62a6f4785d2e4fda2ffc76262cbbd0a90c,Emotet,1055,974,1055,0.001983,
32f75d4a63798dc132ad36560c7cd6447f363f1a4347359dc19f8e71f02aab7f,Trickbot,39,29,39,0.000067,8
32f9015842e755cb3428c4676008a847ec5cbba7dec9093fe51c709e9300fe93,Emotet,248,179,248,0.000347,
3308ea4df1eda5afde4c5a2c015e1cfe3952690d38243ed5a6e8052af98cb958,Trickbot,1236,779,1236,0.001862,
331c9274fa6c42c30642e3adca515f62978fbfeea6c960b84533e034eca781ed,Emotet,966,930,966,0.001850,
331f54791cfdaa0ac71b0877ce45e12187b76a4f4099b032624dfd8df2835920,Trickbot,78,59,78,0.000135,
331feabf2110ba0a0909852bacaa14f9d6201e53a244c154bd0636111a25f374,Emotet,173,98,173,0.000270,
33243eb7eab24ecbb6bce2c26f55c1141be9a20faa59d219f87d2b5474291048,Trickbot,43,36,43,0.000071,
3359fe0e4178450e17726eafd8439eb61beddd2492993e9b7f98deb21ee00393,Trickbot,18,18,18,0.000034,
335da9afe2d181e67cbccade1c591eeec9a15634241938030cf2a3de9e298f3e,Emotet,992,935,992,0.001654,
33677294897f8e95e9c2588bceeaaccea9d47d4de7c4b6264088d95b346878b7,Emotet,1114,999,1114,0.002057,
33a9cd6d379712f0bf5ba8ecd57419627cb5ef3083090b96fc59154a9816b706,Emotet,293,191,293,0.000421,58
33af9d868fae5e56248c24e5e4599c54f16f882927e4b4feb5a7f3667d5c6a04,Trickbot,8,8,8,0.000024,
33b5c859b74861522f7512626b5441ef96df6fb6d9d9136bdae2848cad131db7,Trickbot,9,9,9,0.000030,
33b992100739b58865829a0c26c753637fc3bcc41f89656048941a623a12a4cc,Emotet,150,132,150,0.000227,
33cc142c18cf43572a4d19e111aea824ca74645f19c487c40f8d983fa3ebf937,Emotet,260,184,260,0.000390,
33d5f1890f530167b0bb74d2082e9a01f9be1de3bd6b24963f5c7de1d4552d8b,Emotet,18,11,18,0.000032,
33eed709eb06f57d371fa97097f821858ad4143900c7aa4c302ce190d51370ff,Trickbot,113,62,113,0.000149,
33f6274e3978859f8d19be5d29fdd9c8c0d66979a0c137b8b9f02b51a7bfc426,Trickbot,1296,826,1296,0.002010,
34472017cf62f23235d00c3c92c95c7795aef641dbdbd3c08864a8406f0c110f,Emotet,152,74,152,0.000214,
34653cb30791040f072abbdfdd9b7455c5c2159d3006b3e2488f48ea90cf261a,Trickbot,1168,753,1168,0.001902,
34a2c72f06e3f1e117dca43f2cf5146e2cf5b46972e15b6e726e1d4a9b13a58e,Trickbot,55,39,55,0.000081,11
34a5db7647d8829513e6285710c85d54f1c7325103bce19edd3761f6b3b6f811,Emotet,956,929,956,0.001905,
34c7b8b5f3db11cd187d77f7aaf6c793393e79c43e47132336a93c2f27f6616e,Trickbot,199,111,199,0.000330,
34ee3b7c8804a372d7496cde8af0d569bed2f5e0dd4b7fb922a253a61972bc9c,Trickbot,1243,809,1243,0.002348,
34fa5ef3bcf433c3734d614c1024eaff7c98b36121674a304bb108228a3e44f5,Trickbot,1920,1302,1920,0.003387,
34fc718a3411375c9e1f7eba94bef811a3022c16460d00a6dca98f056a24a9b2,Emotet,364,235,364,0.000607,
3508020279ffbadec4bb0e1884464e0d23cd93332271780165f0e7dac40049a8,Trickbot,2039,1399,2039,0.003661,
351d19815538bda5c51dc5c0fc8efb826ec8a55b443defb6ef29a9a2c1b66a2e,Emotet,171,140,171,0.000254,
3557cb69a7a2c73660518f6904b0caa6b89cd0668c6dec9da1d25bb68491848d,Trickbot,80,68,80,0.000122,
355b11d5b74079fbb0e4c1617623a95f05e953bdf464342a73d2f2e945cfe192,Trickbot,82,60,82,0.000120,
356fb942169b36c9f01fafadf8f1cb84246104ef403d33511b01379b5a1e0a19,Trickbot,9,10,9,0.000023,3
357cbb232e4a755572e953c581a800e6a4c4dddf0faa388d385ed2a3febf081b,Trickbot,2010,1299,2010,0.003647,
357f730a9c125fafaa3142192b041cf0012f0513390a802c94bc64a521f9b286,Trickbot,1216,770,1216,0.001916,
358685bd63f4e40864316f226a77e67fa99da1329feba49a6e2d99dd7b6a7a63,Emotet,1062,974,1062,0.002183,
358fbddd9b2c25f0f90bf4ee5df4ef6714db5795d60c1d8392991066e38676c9,Trickbot,72,64,72,0.000125,
35b66eca5e588f76bc3accb52f32ac7b69508687b7a8db9fbb77dbf3d4bf216f,Trickbot,8,8,8,0.000020,
35c2fb94da38d6c4d94db373cbc12348a4f64539ab512d405e992aa165b00fe0,Emotet,299,226,299,0.000517,
360df496f36fc703aae9c0fd9259e01a3d240c93cff039444ac58b26ec8b12fc,Emotet,965,932,965,0.001896,
3610cb0f60884362869116aa84b5ba5f83f51bc2bce90e382ded15ac0939726f,Trickbot,90,76,90,0.000146,
36129cd82ba21426c9a84fc3fcf04779320bd0e4b75c74c3c7428a26c5c7dcf1,Emotet,38,26,38,0.000074,
361bd4bb8aff4b81e03acfa7f199d79e6c7926d7c2dbe19379b80a4a7e85d2d1,Trickbot,77,56,77,0.000119,16
3624a652bf1d82ed48922e09d8a23151f9b3e4a1a43f5d67213929ee1ec2e927,Emotet,192,141,192,0.000359,
36306ac5cc44402bc147184c87c4d2e287e9d1ad9a2dc89b062a448538a1b7a5,Emotet,493,333,493,0.000878,
36346bd1e8dc25ab37546ad67852a4581d5ef2145d60afaedb9648a6015f5433,Emotet,272,192,272,0.000430,
36416ed32c61e58b4f7ffe318308c336e4acd7681a808533d3a65014edf29c9b,Emotet,167,139,167,0.000265,
36538444e927a393e2dab112ec13d2cbac5c067171575421160ce96947031d68,Emotet,400,242,400,0.000615,
365e4e6e43686bdac65bc774435f4fa37198e3323574794fd23962815f41b114,Trickbot,9,9,9,0.000026,
366fd30aa204c413f2a739f6c68ff49869d12021ddb395e89c99b40d6a08c4a3,Emotet,252,184,252,0.000393,
367964b64b83363362805824fae6732858f74f0e9fe527d6e9e05fe2f9e46645,Trickbot,123,88,123,0.000190,
368b9ae0f7f40583d52c2e17826852600ae4b196a222953c69fd023f1fec94b5,Trickbot,1961,1276,1961,0.003392,
369a8c517228dc07f2d04011f43684da0b33f1797d4daf2594c0ed23736bdb77,Emotet,1067,985,1067,0.001843,286
36a091d1f13a2988f12b423aab71f5b1b822a31eecb55f82b93aa6fa586c64ba,Emotet,362,236,362,0.000654,
36a3b6d61f019846c64418452a99c5f8299a4c36ecae8f315f80705268a7c94b,Trickbot,151,75,151,0.000254,
36a72ba5a380c2d46bcbda423ca7fdb427795fa1ba0a947817f177e590596ef1,Emotet,209,145,209,0.000324,
36c68609dc072d4529a62260e275c6019e1322dd9ed12da59edfab0376ca088e,Emotet,50,41,50,0.000090,
36dc24f5303d7be6e686e2e542dad55b6c0e687648c0e31b6ab58f9b90be60be,Emotet,56,17,56,0.000080,
36f4c067f907e1458ea080b8bccf35029526438a15813ccf4c1116d392ce8d9f,Trickbot,1878,1219,1878,0.003227,
370048a4dfd6742e949395f761eb78c73c49d45118e59f616ca8ec18ffa21566,Trickbot,1940,1255,1940,0.003462,
370799564028eba7361973faaeac806b11eece9f8dfd519697c7d13ba2054a0f,Emotet,169,133,169,0.000307,
37090acdd1a88753ed2eb63b45120b9914b6efc8650fc28e20e826ccfc3f870e,Trickbot,73,60,73,0.000111,
370f62172fbcf95169068fb4d9dbaac67ff75d8477bd91c526a476285dfa33e5,Trickbot,1281,810,1281,0.001923,287
37396a3bc172ed1c54b98b734e68221d087e13a17778b390c09108fb238aeda3,Emotet,44,27,44,0.000079,
373dd8e9e53082b81e18b033bd584dac25004e9c21870d4877788fa641494e8d,Trickbot,47,28,47,0.000067,
3754e817dbf2f074515e7b850ea7e7aff251b3d8b81129fa806fb3b15bf0a303,Emotet,185,143,185,0.000280,
375f66cf32075e54fad378faa8ddf8e92343b047ab735ef614d327b2fc52806b,Emotet,255,181,255,0.000404,
376908e0dece450e6024e93944cabe9d61019a408f46d1b89480511be6006310,Trickbot,50,39,50,0.000074,
379d1716473e2fa1316f60d3466d7efb0b61e1e05a21007dc99a8ead18fa7b35,Trickbot,82,60,82,0.000132,
379de4c679ad00231537de0ce227c82fd687610c914ce04072be589d268bf252,Trickbot,8,8,8,0.000020,
379f8949ad5abf62d7a4679fc044bbe341f1fe44939e4086d543dad9c3d871b7,Trickbot,1972,1326,1972,0.003549,
37ac81b3c677487d10e311ccf1c8555a99b97072b9bcc5f620db22cee9322b21,Trickbot,57,44,57,0.000109,
37b7a281b2a6249e0fdae4130055cd0e922e02db367c083c69b57a16846f71cb,Trickbot,92,78,92,0.000138,20
37bf9eff6c7b4e901274ec07b7ee5814e5282bfcf02d44b2c9176c200951ad90,Trickbot,102,47,102,0.000136,
37d9bdab80fb6337021947506c3ddb983336009d16353215c78d73f53c38786b,Trickbot,43,36,43,0.000076,
37e9df1c0b0c3796cf008b7e53000ec968f2432e2b74f59d39242d2adf8f82ac,Trickbot,43,36,43,0.000073,
3809b823f62f24b15da59821d9db39d45337d2d14fe5391191dcb616e0808621,Emotet,173,135,173,0.000312,
381f00ed5c142450b5a1174d47d4353927b0007ef6c95d68fa1b39ef4c77ba77,Trickbot,1172,753,1172,0.001829,
382211a6f8e46eab632187e4ece7efdc18b611c2f8ddca139029ab2efa7b5127,Emotet,217,151,217,0.000339,
3851deb85302b7e0ddf8241a3b9ac4ef0cf6887e2ce4af9e4fac6fba5429613a,Trickbot,117,71,117,0.000215,
3858e151f787f4bfc1a4594c58dd33d98e706672569172a4c6ef0eb14375e82f,Emotet,272,185,272,0.000420,
3872bb5129f94f5d356b2ab0ada8a829bdaefa5f55b376307775de2dbfe4e612,Emotet,293,192,293,0.000439,
3892dedd6545f8b446490c9b6e2a42f937830932269316dcf378dfdd20777b6a,Emotet,196,161,196,0.000343,41
38947cde0567af5805deb6f9cef18f8c997e627d49cd758688503130e2a02634,Emotet,65,37,65,0.000108,
38a269fb1d85d3d82ec4e3685b39de9f1d6cc76152f92204c2142844f5116fde,Emotet,73,62,73,0.000121,
38aefc7ca39ee0dd8e7802cb805c2c9397c5511d18612beda61a53b278b31d48,Emotet,337,210,337,0.000557,
38c1f44498cde82cb6d8ed6f0b1615d4499262a482696a2baa5388573e4aba39,Emotet,346,236,346,0.000591,
38caf9a17ff3693796f68eb8cdc8ec0fc8bd26984404555b1e8c534d8f31f743,Emotet,339,196,339,0.000585,
38cbfe57d27651d08ebf7df2cae789e571e29d21b7d37244a2a0d4b49f8807c6,Trickbot,82,60,82,0.000144,
391580f03793a700733966fb6646ad0848bdbbf334de0aca899ad0e026b623a4,Emotet,237,145,237,0.000318,
391e5e5edc7e71479878c49f741885f3e319598d7249de9392cb8a580679d3c1,Trickbot,15,10,15,0.000032,
3924880768acba4cd912a1d4d37f4473d7cca10fc0697362db8e83e8ed66286a,Emotet,381,205,381,0.000581,
3931ab29bb9719491cb7b4a2829adac423d145fb2407df812ce07d50f820a975,Trickbot,1275,805,1275,0.002052,286
3934f393625ac2cfa4528d4a0c953b6798fb99b76478c770e05db520008dc545,Trickbot,129,89,129,0.000210,
395be38b63e75368d0b0b219f452269c214e281f698a3ba9c11169b3acd8b65d,Trickbot,17,17,17,0.000032,
39681195dc90a527442e1b771421e02ed0f6a9570fbd1c84240848a8c692d202,Trickbot,25,14,25,0.000039,
397b984f85a23d3bb16f4399d131b5e4d8cd22500e470dd67ba2545d5e25db99,Trickbot,8,8,8,0.000022,
3992e959b882a57bacc051be7524c81c7a22f3d75a4383fb3f0ae1bb36d553d2,Trickbot,107,75,107,0.000149,
399f0feaca798089430bce155993cab0aa3aebdfb9fa1b20e134fe7c4cac5d88,Trickbot,18,18,18,0.000034,
39cddd228d859312addcfef55ab8305045e67160f0ecaffff435f7acb859520f,Emotet,157,134,157,0.000259,
39f575470c14e8cbac62d52abb6ad1ba88c90dc65a77cf2ed13fabc380cc3312,Trickbot,138,95,138,0.000192,
39f75b53e0dd4f711f017203f2454c03f7286a522c96df66ba43a0671e359af3,Trickbot,57,41,57,0.000091,
3a02c307a7bc8f4286eaef599df669b2dd6a39a1ea2fe7f36f89bfc1934706ab,Emotet,36,23,36,0.000055,8
3a1a3e1f908a77f1a6d6ae909e62a2c4c29ccc004a9ed94028e3552c60b14171,Emotet,52,29,52,0.000085,
3a5aac22bcd8c331e486932e9bede4b795b002e4df4736d5efaf411b77907b05,Trickbot,1783,1226,1783,0.002931,
3a5dfeddf2205a4c62fdf104b13b52ad654a35c0e755ce5b65a5216895479201,Emotet,183,138,183,0.000261,
3a62ac614e63398f57044de334353136ac0324a1d2bcab2daa709835757b4fb7,Trickbot,56,48,56,0.000106,
3a751d49df941934ead47e8bae6b9895d59f3d743c48c48ec8afb5c4ade56a89,Trickbot,42,35,42,0.000063,
3a87a46107f8b65c52c0fd331bd677fc296f11da67969bc8bb7f69ee25e64978,Trickbot,1188,750,1188,0.002023,
3a8eb38895ac16419e73fae31cb0f7b7695be52ca6f4c49bf8ab447f80b98e36,Trickbot,100,48,100,0.000134,
3aa4141b7d7f0fab98975ccf83f781e3024b81b92072511d43bc59d3750e68f3,Trickbot,104,56,104,0.000138,
3ab230c878caf159cd37bc662f7ba4ef4d7fcef71cc539ebb697fe40b521bf8b,Emotet,250,180,250,0.000433,
3ab3770fb721c80f4669278e9a469f87011dcb3acc042e1d72d42138090630e9,Trickbot,17,18,17,0.000045,5
3ac13e2cd956aea88c13bcdc969f83f6a6348c251363f0c599bb9e7152467da3,Trickbot,1225,775,1225,0.002264,
3ac3dd43ff70875b4f1e49a37fd8944ad20ce13d8e3356749c1c57c86453b7e9,Trickbot,17,17,17,0.000037,
3ad3f118ed2d7d50c25ad1e0ffa2c54c7f769b68fb5e98013f50bb5b6d2ff1c4,Trickbot,1440,873,1440,0.002355,
3ae7569232536ee20d0311593b181b8e68b1c33042c69843ff13965daf735971,Trickbot,1167,752,1167,0.001850,
3aee72d5f12b96d1fd9dd265b13cea546c574201fcbed6006b26b0324276c6bd,Emotet,266,183,266,0.000383,
3b0aca69fed80053954d223a63689b04a539e5defa76eb364d5a869de8f8f475,Emotet,1078,986,1078,0.001842,
3b23699e900605e259c379e573822baf3dcce57e57629a8c5925c288c7a3fd93,Trickbot,10,10,10,0.000024,
3b29b1bb56ba907369f851e9a22f5f21dc272f9f2d410c0e6759a394722a131c,Trickbot,60,43,60,0.000109,
3b43bd5f55fe0c96c66a30ea97d58f26850127d272b728307eac733344d029b2,Trickbot,17,17,17,0.000034,
3b55a6236cf9df0396e0721319131d6dcd0d505d5f7a24f8e23150920c0c3d70,Trickbot,124,93,124,0.000220,27
3b6d41db6d61e892d64471acaf28511360ab3312aa5c95b023e0f35a62ccf590,Emotet,265,183,265,0.000369,
3b84df99ab9980cfb87380d48f8819bd217eea2553e3e3d2a2942ab35a1688e0,Emotet,225,148,225,0.000318,
3b91fe2918763fc91b421159b47dbfa93481d822403716f302854d7d52dc0976,Trickbot,1245,834,1245,0.002277,
3b9fc6c86f5bac43b2dac20f206fc0e0332291e1dfdf60abba300350d48ec47c,Trickbot,63,46,63,0.000126,
3ba7af3f44bf94b58f48cb1d8f7a368b55f078e0eb8202f1568a80037a9ed7e7,Trickbot,9,9,9,0.000025,
3bab2115d649bb01ab37f83bb216a3b795828e65bfec6979c00aac5bdd60051c,Emotet,166,135,166,0.000277,
3bc8049a56b140068ffcfffbac90176e04430d114dd6631c1fc4382b48d71376,Trickbot,17,17,17,0.000032,
3bcef58398326c5b0565ab7011a5d215fdf68a121c8fcccab499bd2b8113694d,Emotet,221,149,221,0.000297,
3bd13d1998a4f7b71eb5c043e1641ee5ee828493fc201feecf84efe660f36376,Trickbot,60,38,60,0.000112,
3bd631c558591a9bbe111575c6a87d21ea2226b991c6a6040e792f7c62ffd3f7,Trickbot,172,81,172,0.000221,28
3becc1928b06b6419418984ad71034b11bd3f657269ad6de108f6909cf7f31cb,Emotet,1098,1006,1098,0.002176,
3bede3240e827c532b10e27bb47bd03c02eb69380ab38561b305b59dfc8aa439,Emotet,157,130,157,0.000286,
3bfd4b52f1d0e1961306bbc0a24ba79969942b8209cd2ea9b6034ea3a0361350,Emotet,287,193,287,0.000539,
3c0e758ea20395eafe57372dc7c29ade2c9cff9e9f0b8fbbae23b2cd482cef2f,Emotet,317,196,317,0.000465,
3c17ef0d258c21bc09a3debf4a79d380457199ad42ec226003883429e1678bb7,Emotet,191,152,191,0.000307,
3c3aea25ce8074633856a3eedb52a9e59e6858605cc0247d8fa28b61ac3be34b,Emotet,30,17,30,0.000062,
3c540e3455fc36997c0f6fe27ea6a5bb4b8cb9a66ceb4a0e96e498e290d5d71e,Trickbot,17,17,17,0.000045,
3c5e9f5628f9066844d7ed893e78ce1f36cae24ea63a57e72f544aaf2c1b853d,Emotet,193,139,193,0.000289,
3c68c15f0984bda59771e7b5d4ae91dea23f7138083be716716f37aca987ffe8,Emotet,300,227,300,0.000477,
3c757dc8d101d66c7c3424bbfdba05026befe5f2c071edebf23ec74af21f1723,Trickbot,50,39,50,0.000098,11
3c84208413dfbecef7788a4f51a89ed249033b37ab7f21321c1b1364428402fa,Emotet,298,205,298,0.000543,
3ca5b6e38bbc7f6389ca9f53d221bfecd30de177dafbfacb023d4c6d28c87a7b,Emotet,281,190,281,0.000449,
3ca7bc091b472814d92bdbf51306d0805c98a4fe7dd7c1df6e0ba5eb4545b097,Trickbot,1867,1294,1867,0.003385,
3ca82d7eb908ec27601bf66179802e1fd83911f1e74b47a263c70796cbcf346a,Emotet,80,62,80,0.000174,
3cc0932d669b9bdc852315993c87b3e9063c2db045e40dbde679311ede2737a7,Emotet,49,31,49,0.000111,
3ccf9f4a247432c8c2af05197a486d65d3d3ba3e03b5a3900af38ab6cee9f96b,Emotet,152,131,152,0.000377,
3cd11df9e2af44982a94b0831508741271b804195cfe959e0c369d5bef29cf55,Trickbot,1411,965,1411,0.003599,
3cf2e0c8f9148f98be9b74e615f401bd595f9f9151c633d8cd3c00bd02526f83,Emotet,201,135,201,0.000334,
3cf7fe61c438e8a7bcd0474e06771ac11235d7953ca72f41837d836b2e7f58fe,Emotet,337,235,337,0.000501,
3cf95ddbaa11ef061be8a8babd0e97cbca2b6f2db772b28d976578d236fb3512,Trickbot,56,44,56,0.000085,13
3cfe30e5fc6837e87766443e6606cfb1143a5cf2a843b01974eae68ecca55233,Emotet,199,78,199,0.000332,
3d05e809c6eeb4b8f6b619cb7328e4325affd820b15a65a9e19be2f04420834a,Trickbot,8,8,8,0.000021,
3d11c565607fdf8ed2c9202a71bf5c427660ad8a09876b94fbfd9898d2d88b19,Emotet,277,184,277,0.000407,
3d2ecefff0dd1283a663019cf4580b2e89540927c09958a13cfa14026d53f44f,Emotet,1093,978,1093,0.002052,
3d57b2853a4512bf4a23d29743b557d355da3fcec2a7fdab3e11c7c3f9ae80fd,Emotet,53,33,53,0.000077,
3d95491983e0cf082347db240f79b683cc759f9ae9a636d0320f135a1d16aa2a,Emotet,151,132,151,0.000254,
3da17f6030941bcb5d203e1a21d164c7b1e77399178e6d0afcca08c7b8327696,Trickbot,74,61,74,0.000144,
3db33689e1b2ff7c927f0ce4d6d6e38f5499d927ce5b3c421045d566007e6e7d,Trickbot,1487,894,1487,0.002227,
3db625dacaa18ffa02c9cd8e59d21f2938fbc20ec463c63dd9d58211fbb07c80,Emotet,281,192,281,0.000402,
3db65531ae54c0eae1df823c1402896181454a0f13c059952991a6e6722ecb87,Trickbot,74,61,74,0.000109,16
3dc35d36f27ff8335a485cabb56715d750613dcfb1e197367fa298d296e160a8,Emotet,1103,984,1103,0.001972,
3dffc6fbd5f063f2fb4ad1c610d900ad92107f4832889b0fa413da470426a15e,Emotet,19,15,19,0.000039,
3e1023bead7a9eb9bbed6e03cb77e5ffc503a2deee5dfda41caa94aa66dd1d1a,Emotet,60,21,60,0.000084,
3e153c6f93209fd6df12d9efd55cde6c04cfb308b9628d2c5b8db49edf8cb2ad,Emotet,1044,977,1044,0.002002,
3e23e1f44e99b354b4ee52378877452412df9f5201171e97d3e9d31d66c73bd3,Trickbot,1356,832,1356,0.002117,
3e269b0ba5c550cd0636355f2b8da977dac2dc4ad42bcf8b917322006ccf4745,Emotet,110,26,110,0.000143,
3e300489e4f03eff6b0fd74c941ef017a31ac4829ef766021f04fa19ad845451,Emotet,304,192,304,0.000448,
3e3dd5c9a6876f38ad9ece7d5a3dedc3b78368432981f7569d67558a44f1e58d,Emotet,1041,971,1041,0.002077,
3e4f8aee9052d5377f472cafc829d39e258261760eba2c6feb615b129d26b2fa,Trickbot,57,40,57,0.000109,
3e505c45cfeaa9ad2a422ce370524cb5bf1d12d9f8ea5e9f20235e6a3f7e2da7,Trickbot,1923,1302,1923,0.003391,436
3e6760a33230b6788baf453889b22e26286ada98195acc2b1c5cfe9ac889a2e2,Emotet,1070,982,1070,0.001793,
3e69de6f9f109389c99fabebdd3a1c4e4b1d486a46d335d9ca2eae252a91c85c,Trickbot,17,17,17,0.000038,
3e70136aad0136abd3ea16bd61ec274bc8fe165e4f2e21f3a6599bee388a86bc,Emotet,307,191,307,0.000438,
3e75b32d73d9f911bd2e3facc4b26f6fd1ce01555b3506e50e19fd75d4d4c8ca,Emotet,107,68,107,0.000164,
3e7a59870b5d5781f05f7baa19ccec9dbb7f3f871fd61560f67fefd7ebcb9235,Emotet,1347,1018,1347,0.002291,
3e9061159e80955e804f693c93e47439cfc96e5c39bb189ae3ba47237ede9281,Trickbot,45,35,45,0.000078,
3ecaf3b7fb4b7ad7815c609e4cc5799fb22bd2d6b1a1313b8e5ef6bb3f9af100,Emotet,161,135,161,0.000244,
3ecf45291ea7fcaf00a405dd5284e61997001513541973df12d81905bfcdf0cc,Trickbot,17,17,17,0.000032,
3ed1819a2ff8189828b72152bddb398d6f18436fd0eabacf9a2162aed0fdcf2b,Emotet,197,140,197,0.000270,
3ed3759a7759fd6cffc0bddfc01d262f1a8a47b10ee5c4c2192547f7f47683d1,Emotet,300,172,300,0.000450,59
3ee6264984e3aaf31cfa92b4c690a31f6b76cf6a27bcc5c4afc9ae1b03099e86,Trickbot,1902,1225,1902,0.003174,
3f07596ae5a9c1a388cf510db27da3bc071e62b266650011039a9638d8e2f1d8,Emotet,382,242,382,0.000559,
3f15e3ba7ea15b0929694b17e27c87f052ab486683363f1ed2b36bcf60859f5a,Trickbot,42,35,42,0.000087,
3f1f1273590a849a4e9d504c131f2420be18f9f1fd33513208c3d992123a097f,Trickbot,43,36,43,0.000072,
3f41f8804004308677106c37c70cf0650cdb3ac3d784eec5a404e10175552ef8,Trickbot,2671,1801,2671,0.004916,
3f477fbdb2edf13d080797de5e0b7a0ffe3129376a6ff1436a4b43fbc186caf9,Trickbot,82,70,82,0.000141,
3f4d3de77c4a5693ae3056deb66dde02d99a1dfd4527c3068649408fe4e68011,Emotet,324,190,324,0.000502,
3f544249c20ac7fd6ea770c45b82a63750067315c261267a8cc7141a068ea172,Trickbot,32,14,32,0.000046,
3f59c30e30e20ffd8132e13602543929e3ccc456a4ec2a3ffd685df894adf672,Emotet,171,142,171,0.000267,
3f651b525ceaa941c143b2adc3244b3d4b9af299ad09beea345867258dfbf5e7,Trickbot,1214,786,1214,0.001866,274
3f8dc7832025fce4dea33902bccf4d8dfb3f73fbc44aebbde9bb46f65c97d4d2,Trickbot,74,59,74,0.000120,
3f9d6c29995dbc28b91e0d30b63cfb7f7cf42d050949355b0b62293b76327568,Emotet,1088,987,1088,0.001927,
3f9d9eae4609b0f0dd113467d1b5fc3a890a1cb3600f069e65e855516ee7b3b7,Emotet,38,24,38,0.000068,
3f9f5a4af8e94d9b39d9f702083df664b71a30156db8d275ec0637f66ed59fe8,Trickbot,1900,1230,1900,0.003352,
3fa8350282a0ed194f9835d04d0f2e8fdf6e7d5cb7f3e30453922815e510ec56,Trickbot,8,8,8,0.000024,
3fae4499da275ba0b48db97b863512ce8b9ecd09e8a0e0937b22936abcc8f7c4,Emotet,54,27,54,0.000074,
3fafdc98ff06cbab6db1efbb7b6a483a53e0e84f256a3cfb20290c2f627c6462,Emotet,1077,975,1077,0.001895,
3fb5f2f8a747a3d91707f4f901d1bbb28870b8abd5b64515b6825a43b6452aaa,Emotet,292,187,292,0.000400,
3feb77fe769cac407dc4c800da40ed64de5c8796b1cd2f1f25791438e9195b4a,Emotet,181,96,181,0.000280,
3ff777d826642ca300d251039dca96bbd88b73f58acc641d19b3aa7a2a085904,Emotet,327,198,327,0.000470,63
3fff30a09c222236dcbbe2ba82d30222a391b6d6fc5e11660b5e32910990b097,Trickbot,50,43,50,0.000078,
4014832c31b033b086249d4a020556e57e83193616e18235397615bf9346b73a,Trickbot,1922,1296,1922,0.003279,
40166192f3424b5f81b4f230fe1053527f6989a315d01c4f125712e20fd3551a,Emotet,182,143,182,0.000301,
405e4a880914faf6db7c228d073b9d43b64a54362532ba4fa2bfb2c9f77d910c,Trickbot,1295,871,1295,0.002188,
405ffb2d4303ffb437209de4f8a86560248a4e4b40b87a94181312b4b2908745,Trickbot,50,39,50,0.000080,
40663835d81b1a569a0c380d6d3158e6066203827369ba255ee2754782394f7f,Emotet,326,178,326,0.000414,
406b4b2ccd69c3db6047c60befd30b7428c9677ef839024d9e4d3f87178a266f,Emotet,254,181,254,0.000442,
40705487f47ae46ad6a111b99ce8d99b47222771ebe2c5b26827714d17910d65,Trickbot,18,18,18,0.000041,
407795e86fc7c95165fae3c4bbac3df761f7a2964161b958ff852bb26907a460,Trickbot,18,18,18,0.000041,
407961d5119578eeea6af46f4ddb882ed0ebacc54e64728e5b329fc9768e14da,Trickbot,43,36,43,0.000092,10
407a79ffd13961ca6d52c892a34bbc903fc539c53883a3da283df18dc1471c44,Emotet,959,927,959,0.001588,
4090788c4dd77eed0a13999d2cfd7960734c9b1a7555536437a5171e1065daca,Trickbot,1831,1226,1831,0.003195,
40ae0a2e69030bfb780ab963ce256d012b70084f4d862431e0596db02cf58518,Trickbot,40,34,40,0.000067,
40ae2a666f7a87714830facca4f3a174e5ebea39917ae27e652ead383698aa05,Emotet,191,142,191,0.000257,
40c2096498ecab3b0b575b5554de23f91e4de27afe6fe796e7ec5ba2ec1b70b2,Emotet,947,923,947,0.001913,
40d6e5c2bc1b851b81d82aed202cd0007bd26760ef4377a0ec23f733587890b9,Emotet,273,191,273,0.000409,
411c7de97eda38dbfd1cd65cba3fcea3587673d7bbcdeaffc65da9237d55bd28,Trickbot,109,65,109,0.000165,
41211eadd2124022e54acec029c3e2d8d8c35d191955d5805472f201d0c2be04,Emotet,52,30,52,0.000085,
41288dbf364067b66e57cbfafa0644a3e7fa4c226c37f978852c028a44eac81b,Trickbot,83,62,83,0.000134,
41321b3662dda35d2d70d5847205c3f94a7ad48db77487ec572dc7a231c3e820,Trickbot,116,71,116,0.000158,22
4139f899a4b00fa5ee88d8942d80d9abd6da165da81b2b86c842641f35f75ed5,Emotet,375,245,375,0.000541,
414f4893eb9940728b4d914d99a29d94123889d28e4c86735a22cd5b9b2d3366,Trickbot,1846,1206,1846,0.003523,
4168237968a1e9c147dbd980e85a4693a4f30fd3f4f6703ea1826061aa0f639e,Emotet,163,134,163,0.000251,
417850d2a8ed9716c048d7918adb30534f53549498ffa77194c34f2c26738d40,Emotet,195,140,195,0.000361,
41ad241ce81789d1225e05b1fba7284aee28b52c9e6aeac9ec08be906aa3769f,Emotet,387,254,387,0.000753,
41b6047c2edf7edcd565450ef04b92a5aa9b0a29cf35e0b2a3f27538d21559df,Trickbot,15,8,15,0.000034,
41ca6eb7272ea6d3b41cf84c4bb3b03e8c7bc9f418adb8fa6e4d1449647c8b94,Emotet,1077,986,1077,0.001787,
41d5f40d9ecc51b44ad03964d90e605239524e09093af9c6b44f8090e44a0750,Trickbot,110,65,110,0.000148,
41d8904f66f83df2af6d95fc307264a98ed1d35e71d2dfcca668b00f34a02442,Emotet,956,929,956,0.001708,
41e5ee5db623c966e3d060ef3a0bddbe885ad966b45b72d0e8f192160311613d,Trickbot,126,76,126,0.000182,23
41f739ed8e70fbbbe671d39da4b2f308ed62f7866184894301977d2ec5bd31e9,Emotet,112,39,112,0.000152,
41fb911dfe23cf9b208bdb1b09cf688157aedef037d79a5108f2b3b29fea7f92,Trickbot,100,68,100,0.000168,
42121715c2fe604e57c981bee30317cbb1942a2755eaad31f849d126d539eb93,Emotet,1111,987,1111,0.001827,
4214382ae3fba565c5cfa6c86149ed7b188b78830dc142392a554238dd9aaf10,Trickbot,43,36,43,0.000074,
421fd7ac66f33487b713149438988808a973b3ae57d60c80e184b24b9313125c,Trickbot,17,17,17,0.000034,
4228dc8ef68ac0ec671053b375736df6eafedc036ab022b478aecfc340f28986,Trickbot,101,85,101,0.000148,
42350bfd0227b50e3cefc78442ccf4e2348db84db92ee4b3867a13d4c5e9bc80,Emotet,307,187,307,0.000516,
423afeee939459cf6d47cf6101fe58181d35aa48cf822f681ef3106db3ec4185,Trickbot,106,54,106,0.000139,
423c0bec33e41d562e09c86a0d298531d8c74014a48848389b5cf83904b004c3,Emotet,959,928,959,0.001695,
426d1e4f61d86a4ef760af9a1834b6005669e649c5b4dc52bf91734ca1969362,Trickbot,104,65,104,0.000152,20
427dea49e4f88b7121ba0ee9fd004f6c31820f9f08eb21359729c3875a08f991,Emotet,266,189,266,0.000497,
429f0e80cf3d9823585173b672bed3e44bd5ef8df4f30dac17454e96a50c7a27,Emotet,955,926,955,0.001884,
42a1def8b7b6313ff8c63d1defd943e94ba84e71d434a8ba2fe8fe8c48cfa570,Emotet,307,198,307,0.000501,
42af3f0bbaffc7b5216d9a3e53c3f3e73f7f5f9c6e06f3a0245d3ebcda4e69d5,Emotet,1069,983,1069,0.002022,
42ccfeaacc670bb3e48d93990a8b463d5ddd436d63fdedd9836d8efc26581102,Trickbot,100,69,100,0.000158,
42d13659ceba3af638ecbb42e41252db6f33123e476d5e27f9bd2749a75d5b6f,Trickbot,74,61,74,0.000130,
42fa57e597bdeb53ba18de6d5587cadf99924ef2d2769d1f8f13d791f7336077,Emotet,301,191,301,0.000483,
430674a9076714a1afc02aefe9b9185e383774ad3f67d4d3dd5df553acd54088,Emotet,17,17,17,0.000033,
430f01b590c70f2aeb85cc083736b09b4b465b13d8d8d08da2ebfec0f876d952,Emotet,152,132,152,0.000268,
43286de99810a4b401b84a1145318920258bfa9cf67bef890dc1a011fc5c3808,Emotet,215,156,215,0.000360,43
4343a4459487368dfe39c202d97d565bda50d10dc44aec724a911638655b902b,Emotet,301,188,301,0.000494,
435053d451840536d49a682bfedc12d45643a3b16143d5f2528fb8f018326b89,Trickbot,1902,1257,1902,0.003645,
43676149953553fb0f6a624559f2efaeec6586b35fc420c5d60f73cd07f7ff3c,Emotet,51,23,51,0.000081,
436af233e87166a213814b87446d1cc034cee5bebac8b8774656152e8b6d6c76,Emotet,346,240,346,0.000569,
437f8b6bc871cb1c0432d01430b86fef7dd60a7450d00e901b657a10c6570a48,Trickbot,17,17,17,0.000033,
43954b4a0ea5bb372b2aba0a6784f8b596f352b2bbb2d9e7fbab844507dd7680,Trickbot,10,7,10,0.000026,
43b00d373c18b4e6c408d18e38c207533ca45235a44f20a0b79c67c482972b84,Emotet,407,197,407,0.000546,
43b6977564aeb820347e53d62d9e41c0d9b19baa6c8411c8cd4b647933612283,Trickbot,45,35,45,0.000067,
43b868eadbb1468aba4016f4f765c79b47ff0adc1904f6fe741fa4320b4032dd,Emotet,316,198,316,0.000475,
43bcd8c221cbc319ca00af634834479bd0a242129ac2c57244a4bd5d1cb0299e,Trickbot,43,36,43,0.000075,10
43c07c6301fc6cebac339a855e806fb77055af7add98f9ad3d242bc637900f12,Emotet,195,145,195,0.000290,
43c5b0e2db6f5d4be78471cb7783bcd47ec0586494a3be7faef48b2d373c0905,Trickbot,1420,861,1420,0.002548,
43cb0682e5072098827897ce77121ecc004ff22070bc7949c9df45655f005261,Trickbot,111,79,111,0.000202,
43db5a4a149b827caeede4763cde511c6e9dfaf5c0d9b1d2ed1d06d5a714cc9a,Trickbot,99,84,99,0.000215,
43ef00b152c732b21f2a9014c1eaf79dbfe371ef02b131b757b8e8f3539f1b33,Emotet,272,185,272,0.000490,
43f0dfb3a70dc72a7438b8bdb4ba35b11e530738bc40d4509522b9717d8bfd2c,Emotet,200,136,200,0.000381,
43f60d35d2bbb3c90b5662336a9764df9a502ea93b0f632bcf792a9658bde5f1,Emotet,2,3,2,0.000016,
4403c2d20540967179188978e30c12db4cf8225598a99526bf815de30fc80120,Trickbot,1245,789,1245,0.002080,
44125b909136cb9d19362b14faa0ec0a8f3283c93f93a8c0d1854c9c85b88469,Trickbot,137,100,137,0.000200,
441bade31c3669253fe1146e5a2b2686777b434542e9177c3966c47c3cd82fa8,Emotet,425,228,425,0.000571,79
4449024c4f4df595617f1eb34e4aa00e73689e6da9c8b3cf59ecd9635d7195be,Emotet,186,144,186,0.000300,
445ab93d827975b92d35eeab622ffafd1dad453a45065750ae91d7cedebf2bf1,Emotet,152,92,152,0.000275,
445d265830e14b7bf8b00fec37532bb2086a7fc6dcca8428252b001bacf6fc26,Trickbot,58,47,58,0.000088,
445f61c12ac879b849ff19a94f7e46b449bfae83f4130d6d2a5d78d3d02c7002,Emotet,282,190,282,0.000442,
447a57b8ca984ee2d39cfe7e879a2a79bd6382d025f733a7553da87a4b1761c7,Emotet,295,183,295,0.000507,
44a02dfd2ad35cf7e0df1d3f4fbf10068f6513077e8cf0df45c9665e1e94280f,Trickbot,1282,800,1282,0.002021,
44ad16ec0cf082542eefe6d721ebf612c7aadcb66bc90907e914afeca235206d,Trickbot,80,61,80,0.000119,
44d1a1b93c88329329685a990d5c553a0302998c272f9ae454cd0bc3cc81ad14,Trickbot,53,39,53,0.000079,
44d82581284f60fdf534dbfe72a2c10842a21d21fc860391baab1da78b8b35b5,Trickbot,9,9,9,0.000022,
44fcc04abf3811ee7d037eaaa517cbc9783430edaf367d30ec1155b8321fb848,Trickbot,844,747,844,0.001373,223
450aa64e81195966925a140cb8950516b4e12cbbfaa72c027eb9829078fa8cc5,Emotet,157,133,157,0.000235,
451043754f4a7ac675a316709600de056b74fa311910a311e48263a81be14fcf,Trickbot,94,75,94,0.000157,
45188e42a1bae27cf60782196c0aa3cbed44c87aa63eab136aa0f00fe77561e7,Emotet,37,23,37,0.000056,
4527f11bd039d90303e1504146b1008b70b0571b40b79afb25bb8137a96b1062,Trickbot,1901,1220,1901,0.003237,
452bd833e6b2f6c492621809e67f908363b08a3384dc2a42a6c42247fe869261,Emotet,223,147,223,0.000339,
452f4e449c51ba044ff0660cfe4b855a0eebcb250ccc2f011e0697b97d828779,Trickbot,25,19,25,0.000040,
453c62c1fae06d0d8f081f3ad82386b2802f6b7b1dea19f93ac2b5ae1b232222,Emotet,66,36,66,0.000087,
45447125a7986ffa1bd7f5643b84990b74708ee2e6bd6a2204d63ad086e996e4,Emotet,232,134,232,0.000319,
4549deeb97af5d17099ea5e3d81bf6247bcb7479b9b7123492a0c8f07653e413,Emotet,25,19,25,0.000044,
455689defd74d4a3e9fd013567d5ab6e0efdd6c71802133b1784fd4352ca1fcc,Emotet,398,265,398,0.000616,80
4566bc66cf0bc4e1c96680db28e97fe9ae129e63ee64582a017fb0e62b8ea523,Emotet,390,273,390,0.000664,
456ae806536c6d3b11510fbaf8af6483c6de9cdc3ca0d4cf105204e534456b57,Emotet,285,189,285,0.000441,
4577a47ee16155b0c75bfccf38079af00cba694554b12c2fd4a2dc500179af48,Trickbot,43,34,43,0.000090,
458c27f684ccb9df934339ab15cce901bb5b4b16d1090949bec4c79c6b7e2517,Emotet,217,171,217,0.000392,
4594a313078f58a79a6e388b2aa741cc79d2154d1518cc5884a51eb87d90021e,Emotet,96,77,96,0.000155,
4597f5c314db2251826a58cda00d7a3d7fbcdbb10c17cd154dd6907778d55819,Emotet,32,20,32,0.000052,
459b52a5793e38c897e7fe399fd016c9cabc9fa3df19b7594d91460b423c8812,Trickbot,204,88,204,0.000272,
45a525fcf9235c5cac7d8e80d12ddf9174b25a3284c71fe0019300992fee96ef,Trickbot,8,8,8,0.000023,
45bb50814f25f35d6befcc74db2e8bb0bba81acfd7be592cf6e3b6f5e0faa18e,Trickbot,1900,1296,1900,0.003345,
45ccb9e459298d9a7324d8af8d23a6f84f8f2481fd12da69c17fdb524ce622bc,Emotet,230,168,230,0.000380,45
45e1e3a8faa076a5d6ffb2081072debfec90f1f95453de8d53d70a513edcfad0,Trickbot,44,37,44,0.000085,
45e7b385c4b129c3d0ba1fc1e730f32eb654b2b6484722194d2f34263f7013f2,Trickbot,67,47,67,0.000106,
45f81dc1478df035ec8cf693ead89d633682e13e95ecb50089058d1d7a51645c,Trickbot,15,10,15,0.000033,
4603aa1ff9bd94cc847b6b0f87d2e99f6004621a24cb47e2ab04a1e8cea878ac,Trickbot,125,69,125,0.000187,
460db8f68a00f84c379f1b85ad786a6eafab2e4e8a101dde021ce8589e3960ee,Emotet,37,18,37,0.000066,
4611f281592516f7a0ea563f7f81647479ebf81102c62069b2822ff4763aeff7,Trickbot,17,17,17,0.000033,
461486cba45e61020169476d23a0c7f4ace6ba4c2fa1b96f567ccdcc0b770c65,Trickbot,2647,1781,2647,0.005022,
46264c55a018db1a58839edc6dea26093c825084df11f555cf79ff6e18e0e524,Emotet,1088,986,1088,0.001960,
46347ee3e6088c4475df01951afd2673b8410dbbfe8caea76edf5b5e909861da,Trickbot,1911,1237,1911,0.003383,
4648b1d634db0e247c70b8a087f418ba54c2d33caf74e9faa91f3219bce9528b,Trickbot,8,8,8,0.000024,2
4649d77a85bb9488447ab5969bea9c2212a2132885c2b3ab843eae3396c2b3b6,Trickbot,19,18,19,0.000052,
46513eba8b0228b2ca3155b0821371ebd04e4a530c46fb05cc5b75ab92b26d3d,Emotet,372,280,372,0.000670,
46551cf182490ce8d9c8a6801c040ed8d2adf0c1e304f250116b23f536b88d46,Emotet,278,185,278,0.000421,
466180307577b710f3953cb9a8996dbc5c72e906d311b0e85f3c5dcc47b3da83,Trickbot,78,59,78,0.000119,
466c949429192526f47ac94af258ffabc9e20ffbc3e2cc70ea3f4be11256b9de,Emotet,236,154,236,0.000378,
4673d5c062cf6d15d133565a73bce9c0d7f8d9c8b9880543fd6ff5fa717357da,Trickbot,9,9,9,0.000025,
46808114a806dacec162366d36206a5f3e425dfb61cd1d6bf5a1f4c0c5e91363,Emotet,969,931,969,0.001823,
46813ead8f2b33a04198d95b0d6de801949ecbf999c6a0649f5180ca4c4288b5,Emotet,179,146,179,0.000293,
46b9e45908210e30878341f6439e9174f2d0d3aa57dd4724e4ae62b056d0afc4,Emotet,291,188,291,0.000409,
46ca991cc33cf11ffc412eab833d75005c397b7396192dc2347afd1c3cb50314,Trickbot,46,38,46,0.000080,10
46e90f3bb996611ae7a6f1707a0a45dc75b2cedb973fb239340f0a8395efdd45,Emotet,268,185,268,0.000457,
46ef194f3912388c64c485e47bc5446f9d3ff16bf0e3fa6e49291abfb20d9908,Trickbot,84,74,84,0.000130,
46f615472c16fbac8ad2dfe28866716368e4b4e83b395ed88f13d4a2b9023e66,Trickbot,1461,854,1461,0.002774,
4701fd6a57d65d5502f6734f352591db15eded7f934776ca82c9aea6bf26b0e1,Emotet,81,39,81,0.000134,
47117f8165f50cfce4875b399dc8807cfc953da0f98cf8522536e05a6eb07771,Emotet,1050,977,1050,0.001917,
471f33f60460105c2a482b6d30d1c7e85cd7c7cebbb70667e989a062b3b6c353,Trickbot,123,93,123,0.000197,
47232ea2aa411bedad4e10e86e6f51e906df7bbec819d579d8832410e430c94d,Trickbot,8,8,8,0.000019,
472792a65e7a6e6b5f1848b72f0d5179fbe7b45843f549533865583b1aadb485,Emotet,210,138,210,0.000313,
4737c4b7281a5d1832b174f5d83a58e9ab7f825f900ae7fb483b17b5076cfe5c,Trickbot,74,61,74,0.000131,
473ba56b735b4084db59f07923b8afdd2f6bd3c26b73708616d40bc626255d19,Trickbot,8,8,8,0.000021,2
473d57a129dd4b09b786a65b0909c1b766baacc78a9eefed952cb49e90baff16,Emotet,287,196,287,0.000419,
475fc9a775b200494cbb0fb946aee721f84bd6fbee7d47b86bf97002d440db07,Emotet,201,147,201,0.000314,
47613caab33bb9cd4e6d188cf415a7b6d2f7482b375d9ea793f28e3d48511d7a,Trickbot,110,46,110,0.000149,
47705291dc44df573fdaae85ca614b97ab148c49fc6718afaac2ff53274c2fc4,Trickbot,1967,1325,1967,0.003465,
478945e4dc53708906a5251444b9b4d9c1d6351a37c1561f7e2b6544b38b863e,Emotet,344,199,344,0.000538,
478df88049371c64ff45529dd8faebe126e4d286e2ba9ade9b8f831da99bdb42,Trickbot,100,48,100,0.000130,
47ab302b0d22a385d06d9d0ec8e4a0e8e0438668960a32920d1aed7b5b95cc7a,Emotet,315,200,315,0.000473,
47ab5a309c1b1c5e0e5465adf5f7a06958a6f8411b5ab8ead01eb53fd3bebd48,Trickbot,185,90,185,0.000236,
47ad56382b694a4e5d0cb236987a7df1f78a03c0361000f72a9ab325e3ddc1eb,Emotet,268,191,268,0.000454,
47c045b84dd43f5ea2f443534d2d132852fd0181aef498c6f754e47b3eb050db,Trickbot,24,22,24,0.000047,6
47d60db61f5a1ecc527ea76246bd04ec62db8bb236cabce8ed46e22492859873,Emotet,256,187,256,0.000356,
47f9b7f01b4233718e90bcbafa8b5136c283b113189f2f1e9e0f3481ff0bd209,Emotet,979,937,979,0.001791,
47fc286bfcfd1129672f8d50472cf24e336ef96b723f4af31a199eb36288f833,Trickbot,78,60,78,0.000147,
4814c68dc1e145b94e525513e8a4adc1a4a9c3426bd89b35c1661a20c4a034dd,Emotet,168,140,168,0.000244,
482fb2d788f22bbe7a216248ab958979e7926f0b59d21b7a6fefda3636cadafd,Trickbot,16,13,16,0.000034,
483cb8e22a6c896272d1cc8d3c36a0e1097dbc4b6a52323e49988b31082899a9,Trickbot,1432,856,1432,0.002202,
48596c5e635bbe3735e834cbb15e06f5af3ed38ece5ecd0cf27fc7a7f38218fb,Trickbot,1395,861,1395,0.002031,
4861afe8216536dafa2e5e57d655ab8f0756ae86f779363c50c65ec31961d801,Emotet,948,925,948,0.001847,
48829a8d36e1a41a17c3d6a80d1852782791dfa75f2f8a4308b8753ff06a9f12,Emotet,958,930,958,0.001646,
4896c9430c3e10a0712a3a252e6a4113026539b663bded630e1eb86257e6533f,Emotet,158,134,158,0.000227,35
48c2670cd2d73bcbc2685ec876cae819496927e4a1beb5e84e8b277f0afa4d30,Emotet,173,135,173,0.000248,
48d337f331798f6818b9d1225bf95255f2a355ac4f48d39cec288731ecf5dd80,Emotet,189,151,189,0.000378,
48e88816e3770f05efe1567da85c56ba40e61674a327355bf3acb136543c9e83,Trickbot,1899,1271,1899,0.003565,
48ef28ec9f0e106c83aa31d65d0fbcc9145f7b5a9028348005869a4da4ce20be,Trickbot,10,10,10,0.000029,
48fedd8eb8fd95b1c3f3a43fe0ed4ff6e769902b1b7db1f07953455b5ff2c662,Emotet,356,198,356,0.000586,
4907fcd195ce514676ea179629c869f95cd21af7c1a80c90a4cb5d6f01cb132a,Emotet,1088,987,1088,0.001959,
494862a6512cb0ff0a0e8ee327dd19733b970940a4747f84574d5d62bd27704b,Emotet,144,92,144,0.000213,
4949153225a9424460d2a931279fc685ba4bf4c91e2f39861cf425cefca52f14,Trickbot,53,41,53,0.000118,
498399e30e68f32f659b35e9c908e12f7004a1451f44e8fa5ccad9d283f86988,Trickbot,16,15,16,0.000036,
49b536cd62453951c6493ba3ae36ee81ac30c91278a67aa2a9f260d54b171a50,Emotet,201,140,201,0.000323,39
49b568b404521449b3ee94a9e3c9ef6326d45bc3ffbb51f0dcff2eacf0b096cf,Trickbot,3126,1600,3126,0.005352,
49bbd4d6d6e603e7ecd36be9fe33cc6f9b2833ba3d4fc95c0cbea04f325570ad,Trickbot,80,61,80,0.000128,
49bf164605f97a500f5c273fcca7c4360b31a6eebc34561c7f1db932604aad43,Trickbot,1499,906,1499,0.002561,
49c1fa03d00243e737e2bf161e4f2529dfdc18c5fb0655ef649ed6246f20c52a,Trickbot,60,44,60,0.000103,
49d58625bf25c6fa923c2ac75b64c52eff8a72b99ae5409683d145239dd0dbbf,Emotet,199,142,199,0.000324,
49ddef7e327d3c6a5a8d028865ea139b6cf3d606f720b1ceb4a47850676c3d2f,Trickbot,65,55,65,0.000107,
49fb76b8516a6c2837ff4044766d8a07e2d5da490b1d2492bafce5db4f25766a,Trickbot,103,47,103,0.000180,
4a10ea4efcf1732066befd56a9941e3015581f9693d2ca09cb307f150c748334,Trickbot,229,121,229,0.000409,
4a2b2437814089607b287659cca2f9d82d5b7e3b5bd745f0c1c225cffd3dd83b,Emotet,164,138,164,0.000278,
4a4a0b451a08883c491b083d0f6a281f09a4b184aa7b9f24647fb63d0c10f697,Trickbot,555,143,555,0.000703,81
4a4d3e10e8ca429c08b389ce5f44f7a0e64c244969136c91afd33c98caf26298,Trickbot,1207,771,1207,0.002217,
4a4f8ff25bc334a90200d1687e09db2582b4451ea617ab14400849b7a70d881c,Trickbot,1900,1238,1900,0.002996,
4a5bdf328d682efaec55979b3e0723db5bb79775c7c133936c779e3bdc03201d,Trickbot,77,61,77,0.000116,
4a5d056e1c3289dccf58489fb6b5d766e8b3213a60b1f3167eadd653ba5e08a8,Emotet,98,49,98,0.000125,
4a891ba881ccc7df54f57e7c659f0edfd1de141bcc48431ed60f3882513f6550,Emotet,201,140,201,0.000317,
4ab88a424999f942a4ebe7e15a0198c263d3c25a2d1b5776b02b851353887dca,Trickbot,107,47,107,0.000139,
4abd8ab15aff36be4497002adb9a1d433161464ae5c9d0fdbe07e917d2e2fb25,Emotet,207,159,207,0.000328,
4ac5356cdae245b4e670277ba0dfd0ab786cd7bc382d20496a5dbf97fba0e97a,Emotet,71,32,71,0.000094,
4ad7703ff12ab1fd47156e479146b1b64d7f5e1f9674e789357633de130638bc,Trickbot,64,42,64,0.000111,
4af62c00ba7d2f902682519caf4cca3abc4ce03a6d77ad998580c2fbe626bb36,Trickbot,1852,1228,1852,0.003063,417
4afca388d914db3d81ca11901c80be2f424e5de152281166c52189ac1cc266e1,Emotet,341,201,341,0.000568,
4b068e62f1dfdeacfe1906a205aa83c05982b0d52231f834da95d6bc17e61a8e,Trickbot,634,281,634,0.001014,
4b1bd95c9b37f5c2c7ab8d61ad1f3a157479f105eba8af57b4cf1f9249978756,Emotet,283,183,283,0.000484,
4b33f06139484ae932b565ddb3992cf6fe47d718e730b49c04f7519beb5aa6d3,Trickbot,8,8,8,0.000024,
4b363480fb6b23ac0aa6848707273ee3c76470cd194e51e2c945770c57d03cf7,Trickbot,17,17,17,0.000044,
4b596ec030ae02aac9ccdbe24cfe7f541d74b753952c0b2663b935ffbbd25532,Emotet,40,22,40,0.000077,
4b5ee7b40f3db5b3d67e53aa43e1dc7117c14101d8aa7f17f215a8d85791476c,Trickbot,121,92,121,0.000196,
4b6847cb1d8a71acd66ee7672a1737f13b085a550882244580a25eb9f60e3d9f,Emotet,270,185,270,0.000509,
4b68d255c961fb91e0188eee86527c2f6a0a3e5c15dca8e48555a855026f941d,Emotet,502,193,502,0.000650,
4b6e98133ad71a3526edbbd680842bc0c3c69da30e5832ae05ee2da906732d57,Emotet,384,214,384,0.000530,72
4b840a3197e7fb558886ca20e5a65c490971ef0f627fe3a2eb863a64e690c7f9,Emotet,259,182,259,0.000354,
4b954f0953a2384d3d7fea6d0423b395c385c2ad223430c764234b8d3399ee49,Emotet,276,182,276,0.000420,
4b9d005cd8b44809b1beaaeb57232033533af55f642e4fea919cb14af384b37b,Emotet,169,137,169,0.000242,
4ba76fe56bc5bfd39cdc46d99ae61e3160650533e5ed8886128e9d4ff034b565,Emotet,155,133,155,0.000228,
4ba87e81f273b217136b9c17420f2d91e8216e996ed70d02aa9071bfccb3cbd8,Trickbot,1863,1239,1863,0.003336,
4bab55d0393de9a73a4a4d7c55db94c929e66fb55530050477b7a69c33680e4a,Emotet,70,36,70,0.000096,
4bb3013c594beaba84827d6cbaf23476bff34ea4c5c3dee59eca4dee9380337a,Trickbot,1205,767,1205,0.001744,
4bb30fb75ac94f7bc3f72be51057cab1833a63325819fda32be47e112a506440,Emotet,332,184,332,0.000473,
4bb85e3c637bbd7a2880fe1b12392999d54e40b2e173d52ca9f4f71fc721b750,Emotet,39,24,39,0.000074,
4bba34cf275897990d6b1a9453f3d5ceb34dc747f5bdcbbc556d1c3405b5af8a,Emotet,55,41,55,0.000094,12
4bbc55814ecf0878d938071a8c8eb9d1e28d4b54eb4172de60403436590fd2c9,Trickbot,1823,1236,1823,0.003477,
4bc4c44a5a39535428427ce8fe3e5cdfc968a7060ea154aa4500a5046d42b0d5,Trickbot,53,41,53,0.000107,
4bcf777db8cb822030eb812ca85e67d27d0a232ac9a49c1d2ff411856670a121,Trickbot,50,39,50,0.000076,
4bd912492f030e32e21bd33f91e7878b4adcb408d87c67f6ffb75cdc14f1a861,Trickbot,19,18,19,0.000037,
4be950a5a06fb1bf0093fe5c2d04c2434e92ddb8461e1f1fe5310c8705b38cdc,Trickbot,45,37,45,0.000070,
4c17c94090ada10506de5507694ef3114dd0782e684c1277aa3c8370351ff101,Trickbot,99,78,99,0.000156,
4c2a4fa111f715e7d1efec4f3891920648a032fa18632ee25c70ff614bc2c2d2,Emotet,277,185,277,0.000386,
4c33c9f76195efa2259b4a42637fa1a24421b3e22a08d45fa8d3705988b0a735,Emotet,277,184,277,0.000383,
4c35f4b1fdcd8011e51dc6c81ec24920dc257a5ef2a98e282bc75e0cc074c884,Emotet,167,134,167,0.000241,
4c3c7c77dacd9a2233279a2091cb4165d845678e00be085b1c3aba22fafecfb3,Emotet,169,139,169,0.000242,36
4c585db9dbf2f74743cae99b086e97a533b9076d64900528f5584f9e816381a1,Trickbot,28,27,28,0.000055,
4c62f6cdddee78b2ece7fe40ded66f01b7222ad0e43ede2d8207acc4f2fc1acb,Emotet,1080,996,1080,0.001812,
4c68a53b8f4e5e7976859a073c0e885257e33221e93fb374bdf3baeaeeb6fa31,Trickbot,43,36,43,0.000074,
4c6f6b186a4841e2bc7b4ae16dcd6bd5683c7ae912912743bf84ba6ae4da29dc,Trickbot,1135,732,1135,0.002051,
4c7c9b3d4f545a137d614ee20f61e2c9666acd6ed1c8a20411bcd2742cc70b87,Trickbot,74,61,74,0.000140,
4c7df9742f1b5f86f399bfb3244a2ddeb5dbc2c0ebbd70141e5a9d183b3bebc2,Trickbot,1894,1218,1894,0.003344,
4c7f9953c9d4d15866ffbc5b83d3184a13a92fd54d573ea1cd8e9e07079db446,Emotet,72,23,72,0.000106,
4c957072ab097d3474039f432466cd251d1dc7d91559b76d4e5ead4a8bd499d5,Trickbot,176,97,176,0.000250,
4cafce946b8a01c8bbd0af5629640b1302d5ccfa875c2e16eaf0f708f255e6f1,Trickbot,17,17,17,0.000037,
4cb091dae792fb1542b48ddd5b3bbc1fd75c4e1c8f94209e1a177d6e50cfde4f,Trickbot,1956,1274,1956,0.003443,436
4cb173d314e4082852b5c867b14cabe6f8bb119f481bf31111aefd6680ab3176,Emotet,37,16,37,0.000054,
4cb2d01e454d9d6a189b5572aea6c2d2bbb9261ab98381b64fe90c597506ab62,Trickbot,1920,1247,1920,0.003413,
4d02a39b4615ab1aaa95460d784794f3b676bba8f35aa9e1cf8fdf8d0924a3a3,Trickbot,135,78,135,0.000181,
4d0f8d7e403f95dadc65751dd95d9596c1bcfe7307801ff5ec55953757898610,Emotet,1131,981,1131,0.002000,
4d2df66a308ef01bb2b9565335ce34a7bde9472f4c9677beef4c15a4f17642dc,Emotet,67,35,67,0.000096,
4d3c2229ea70cb933e5719774d2c8d73c4df075ec934cf47ce28775229590110,Emotet,350,271,350,0.000582,
4d7e9c04473ce6f550adac834f140a72cd7d2664c2530dee8461374d29d53532,Emotet,168,137,168,0.000299,
4d9672fdee0710707c4faaa832981e2bc356872bfda1ebcdcb1ab6afcfb5f4c0,Trickbot,49,42,49,0.000087,
4db7f761860674bb77bf221d6d01baf6ad9a04001e4e2f6d510cc1e9d37fb99a,Trickbot,80,68,80,0.000135,
4dbc1e56bc3bdbd792a48d0c7db17134d4b4b569a0b42385bbbca80fef490f01,Emotet,976,933,976,0.001877,267
4dbf21bbd3434017ead89b2a04b8107e82273b0dd1e755f1dde2abe33597c31e,Trickbot,15,10,15,0.000033,
4de282a16f5f1f0370650982efdc184ffd37ad2f58c04d54cc1dca3bb9d4d305,Emotet,24,17,24,0.000042,
4de9446704c4127ff79d214337a118023aa2f4ad18fbafe551ee24447f674c97,Emotet,1102,982,1102,0.002330,
4dea8271409628ea74e39c634885f3506a1b5d36a0642cadac5fccb8cb3b1ac6,Trickbot,17,17,17,0.000047,
4df43ca1f1ed151a6c8f33ef72540b9de1f06b8943e05b8a654106eaa9a74eb1,Trickbot,56,44,56,0.000094,
4df4dcfdfe05acd42c7f5cb877310beae5d3bb9075eaa6dc5291a97bebd9baa1,Trickbot,75,59,75,0.000134,
4dfc7eea46e618820e22159475d767dd64c28ed79dc581032105821c7664e955,Trickbot,3583,1957,3583,0.006154,
4dfda2299830ef85daf3b008fffa8502e4dc5b70dd9a3ad59d478722086d01d7,Emotet,1063,985,1063,0.001853,
4e0f4cf2c9e799611928541b387b683264a5dc76e97c15df3b7df9575e99e6b3,Emotet,55,35,55,0.000094,
4e26eaf384a4b3e3b2d163989cabfaa039361cbd4b2e4d54ba4090168992cfc1,Trickbot,77,60,77,0.000142,16
4e28749f89739d25744c72be7e80f03781d23e057716b6fc291c35fccee24e5d,Emotet,331,184,331,0.000546,
4e30b0196e7fc8dd5e182d6362e6f8a5d807932924602d290bb7f75014076ccb,Trickbot,77,67,77,0.000131,
4e32e0413a2ff2c987f4cc05a733346c3dfa8621d8ef018ba94643b1a6efbdd7,Emotet,210,147,210,0.000331,
4e365dcce9de1fe8f6aaa5671cbe2c9f978663bc1f2168d730ee27083d3795e1,Emotet,960,931,960,0.001608,
4e3cdb871967ab884d4b5937f8c0b75b478e2c878c592d2aed147185d09ee15d,Emotet,1013,960,1013,0.001860,
4e3ed62e3e3211c0a4efbbb0171b2446cd375730e84c4a4f47efc97456c5ec27,Trickbot,83,62,83,0.000164,
4e5345ced998e5578766bc9375a251ae0f9a92cc09f784be43f0bb9e4dead6f4,Trickbot,9,9,9,0.000021,
4e6b8e5e997673fbf950ef060b85895f5ae8018eec71385522bc44607160048b,Emotet,200,139,200,0.000285,
4e705da7e8966254a9aa865e07738b99c7cef0643b0a4fbeacd52a7368dbc1d4,Trickbot,8,8,8,0.000024,
4e72a5f77784b031f732fd1edc37d7b42084cc778f92b1058a118e27e4dd604d,Emotet,316,210,316,0.000492,64
4e74d5e11d8a3f0fc477386ad3970b38616495c7337b9ef4fb5856d1b4479380,Trickbot,8,8,8,0.000020,
4e790d4c2bced765e329c85a0b1db29303b2358b01772779792bf67405abfa0e,Emotet,1067,981,1067,0.001983,
4e8ab88be2b728982d9b06ee2e3fc950974cd832f4b060977e6954bb0294e679,Emotet,1038,973,1038,0.001880,
4e8f21df7de48cde0295c8190e83ced2283756924fc792f27794278d64815065,Emotet,38,25,38,0.000066,
4e9a82dfa6162528e576b36551313540f52394cc82f276684f85cf34182aee2b,Trickbot,1196,766,1196,0.001799,
4ec1ad3c19992f329bc92469697f92b368d76ce48f0dc7a18da25045cdeb1025,Emotet,172,139,172,0.000241,
4ec3df22a3b9641bc0ade0f62682da8af87b4463aa09d124edd10f2ae4f95be1,Trickbot,228,131,228,0.000353,
4ed1c16332d82a62caaeaadcae3a69ed360d60e8ceafdc780865a68913a58b97,Trickbot,1929,1281,1929,0.003286,
4ede7bef700e981a1833d03e1a7f14b1ba7f85977e805cabd3bb48bfba97dcae,Emotet,55,27,55,0.000081,
4f0268026bdf1b6e34dda89daf56f1506168de8d514fd926e79401ce9cfc18a8,Trickbot,85,65,85,0.000133,18
4f0e15ef963334fd112ccf2f24702e0eaa71a002da81d5663e5c8ec59d18d6a5,Emotet,158,133,158,0.000259,
4f132bf766015e855db010397e84f19ccf0a1824b0485ca81aed81bf1a93b06f,Trickbot,3634,1990,3634,0.006075,
4f1485fe40ad2c4b2dbac87e895550baa915f10d56b5319d24377cb8b3fe4520,Emotet,287,192,287,0.000448,
4f1d8d235107a8be11b0a05fc02e7de384f3a12d3db8a2ed67095be24f2b33bd,Trickbot,1214,791,1214,0.001991,
4f4e0dd68f80f81a9a218d28dc896c90ff06096d770e1e9c36ad16f3e4ed3772,Emotet,272,185,272,0.000468,
4f4e5cc12f3424b79c2a8f488703e426fd2c09967ae9df31a27f0696aa81aed4,Emotet,285,188,285,0.000427,
4f6987d1c2371fac7d33fda4d62740b552732006d9828c53ae1d75c913ecbf67,Trickbot,65,42,65,0.000112,
4f6bf4a8a34d65a38f1f73b2e83cf9020e34ce745a5e5322474a1157afc3fb78,Emotet,188,147,188,0.000267,
4f6e46d64c479baa3c9d66c1b87ff3b272f1bec299a0b741c117a66df914f535,Emotet,194,147,194,0.000275,
4f76e48778c0f46e36edab97446d6b8d6ad794a8443c3cc9201b8bdbb431f871,Emotet,181,143,181,0.000308,38
4f775d983e96bbede94d8805fe4113a9d24e5475cac0860f0691fa9f9920176c,Emotet,949,923,949,0.002524,
4f86de0fb3104fc066fd881aa10d4d2b780033109c99ab5218356be0d8e59bb7,Emotet,295,199,295,0.000668,
4f8b1a05faa6e9c673a2f3232ae393d88e4c81d2fd421afa7769d1006a1d9136,Emotet,214,147,214,0.000509,
4f8f2f52c8b84b93e32594edde7876f6a2437071d63187d0a3cc2f6a46b8e13c,Emotet,1097,995,1097,0.002471,
4f91f8c1472c0e9a5cb77cc94a36a9e67c30a30dbf3e6ea9f16d059d7eb61371,Trickbot,1980,1276,1980,0.003810,
4f9eb9ef4ef021679de344f227bc6e162f1e5bcc6950d63ee870718380c58016,Trickbot,1170,766,1170,0.002058,
4fac13173ada1e96e17a0d53076adc66b9bb41048ce4e56f59500adc5cb85fec,Emotet,176,141,176,0.000263,
4fb9c29ce2f55d719ce3f40b274f10d137344336a2df614c3da72d103ade5927,Emotet,263,144,263,0.000340,
4fd2be70cf1e3e802620a8f5c4e631fa07aa401fe7165c398fe47ea74657e4ea,Trickbot,187,149,187,0.000390,
4fd8fb566e841aaffd322c8bb1bec93ad19b898939f7999a8b4159067a828337,Emotet,268,184,268,0.000511,54
4fde502c4b31a55444be42c88210998cedcebb0fc8b8c271e864a05e052201d6,Emotet,19,12,19,0.000041,
4fe8587a403c8a26696b54236c2ce03b8bde8c9b6e04ec6b1436d0feea72498d,Trickbot,1366,834,1366,0.002221,
4ff91891c4dce6dc65c71dce61ecc3602124b4cf46580424561ad5203a2d2b8e,Trickbot,74,61,74,0.000125,
5062226a62f057c4061da669e482104ab9a2f230973e80e417831d51dfbba7f7,Emotet,1079,993,1079,0.001900,
50767b83073d2879960b93c2f4ff807e2f06c72c180ec7450828facfedce6abd,Trickbot,9,9,9,0.000025,
5098a9a51212cbc9832ac3f0eb31726e2d0a2dbff1452d4cb4aa07caf7f44a78,Emotet,966,936,966,0.001862,
50993791412a47887be8cff1458385bd83534b5791fbe173e1e636113ff5c1d0,Emotet,968,924,968,0.001776,
509f403cbbf43f5dedd59d122f08cc38bcd65f9be0cb6cc5e77674e6d120a380,Trickbot,15,10,15,0.000028,
50a43a38a395bd068ca64c39dcbc8ffd492dca25c481a430c416fb5bb46d63a4,Trickbot,2748,1878,2748,0.004798,
50acb8deb5b0bb04144969b0f47c125de87f56b92016a21e60c1a4b4ee000934,Emotet,1054,974,1054,0.001753,283
50af8bfc3818eb93ad822e6014953125ed652981bd2aba0deb8a67e8d27b1ef8,Trickbot,17,17,17,0.000041,
50b5035e609f5e4a77719687466af2ad323a4c64654d41e407782910937e675c,Emotet,396,224,396,0.000633,
50ba6376d1766d64d0854d951c7aabe172a3c7c2f1a76cb0ae3e4adc00eb8d93,Trickbot,90,76,90,0.000182,
50bae7fcf223d159e14d18b22aae89007ff81342fc6e5652279383f7c2e661e6,Trickbot,132,63,132,0.000198,
50bca38f7b6a81506067099c1edaccab601dabca8cf28c26bf63fa04296bd6e8,Trickbot,8,8,8,0.000019,
50c8e9c62a1b9d60d5cac752f2cb7123a08195d1549d9937ecd3eefc71ccabc8,Trickbot,104,61,104,0.000141,
50cef0777578dbdce7cce3469e1a35adcc6f28edd348127cc5ebb66304930add,Trickbot,75,37,75,0.000094,
50f898f9d5c331351921c0bb80bec94089533ec6d378dfba1702fdb80413d515,Trickbot,95,47,95,0.000127,
50fb7ad878e6741332576609eda2c8f653f3f1dffe759ea458f838a8a0e2fc80,Emotet,51,33,51,0.000071,
5105a4f09a030f77b1f6ef8efbf7ec9b7c9a0b816c0e94425f8fce4e5820f189,Trickbot,53,39,53,0.000081,11
512205f91247c8cd2df745eec386b78cf2aa1c6beb8525024f24f04a2c693772,Emotet,970,930,970,0.001773,
512ea72ebcc1d8cb78c8a1eeae161b83d57d29583827950e705b8afee84af3a8,Trickbot,1035,760,1035,0.001836,
513ee76de9650496d8896d83671f9483d0f11d7158117fcda20097f2fe93c14c,Trickbot,119,89,119,0.000201,
5153b67c9344dadd013f08b1aeea73b8adeb5734ebfec0a2b5331d8788566319,Emotet,299,195,299,0.000440,
515ddc19dd78c1eec4265119115b54ab0bbf873cf1fc2592cfe01ab6eab3ce35,Emotet,954,924,954,0.001865,
517e5e1554e80041cd832a65c2010f18bd7b1b1dd61186b6a22f1daa5ed4077e,Emotet,168,142,168,0.000295,
519d45693706979ff12b5825a6041d9ca43df519855164668dd3e04b32351846,Emotet,270,184,270,0.000396,
51c2b3466a9bfde867877ac61f13b5e1628dbc40f9f9d93f4f17ecf138495456,Emotet,175,96,175,0.000230,
51f49d3aed2e6379d01b1e3c8b3c2b31928761f5c15089d3137e85a80cc128c7,Emotet,188,138,188,0.000257,
51fb8f0a8496b4987cd39c1e44cc4488ec2831b69c6f92081d6336cffe73189d,Trickbot,18,18,18,0.000034,5
5202091ac3e9478d978169b4aff458e6dbae58e8a04d9cf6df0f6e0f5b3e7d9a,Emotet,154,134,154,0.000263,
521694b03bd48e9eca02db31cc7565ad3863bdd07ad4c099aabce260f91cc8ad,Trickbot,24,18,24,0.000046,
5223c2cadfb64c1f72d6fd8823d7f7c5c1af1198bf227fd8eed3e04fa6ba9b3b,Trickbot,169,73,169,0.000207,
5228d19908a7eb8c2bf663422b7d02aa52544448bad53720bee4fefc58608375,Emotet,204,139,204,0.000331,
52291d19ebd43390bac8163e112986ee0f03ec98aba7cfcc430fea9900dd6165,Emotet,57,29,57,0.000085,
52334b3694542598dc491f112c1c86f2ccfbfd86a8bd4b9a8b66c9347e98f11d,Emotet,162,137,162,0.000259,
52414b2187bbcb10b287d7e158b14e5bda39865341ac975c3f41d3e3cf0fbaa4,Emotet,264,181,264,0.000490,
52734e7cb98c81e7d6505256f97aab768138a526ad11c4f0311786c825537535,Emotet,247,181,247,0.000391,
52846c6ba192a0bb54cfec5c567d41fcadde980b45a3adac55ad87a5c40d4771,Emotet,330,221,330,0.000469,
5286609e19bb04741a8bb8b0ee64a9b665172182b0ddbf279ea57e4a282767b2,Trickbot,1851,1276,1851,0.003277,425
52871193f912204be3b3045e4c18baac6483c87e3d1c5c4b7ba8f8db9bb332b9,Emotet,182,144,182,0.000324,
52bb6bb805a4e31931aa6cfef25105afba4df3c63a5a0e4db380861cd814cb96,Trickbot,161,78,161,0.000214,
52f837b9d7d8de0fa58a11ec56ecbc6a4aca7a10b1077df62b312c76a670b828,Trickbot,101,85,101,0.000149,
5306354529a4b602d2e7be42f3c4ce24c9271682f1fee0fa15f225d5d1dbdbc9,Emotet,425,215,425,0.000562,
53187d40d312689defdb6ba3edbd0912d86f38cc199a5970e7d9427673f2b28d,Trickbot,43,36,43,0.000075,
533ea01c63bb497880c4794161bfa94e0146a97617f26703fe0962365470b6cd,Trickbot,1881,1237,1881,0.003428,
53434ea6aae3ec9e61c63aa74124b911f440c82f8b51f9d978a81a1c66e49175,Emotet,281,190,281,0.000390,
53540fe27d0140277817768327ca46980048a7d4f74f4ebcd384f1915a53266a,Trickbot,98,50,98,0.000155,
5366084150213725fa605bd89e1aad4ffbbd8413b8ec7af9e68ac42ec801c779,Emotet,959,929,959,0.001853,
538648a6ca2c41058099d5e1f78ba16293afe463be5be5d9b508e36a4304d549,Trickbot,9,9,9,0.000029,3
53920360f7a0564eea252e9e06a08a1f1bf3cd662967a8969e600bbe57db59d8,Trickbot,17,17,17,0.000031,
53a65d9c437344db7b805496c484ca3a6a557d8ba600f06f06df60d43226485c,Emotet,976,930,976,0.002029,
53ab6b97a47475989ea85cfec267d7259a7b3f58b4f208044cffe132625dcc66,Emotet,121,68,121,0.000189,
53bbc9de1428f5c7007de86e6ff65fc8bbb9c9f384087d10f3b4b23157c690e7,Emotet,159,131,159,0.000251,
5404a0f969b169e57f6058e9939872ad85ff7a458ff602a00f910b7a19ce1b2c,Emotet,370,239,370,0.000519,
542220def2e16071ca30b2ac3f5377dce401166a6e889880ac1526b1d7b018ce,Emotet,55,34,55,0.000089,
542e76a1b64e019ba35afa4f773eb3a3e9bf4c4cbe5ada1e45532787d2665705,Trickbot,3569,1928,3569,0.006119,
543fcdd6bcda895e40cfd3cafa684673f9539c326ab6377ebf086951b4add02e,Emotet,3,4,3,0.000017,
54445ebcb21de2c2028a4ac41ef5fe5b133110837166cf0ff277375d347845df,Trickbot,30,10,30,0.000048,
5445f1f9bcdead30af3a38d20deb710e259847a46c1f671c6a57d9904730794a,Emotet,75,39,75,0.000114,13
5456471b260e664e9485d2cb8321d8e3b3033f700a5bdaafc94e4ba8046fb87d,Emotet,1135,996,1135,0.001925,
546c604339d0285a8ef648f0e539d0c678fd78cb3b58a3f025010e17fd6dbf63,Emotet,331,171,331,0.000429,
5471d6fc3b3856f12294064feb63a49fef2b6bc75160872c20bf8730fb15c871,Trickbot,51,40,51,0.000076,
5481363d22912e1387d26ad78e7cfc728fd8869ea82c4c3d2410adcaa1353fa2,Emotet,959,931,959,0.001663,
54a409134b6f873f2bdd4b6681e84f3278019dc7ab9ce34c2604bc3a3ca4d7c9,Trickbot,17,17,17,0.000033,
54b0b425f442c94541188dff4242e61ca72af890bdd84af53f584c6647bfaf2b,Trickbot,1832,1214,1832,0.003285,
54b5873aef008d4b738bfbe4d674d4f08126e2f72fa3337841a982fa98ff8d08,Trickbot,76,66,76,0.000141,
54bbb7451a5d373c60a5f80e86ef31c339810ab407e7b5e49f3aacae15a3a294,Emotet,262,191,262,0.000448,
54bbcd081fe3a17cf478a2bb5e3851191bd945b00d0c51286bfa17a6ec237f72,Trickbot,1415,853,1415,0.002438,
54d28827df9bf5f7c3b8dc218e8aada9c7ad91d0dbfdca207ebc4a6ce25427e7,Trickbot,8,8,8,0.000019,2
54d9ccab77d17ead481ba581307ac6909ef1f5c71ced10c7911d43ebd3f8e907,Trickbot,8,8,8,0.000025,
54e19fcc00137b1b1cea9aa1fdb50b47e945c3a453f33ba211588083ac8a2e05,Emotet,38,24,38,0.000056,
54e57cd4ab07c6c1e3976be02198e46e48d51e47de05dd24067cc76c9f852864,Trickbot,80,68,80,0.000121,
54f777164cf1f995bdbf5b042364d9c88a206b1cc7b121d6cc4548d76a3e57c5,Trickbot,143,79,143,0.000207,
551d38e60d85c49c8b70d742efa2b134b7d11497896207e38b97078428477e48,Emotet,1078,975,1078,0.001945,
5527dd53981a78e459c5c581e4b4418c29573b7c3f2805b9e0cc220195426284,Emotet,325,198,325,0.000530,
552b599dccc14c2b49022ce97c111550de655490e1d6a4751b4b34a9d7fccc9b,Emotet,166,95,166,0.000278,
55591969d25e5cf1a4a9a522fc7b4aaa7f0cdd4c316a9bc4769a8adb7ac3ff86,Emotet,249,179,249,0.000397,
55646d034c47ddec8b91c0e0fc20d8a84e179f322ddcc947efd9d843700ae28b,Emotet,296,185,296,0.000433,
556aa6b77f53268233a517a67f428ed92d10ae077a57831ededdcce16c4a798f,Emotet,275,190,275,0.000373,56
55805ce5fb76da618bdabac972c59390d15b872e9a401a0dd4e2b3f1b61bc458,Emotet,1053,975,1053,0.002122,
5587446662aad79be264e07dccf52e5c975efa0a1b3b0325ac2952bce70bb32d,Emotet,955,928,955,0.001826,
55a3258c1a2be0d5cc4925eca482237206c28c2b375f2d7727d4e1b9c020caae,Emotet,175,138,175,0.000278,
55bb6055e19e6bd893317896c5ce027063851cadead8d92837fe29f2e4326842,Trickbot,103,72,103,0.000165,
55c2b6c891118b74f4fbc47c5d4a7955d273daaca591519373d151e604eb6380,Emotet,317,198,317,0.000495,
55d0d7314e9abe3eb6c5f21caaf3c9b4ba42f1564e9b034180762534e19ff6d7,Emotet,284,190,284,0.000453,
55d832505908435a6d9feaaa6e670f3a4b0b75fa978da44eaf4ac7b5a80feb7b,Trickbot,77,67,77,0.000133,
55da1982672f25293f4cea174988a42ed35550ccef58e65b09f19e8141e6ec54,Trickbot,123,60,123,0.000189,
55e2f4d1777cba7fd891f4a4a4bd73d3df49311650307f352411d001cbcc9bd1,Trickbot,1261,790,1261,0.002271,
55f224e14cdf8f221717752d2ff352317ce6de4b9b705c57b5492edf7eb42721,Trickbot,62,50,62,0.000118,14
5603debf8a367c190f75ca50ad0dc02e80dc673a752e64da78d54b1a51c9d4ce,Trickbot,1440,854,1440,0.002664,
560f1c4e8c71d4360a510d01a179ee4362572fb7c2366f1d1e36b0f9dbf168d6,Emotet,976,932,976,0.001792,
561d502d371ce9b696c71ade4150e5a51b77fb8f1f4cd0760e3fa817bc89cd18,Emotet,35,23,35,0.000061,
56229df816c3172dcea8e7257b506c1e4928713f972e311ca0b15f6cca9e6310,Emotet,151,131,151,0.000229,
563024de6816761773a8439482453b45939eb8d14e428c56174aec37de10e844,Emotet,225,150,225,0.000330,
567f6d68271a47bf475b422808984541898705ae3823809a00ce7c4160150d98,Trickbot,8,8,8,0.000022,
569b41519197054471cc454b7b8a305872d8b0c70545d78ef2b4ee14e98707e8,Emotet,160,131,160,0.000317,
56adf9a2edb167774e8ee3245b8b84aa6929ba324a96dc715c9c3cc7f5b08b1b,Emotet,286,197,286,0.000474,
56b6d9b842f5c400f3dc291013fac2a5d45010a8758773d0e6bfa6b0ad447990,Emotet,216,145,216,0.000292,
56df55b40ec5e453e766c470c5817f96394b1a741bda3fa0919c105d9560933e,Emotet,1017,946,1017,0.002242,274
56e06b71b26c9cc2bc540e12f91fbd0386424eeda9511e519e6309e37534f427,Trickbot,50,38,50,0.000081,
56f1d123caff3092586107db5ff00259ae5bcd4442d1669fd04284d7c9611c98,Emotet,41,23,41,0.000067,
56ff0a64ebd483a5774dcfac73620bbd7389033b1706b7e95a4d2826bc448b93,Trickbot,218,127,218,0.000295,
570ba740cf2323dbc473425d3055714f015457d9ef5ebe7fd5deadcd32325c67,Trickbot,9,9,9,0.000025,
5720b1a89c3f5066da0326e5a6b1cb2305dbaf96460fe827394670e7fa3ee8f6,Emotet,142,114,142,0.000222,
57392801d1b8e2cee7944c8b13329e5ddb56130dd947b7b14d8e0133e856c656,Trickbot,9,9,9,0.000023,
5744f89569706b092f3c84da42f2409318ce77b01b7173c722dd00d1c65f4864,Trickbot,1212,779,1212,0.001957,
574a7440bcd8f64ce32bd45465c063959877cd52819b26c7a5008d6dda9b4ee6,Trickbot,2206,1227,2206,0.003773,
5752411bfaf536ed0cbbfec8d49ed3e0fde6658e74cf9a2fd352fe267679e4e9,Emotet,177,147,177,0.000256,
5757c333c314f5b8f83ffa04afca469c353feb9bb5a70ab93dfb76de4c4e3a4a,Trickbot,82,60,82,0.000140,17
576352d72a627ae9cffc50abd3ca9930e92ec823724b4b5186a1dbd2df1d48a2,Trickbot,110,77,110,0.000153,
5789dc19ecf21dcd96a72497ec9a384d52dd010b4cb9cee04c0c2062ac09fa66,Emotet,184,142,184,0.000301,
578cec55df1292f9d0df1248ef9b786a69e2fdb54a91ed4083b1c3dbef4dc45d,Emotet,273,187,273,0.000451,
5794d351e3975e580513daae8cf8b03fb8828750da682a6aae4e41e00ebb2afb,Trickbot,91,68,91,0.000159,
57b6e9d44670f21b5e89be0c4b109c3e4565a1f8025242f96230cc258ff1b701,Emotet,1091,979,1091,0.002073,
57cc405a54ab8593191c8ced14357e83a7afac684088789b45566d605c14daac,Emotet,178,140,178,0.000291,
57db066e2e6a76589ea4b0f180348cb4edb6d5730b09e8868cd51fd2b7d2c730,Trickbot,117,67,117,0.000215,
57e0ffe503ade075b66bbe4b0a94daee34ea47cc50600bdbdd4fd4f3fafd5b25,Emotet,340,188,340,0.000556,
57e92956452f103139ea6b5c361bfbb6d5685c4fe1bde91f974cca57022b56e9,Emotet,284,195,284,0.000445,
57fbd896d702c4b775bacd9aa8462beff18811da477780ed225cb8b35d7d8f6f,Emotet,312,229,312,0.000523,65
58108fffe06a0d6c3dab7b00afc8ccdf19789540467779203168b5694dfab82a,Trickbot,1920,1264,1920,0.003481,
58360b19165eff7cfa940dd91dc646008b1af5ea3d5cc1957376df7035774f7c,Trickbot,83,62,83,0.000137,
583d4a1194dd4be0e0b9220c10f1242a7f3b25c47c712d2491b3e85b9b1b511d,Emotet,338,232,338,0.000602,
58434c9b7a12722ed962059dba7364665a3e2ff34f52a85bf6de9c4880993ad2,Emotet,1325,1024,1325,0.002395,
585c42328bd8dd38d5b0f2188ad9354f4915a1fd77d92449fd7eed02f13c4945,Emotet,167,135,167,0.000278,
5861521c9cece6ecf459e1edef3699291a9542b9b45ac5fde05adf1702ffd675,Trickbot,1279,840,1279,0.002277,
5870b8085afcf093a83add8e93cb632783f0b25eb443c51475b57ca2ff90e1a4,Emotet,303,197,303,0.000476,
587eb937aa4ad0cba74456638416a452aad6ba70f885cba0fe6f0a7419c3619f,Emotet,48,30,48,0.000079,
5883c80e963edc470477cd7e288bc6f4d2070cabec84e1ca3c1f1654aa3295dd,Emotet,149,132,149,0.000254,
58a59cec03e9985f8ebb3747f14c902f46f405d7bd24664dd4d79941f995451d,Emotet,283,193,283,0.000405,57
58b79d33b74c483fcfa9f05f60c21a2a29e201572cf7889f1462309d9257c132,Trickbot,82,60,82,0.000154,
58d48d4453cb8f28f7881403b4ecd562d354cbcfdb5fd71ef3398134b88cfce1,Emotet,59,33,59,0.000095,
58d55db2d29b713f60b362d798d84688d844d3b520255bf1bcca97b033909464,Emotet,1068,983,1068,0.001829,
58e91aa23900a8d4fc2fc320cd88095b9e45906e12b36c527ae50fb913dd3100,Emotet,1133,996,1133,0.002350,
590dd3faa2880c9a92f1d2c3760a77bb01a1fd444485f3b5632501a2ae845533,Emotet,38,24,38,0.000076,
591383c9fc040133425ad5cb4a4a4a9f14bc777543be8cf2b4c8f9cd230b615d,Emotet,949,927,949,0.001948,
5920e08e71ecbcb8dc8cf625ee89162b5a668a811aeef273d683a975d67554ce,Emotet,299,192,299,0.000436,
592261e875f680ba290b5ee2c29537af3154d15ba854f3ae8d8412b30797e222,Trickbot,117,68,117,0.000159,
593438b259293d8a6976ad4de7a0242effef2aa6813c4132df8c19f471c47996,Emotet,186,142,186,0.000262,
59398bf7f7542deeec41163acf62b02d061eb6e74366b8867548cf5bd0674dc3,Trickbot,79,69,79,0.000144,18
593cdb3ba3206c38c5e4509137299d8a281601c6f1e7d26da51c605b1e2aed9c,Trickbot,183,89,183,0.000246,
594866dc24d807020f09b93ecf1c38438ea50bad1c21a1108a34317a42a7b40f,Emotet,23,20,23,0.000046,
595325f6ae5d361063f54edb0af07af9db686e511751f8fb9cae9861c6ad32a2,Trickbot,62,50,62,0.000117,
5954d678aee34918bcfcda9dd2657c897188fe17ff24acad9cefe5eaf2129993,Emotet,1180,1005,1180,0.002151,
595597099ca8aa6a98cbb152410b9629c9de91ff087b4e794f7110ad183a26a9,Trickbot,18,18,18,0.000038,
595d12e2674f685e16a08eda6799e5cd87aa7911c41a4a41835f68fc46d9fec9,Trickbot,8,8,8,0.000019,
59896ae5f3edcb999243c7bfdc0b17eb7fe28f3a66259d797386ea470c010040,Trickbot,1217,773,1217,0.002007,
5989d15d66c0a7bc7eb0e36a8d4525595b990b904f8d8e793c2378605f9eacad,Emotet,362,187,362,0.000533,
598ad57830c6206b9ee6f2bd06dfbc313e5f8d2ca1bef97bd1b9ed67cbc53987,Emotet,185,142,185,0.000275,
598b372d55c6f03cf964d9fa98da92c1a65d696facfc6ac7f0588abdf3909bd1,Trickbot,83,60,83,0.000150,17
5997f6d53ccd851531c546fa2104185e6af9202797e2a7c1d98497a0dad3ea90,Trickbot,8,8,8,0.000018,
59a19cac30d29c4930fff49d011ac417e977d0305866962bde1b7625b4a22722,Trickbot,98,84,98,0.000142,
59a436f251850ed1cfb9bfca9985040c1c06ea56e74d0c94047a378d2472752b,Trickbot,1965,1331,1965,0.003308,
59bb52728408d0732dc1dab8ae056e1d5cfbdc10194f8114e20e727b8b1f2bc4,Emotet,36,23,36,0.000060,
59cce704c6db7a32613d2f0900c6c33de6b3391df7b841eebf636754fa1f5a07,Emotet,1061,980,1061,0.002042,
59d386fe0c188677232991306ce7b33eed81cb2870454bee0fc6060e7106a85b,Trickbot,1814,1240,1814,0.002968,
59db6bfe06ffc9d3126d91224c168e821ae63e9a114e89f87b1dceed61764864,Trickbot,1260,243,1260,0.001827,
59dc7cc1333ac467c3267624808235ca9109750d45903cb7eccec2e51350fff2,Emotet,259,191,259,0.000431,
59f1584a186449fdda9265294020dfb40bb4321b60b353855604d9c2af775ed3,Trickbot,1907,1237,1907,0.003687,
5a239181b7ea53b229af3b140db9aa76afaf912c09d691cebcb02fffbc4d5bd0,Emotet,188,145,188,0.000279,39
5a420e6cfbb43fc701ef30dd0f3217fef82a09c234fa6c224b11ed76e329c8ea,Trickbot,187,90,187,0.000273,
5a52b7aef1c935948e1b3109dac99c378a1c22fb42e28686a7754971616e932b,Trickbot,44,37,44,0.000070,
5a566563b2dab3d9d8d8d30bdc7e6d0f7a4a4eac27ae468e8b7dfe8a8f42dba6,Trickbot,9746,7,9746,0.012365,
5a638b0b0a139294016688266e025cd00a34833af7c21e13af8ca38fe771c149,Trickbot,1913,1245,1913,0.003263,
5a658b037139962868ced022bbdca838b4ee9e3a6ef922b91be3faa1fe34cdda,Emotet,73,40,73,0.000104,
5aa2d3f47c68e5fe03851b56352ecb15e8df3d81c3d94607fe6d5444b269abd9,Trickbot,77,62,77,0.000115,
5ab4c1cd8614e7e5af0a3f688050407864f208efd83f596d99e3bdb208b9756a,Trickbot,9,9,9,0.000028,
5ab59b65f0ce0880d7948192dc99890e0e3cc5ea8e5efb759ee0a6a5cdcc6dbe,Trickbot,7,8,7,0.000019,
5ac9a64ea7d4a2c56c000113ceb538821e68b818e1cdce56da979af8ee8d0529,Trickbot,56,44,56,0.000083,
5ad1e05fa57c9ce6c5945521595dcd69cd97e407584afff3475670b43ee82241,Trickbot,1908,1250,1908,0.003341,428
5ae38a313b528527179093e7b5369092bbe7c6e6dad1eb38e5fa59c6eeb69ddd,Trickbot,1881,1214,1881,0.003225,
5af04ca8d33e37aee93516d4c17ca65c9b9adcbba7d5cf20df4eff9a38787861,Emotet,157,133,157,0.000248,
5affbc93c1d8f4b1bf83e66dc56479c986859724b47588a5892b979b740bed9c,Trickbot,87,68,87,0.000141,
5b2bb58dcc48d260c0c16148a164495f133eb0a1f15dd1cbc7985024f9297f70,Trickbot,76,66,76,0.000120,
5b5abb54c2d75ce7792db1a29d56e02a549e2de668bace67b82fd87b65e88bc6,Emotet,207,153,207,0.000343,
5b9e4e15575bd23e36ec74595d4e4ffc7bb6c6abdca474371f1fbdced56ec56b,Trickbot,4681,2741,4681,0.009589,
5bbacaa8671031d17639328a0dcdfb7daae82ed6319e3c721cee6d33eab50b31,Emotet,308,202,308,0.000463,
5bc3ba3ffcd8503a3493ba36c5265fb9ec4918801ce5d447a2b7e89ab5dd8660,Trickbot,68,56,68,0.000145,
5bd53452269c19a648cc8b13e778b25bab7b351f2b1dda9bf48b2daf3f79d26e,Trickbot,148,77,148,0.000248,
5be3eecb0ec0367c50ac3a305e4297e45ab4f6e7b9464e1fae18ec39d04bd852,Trickbot,1254,837,1254,0.002012,288
5be4454765e074cf7d0b0271830bb72313789bb0864eb7bad8524e84ac36052b,Emotet,286,186,286,0.000404,
5bf4e720d0ad56a8ab4580c7cf9fa6a77b416f8ffae1da7672f32d3c47bab991,Emotet,52,19,52,0.000069,
5bf649261dd2d196dd1f14f1b5ce6e637816ac9ef3ad4e3ada0f4e02daa74746,Emotet,364,237,364,0.000601,
5c259343098e478cfe8a96085f0b20af47d20779e7d3ef085ada2af132b014a1,Trickbot,17,17,17,0.000032,
5c277e9e2eeb26f7ed9cca74160974c072d4b53c91949492fce0ba57e1a725fd,Emotet,268,184,268,0.000467,
5c5bb93b638c19453190c63368ba2a92e5207b30d5d014cccc1022ba6b75afad,Emotet,38,24,38,0.000056,
5c6b968950ae7d2d9f413ce49d8b7b42f0d91ecb0b67e2da9f4e2be71ba1491c,Trickbot,1838,1221,1838,0.003181,
5c72eacad2b0a8f0338d4af768569dc44cb68fe9ada6cf4a90ea9e863db17539,Trickbot,7,8,7,0.000019,
5c7798cf6b688983f60cec868618a2bbd475a56fd1b48ac43582b6b952afc58e,Emotet,185,145,185,0.000271,
5c7bae247d59c27e10fd6494f0f86dedf141dc678c94db1568aa61ec3d21a74b,Trickbot,107,85,107,0.000194,22
5c84708112fa225488d7be949743a584e65c610dc874ec4d398dc4a85b404d73,Emotet,985,936,985,0.001891,
5c852d482255c80767fb2138637644a3041b7f561f3049159d9a846b6d7f7367,Emotet,92,30,92,0.000128,
5c9c819aedb0c8bab3429a6633067423a806cf77c2f8077df34b1f15a1a1b74f,Trickbot,1835,1216,1835,0.003375,
5ca7fc89934031b976e34a769a94aaa0a8857a7622a6a0f6509bd404d400054d,Trickbot,17,17,17,0.000036,
5cb4873c3ecc00e60e2ad097937c41a622b2eaff3fa89b619cfeb5d9fa25091f,Trickbot,15,10,15,0.000027,
5cb83eb05c87a104a09e8acf859f00101e00c9ff5e00fb44c563d8c5f154e7e1,Emotet,235,179,235,0.000329,
5cb8b9b7fbc1584e99e3e56540c53791a2fddda3bfebbfc34d8844156d9f923c,Trickbot,64,52,64,0.000115,
5cce765ae7af56ae7874f61ec945693d406295980767c618c8d6b800c8a36aff,Emotet,89,48,89,0.000118,
5cd1866f46417e2490997611c8e021172ac347e693d1d152b275c767a06f4862,Emotet,293,194,293,0.000402,
5cfb15432b37444e86f201a10ca0a6f31bd8c0d2e1aeab234ae4162e6c03fec0,Trickbot,1500,966,1500,0.002314,335
5cff17ca2021ec9f7a8ac542b23a0147ce846315c337ce1316c7b59c9b8edbcd,Trickbot,90,63,90,0.000145,
5d03f1af6b74f8d71f787559098fae37c93e010b63c6a1854ef4488ff3444b7b,Emotet,53,32,53,0.000088,
5d1e041dd88947d6ee1b7e7b4c1c28a8ee87387ebb2ad2e287d139b30ca1cb8b,Trickbot,673,504,673,0.001242,
5d49ff2f09a4f64cf48a3be3ebf2aba11aeeec192e868cfb79b4018cc5df91e0,Emotet,193,146,193,0.000334,
5d50a2b1cbd3123f77a6b84667c2a963edb3ea240a50bff86a781f5ab2cce04a,Emotet,155,132,155,0.000307,
5d629582f76bede09f63cdd65562c8c16911a0ef01528e5ae2d7867aa61a5055,Trickbot,144,71,144,0.000223,
5d651d53904cb0567196baf8572319b2f310741a60975218ba8f2e95bd5f0bd1,Trickbot,96,70,96,0.000202,
5d6a17725a5b2d4cd4801a9c1dca074a48b4c5010ea69778fe5f3fd2aa814ac8,Trickbot,42,35,42,0.000095,
5d8b8d365ecdd9226fb37ce26454166884b3b94f5e2aeb9923457c38595c0a36,Emotet,287,189,287,0.000475,
5d9821cdf7ce325d7840538e3ef01855561e2a1f939acbf33cc58ccb74c15c30,Trickbot,75,58,75,0.000122,16
5da3558d02795242488fa58972a3e99830cfa1a18e3f8fcd58b90eff6cd6116f,Trickbot,9,9,9,0.000023,
5dc5f54551c4c495fdf01758d7329a1040eb600bc44e55ac12c95c6246bbb33a,Trickbot,1827,1239,1827,0.002910,
5de27ef4ddd51604d4445e003c7b55c73102e06937f9934c1f320f77e1b1d7a1,Emotet,318,194,318,0.000498,
5de8664889856b023a6cf5b4b02cae3c0f010ee068143ca29384bdefd27d9aed,Emotet,289,195,289,0.000403,
5df4e89442b3ae34a31fc02dbdcb34d08b0e13d6df18fe577afb822ac36d58ee,Emotet,186,144,186,0.000275,
5dfa1132245d443ca6385376f62ad46d7e40bbe8565f98c03331e546d2b349c9,Trickbot,1882,1235,1882,0.003132,
5dfd7d73c7b524bc07077d9f66739934c2b33e4ff424064328e1cf74d10f97bd,Emotet,205,144,205,0.000310,
5e04a75c6d0cae593f6751cbf8598aff4d3ce9d05e596e841e8bbf80540bd61f,Trickbot,149,70,149,0.000247,
5e1d60537bd232c310acb5715c0c609bdc3f263863bc3dff662a07f2864dbbdc,Trickbot,22,20,22,0.000045,
5e1e44c9c3fa428ff4537c528b912fe019c588505849295f29b9c29c3b0e81fa,Trickbot,8,8,8,0.000022,2
5e4c61dd44dc9b91095214e69ffa5d78bfcc2dde0f11feef4824b8db9903fbf5,Emotet,72,38,72,0.000118,
5e54245d2b73df1284051d6a73669883cfad7064387e379d57ba09a320997202,Emotet,1105,984,1105,0.001927,
5e6e2a7bd15d8511c56ab4bb3d0907e3d3222a80c09040780ba3a52441748f24,Trickbot,67,56,67,0.000115,
5e75a50ef949bde986ee2de4a03d17988bb824dfebb1efc7ff9ef72b49b1e02b,Emotet,461,326,461,0.000779,
5e80ff0d70b441903311595549f7511c1e0800f84c99a59df08ec0a1295acb6d,Trickbot,50,39,50,0.000087,
5e8291e82e97d66b2de21689f0f0cf420aa66e54f4b959b5882f80d67111d689,Emotet,291,203,291,0.000539,
5eb0671bb44839cc89baa9c743e94d0848cdf68321c47bcf45c7371429623a32,Trickbot,15,10,15,0.000039,
5eb6e35346a5be44ff9e28909a1d69bf520e72c0d3cc5537c65f26af66351a3e,Emotet,32,26,32,0.000062,
5ebe4816e70748c9c9293712b49af15adc68710c25ee7af263bfa8bd4c7d69d7,Emotet,979,933,979,0.001677,
5ece008b470adcff13a3c2a56cdb51b895fa048c28291e5dff6aebe367e3e5d0,Trickbot,17,17,17,0.000037,5
5ecf45bdb54f8ffd3db5152a29a052b6bc70d2b00e14cff6aed13d98518284b7,Emotet,13,10,13,0.000029,
5ed2fb832126a3f2a4fc754e5dc254fd651a3abbfde73b7a83d9579b66dee1fd,Trickbot,1050,747,1050,0.001582,
5ed6f27ab039c0fcb2221dd18092af1eab9558427d2a4a31048371dc419d4ff5,Trickbot,1320,847,1320,0.002304,
5eda57d6b0fe77135903dc3263aaf593360dbc42ab13c1b8996233087ce8fb75,Trickbot,8,8,8,0.000026,
5ee71f4fd2ea002c4f903b5d23e54229f048d77a6e425bd963115de8c67497f2,Trickbot,17,17,17,0.000033,
5eecd8f699567ec29b162abecde7ea1b4046a438a6ab27f7a6ca5bd32ce14c5a,Trickbot,77,61,77,0.000146,
5ef59410c6f6ab06329390d57cc879768c507e64d271461274cc18560274f4fe,Trickbot,1926,1280,1926,0.003268,
5f01bf35cfd72c6e7c28a4240b2584ea82cfaf25eca4ce1086b4c7f6c9d39bfa,Emotet,246,169,246,0.000363,
5f0ea499de3178abb5aa0f68441cfb92b4082f0044b003301653e4bf4e5eb8df,Emotet,10,9,10,0.000024,
5f1d9fa0f96ff38d03f96455ee3f987a210fed66eb1b4b3516f2fd933d9add0a,Emotet,186,139,186,0.000253,38
5f3d079e4e4f5652d07c51a3303d1bdf788568c146feca045a84b747984a2c2f,Emotet,318,197,318,0.000479,
5f413f75356fff848d21395976efeb5a4aa66cc148bdbd07903a3f15a3a3d625,Trickbot,1834,1208,1834,0.003657,
5f4a0e6beaebd7457b11a3d4d364780adfb37c41e5f3c5bcbb96de15a670e6e7,Emotet,203,144,203,0.000351,
5f508b0756cb895b18cf7ad014d5e57522090c1d9e167026eb2b15d7d2cd2ffc,Emotet,121,68,121,0.000230,
5f7be2da6490a36e31305c0a5aa3b3cc8dc065e2ebe2e827d28a98156d368c3e,Trickbot,496,169,496,0.000828,
5f83d883f5e8605b45d146f739c3b84972ffceb33908106e75738e7c340aaa6c,Trickbot,50,39,50,0.000109,
5f9bb22609cc1ff66ec4f521e78756e5218b7099bd3ce277ce1e0fea516b953a,Trickbot,1896,79,1896,0.002361,
5fa8f7ff52a228fb8693728a5c76b91eed80c5075e1fcae379df9432143e1e0d,Trickbot,1122,747,1122,0.002027,
5faeac82e016cc72b972629a97fb1b3a2f5301fc34b280ba3ed171e1e9238899,Trickbot,124,54,124,0.000165,
5fd70c4d938fba4200ee06d804ab997c4959296aa2a2391d9c71691e48274241,Emotet,172,140,172,0.000327,37
5ff8f1a13c94ae08d6fff733e954ba22415b719c0526ce242d61d7cb31a527b7,Trickbot,1410,860,1410,0.002518,
6004f2183403208f57777fc7395f0d08d46674af649fb1227b542e68873657b9,Emotet,262,186,262,0.000461,
6012dff59dcc800722575c1495577588725293a60bc1d2091bc15a2d8c17f5a1,Emotet,1106,987,1106,0.002322,
60166e083e5890fd068618ebf5dae61cfb76e0acc8d348f11f66a6a78576001d,Emotet,222,182,222,0.000429,
601cade700bf72f47cccc42ba4bf1f4c3719e1e78bb8767782af6129d624f15e,Emotet,170,135,170,0.000321,
60339f77b984b5ca89a8d75d1bc5c2288e97c8271b55704b229b22c618ce3403,Trickbot,17,17,17,0.000045,
6035f89b20752762b95a461d0c6bd38ba331632cc1a8ae0c40c6e7ce3db07673,Trickbot,1084,720,1084,0.001863,
60529cfaa276b76d6bfac64a4147be99ea56fd611e71416190fe4ed66cb61aef,Trickbot,17,17,17,0.000046,
60565c2c5e2d0c45e9c94181dc24d6460afff9087702a0e9286474c265757308,Trickbot,1218,791,1218,0.002175,
605eb9422bdc14c0cec9788f96830de3f96801523fcf0520b7f014536058e10f,Emotet,1091,983,1091,0.002173,288
607a0eadf3f8beff77ce03663804642cccf2baac529c15e18466b3112863e3e9,Trickbot,190,70,190,0.000318,
60a3729efecd2db2034ca9c225c8bbaf1c74a9c66d7a3a3d7395a27b45d12455,Emotet,410,240,410,0.000768,
60b9cb2c020b0f911203eddbc87fcaf966acbb628be0f698b7900b96d5371be2,Emotet,1059,972,1059,0.002128,
60c609a833ff327d6c46f23e2398dafefe53a284256fd10a2be86bf10161459e,Emotet,200,147,200,0.000322,
60d105cbf124efbba60eb51cf0510fc418f4f05c4ba02cae57c2d61e8bcc03d2,Emotet,953,925,953,0.001907,
60e51ac6ae3c5f4ede44975d61a4bb286ac842d6959347d1caef68861f08c27c,Trickbot,132,98,132,0.000205,
60efd8ef31e5e55fc1ea954786e21bcaa4ddd05ccf07f643415d8217a0119b3d,Emotet,33,17,33,0.000055,
60facd2c2ade8df0db2542247e04a7c9fea3fb7a0e07e56a14da4f0156685725,Emotet,144,92,144,0.000264,
61081c617096aa909740abd94acb4115bb3ea59be61aa5fd9012147146f1805d,Trickbot,74,61,74,0.000127,
6117888c24137cf2ee135c09195d22be4132c9d176589186ceaa65defebfdfb4,Emotet,965,931,965,0.002066,264
613245e1c58ff413599927d31481462c0be04ff3be2269bcf52a13c05a4f4c87,Emotet,50,31,50,0.000087,
6140c7cac8073d2a67f930c733ad9a241b6aa8df0cbd0b4ec52c61b21e68eba3,Emotet,39,16,39,0.000066,
6147f592b776e0dfee96ed64a0bc403f8c3e2b192096172ba74cdea6c0b4f50e,Emotet,71,37,71,0.000134,
61483ead810e2a4e5cf67b6c0be78d179b0a0073c5e2d6ec622e26410eb8c4c2,Trickbot,2079,1253,2079,0.004031,
614e018986df5c399290bf2ada45dbd9954cae80554fc8c75c6d9f725dab9c69,Emotet,155,133,155,0.000306,
61578f2b03f7407aefae98b5ea109bfbaff8f4a94c9f0534bda88c940fb685c4,Emotet,179,144,179,0.000326,
615944528e9b7dce5569fa3386a452a95770cbd715f5c14cd6c217680bf4ea39,Trickbot,1869,1238,1869,0.003353,
615a869818373971a07b47866b9e37d3e50c065e8a7674a0bdb82c6c3f2be5f8,Trickbot,1939,1259,1939,0.003440,
61603823ae8fd25887d48c9b6d5a8f27001fa45215db164247a42b2059ea5c2d,Trickbot,15,10,15,0.000034,
616084af06e1d2af84097716846a1cebac58fbd3a2f078ebecc0843e5e039bb6,Emotet,373,242,373,0.000564,74
61712497ca75cd9878389248b0253674d9a23319ee826eed5b00eb0dd813c5ad,Emotet,199,141,199,0.000270,
6198d1cde7437b005b778d709d6ea9a6a7e4c6047413b38f1e487b7670fb9ddb,Trickbot,101,72,101,0.000164,
61b92390a92bd40a9b97102878ced62e5d672d80c356bc91039ba2b49753d2e9,Trickbot,54,41,54,0.000117,
620052b4d56464e00d9e523e9450db4e0dfc3ee0eea9e856e701a4645b58f04f,Emotet,156,135,156,0.000355,
624a65087d6934d5e886e55ea7957e922b005bcc85d55cef9ed54edc277db9a9,Trickbot,1143,265,1143,0.001893,
624a84231a82d8bffef81bedbd711d6adbc176861874691f13743e90b804698e,Trickbot,47,41,47,0.000098,
6260fd0191d66fd474705f92052d88ca7e2c359052f09d002a0fd1029c87b33f,Emotet,2,3,2,0.000011,
6267e3c1ecda1268086b97e6be85ab3d2cf81fa69b6fea8d44dc77109d034e74,Trickbot,37,14,37,0.000072,
626c0afb047c9804eeaa79f5f7dc377cb60d69f6f47007344e6f3c0e1866bd75,Emotet,152,123,152,0.000328,
626fc59bd899897dbb5013e2d91667e5c869e42b5bda504930d47dfcc1bafdcb,Trickbot,8,8,8,0.000054,2
6276cb661db819403565e54abdf0614ec6beda1fcd4b0c596c78ac24bb12889b,Trickbot,82,60,82,0.000135,
6278b67cf5c67def2b6f75f329a5ab5d77dcf5ea5e909dd20537450f852b716e,Trickbot,17,17,17,0.000042,
62c33622ba0e8b354c538c69a285fd6372d1da137da995d4c0960697df54232e,Trickbot,78,53,78,0.000121,
62dcff686e0d337b5d3ff8f8ea017e4f24b509ce5dfb13bf3743500563bb0fb0,Trickbot,92,47,92,0.000128,
62e35d6a53d27c788fc97a826cff0fbb3c3296e610cfebff3d2e8fe339a33a43,Trickbot,43,36,43,0.000093,
62ec15d8104b8a7745960a0cb66f0701c382df3911ae7297bf41995e2304089d,Trickbot,113,83,113,0.000177,
62ec9aef2ccbca9c408a9a186cbd3d28c7199a86eb38df652f634a7372bca7a3,Emotet,170,136,170,0.000285,
62ef5df3ac49ababb317641ece3c8a4bb22a68ccae1238531471d923fd3e97c2,Emotet,268,185,268,0.000429,
6309a8c0d93675596ddfcaa5b58d8f66cb4972938c6f2fc258ee389c1a6f9772,Emotet,20,18,20,0.000037,
631489f18606afd33ccf98b00646343228a96b4b641b307ea101bf94494dbca5,Emotet,308,194,308,0.000432,60
63360adf9614dce4ffecd58825c41d58d1b143f0bd0504a5df25b977117aff81,Trickbot,1851,1233,1851,0.003274,
635e7ea673d723ea2d94dfba5fe0bbb0e1207288e3f341e93433b12aaa812e7c,Trickbot,1423,876,1423,0.002295,
6366c0a993938b3c3f6c554d96c9aa34fd95c33b7c3a544e5458bd3e4e5aa44c,Emotet,147,128,147,0.000249,
636d13c69da9b6e8230b72d2a8ea58b1da31f2caf61b320799cd6b586b0aa0cb,Trickbot,50,39,50,0.000087,
638113771d6fc67e160ee728bd8b1a2d5814177da57d8b9b9dc51cd766e8e25e,Trickbot,8,8,8,0.000020,
63961f70f1c26a24e52e8efeff8ce303d4c5f0439214c5520de47bb3694bbf5a,Emotet,48,30,48,0.000095,
63c45df85e5d068783830c8b2563741dbfcd87cb8bf567d43c4beec3109e3e35,Trickbot,98,66,98,0.000150,
63f40359d6cf9bca9f0c4857c3b619a1e3b063a3e1a7deaf025223e311afdf88,Emotet,51,31,51,0.000084,
6400fa08880435b0bf1898692da3c46bb4c9c6ba435bb7488e9fc2cdd8327ee2,Emotet,366,235,366,0.000558,
640a7d153a0ceb0c2ccf15fcfa5a62879e73e78c43ee0b38f3a65a19edce04af,Emotet,23,20,23,0.000045,6
64190aff10a74821a11d2ad801aacb3d8e51163e38ddd009962e39c71f74df2d,Trickbot,8,8,8,0.000026,
641cbb52c371d65765e68ff45e1340bc1ffc2e7610bd3215d3d74916489b1a16,Emotet,264,186,264,0.000392,
64200075f124faf0b4025c3f1ea93fb88c15d9812c133243f51bd769f9064039,Emotet,168,138,168,0.000288,
642ae77d6a19c8fea9104a254804283829abe4794f789df9edaa5bc4207d27ab,Trickbot,8,8,8,0.000022,
643f3e157a787b9a8a7d23b503cce46ba84252691a23c61e5d3384d3c972c6ea,Trickbot,1187,759,1187,0.001999,
64638f12be7e736e928e5c388769d237be449831954cf8e01bd163094c63b2e5,Emotet,1064,957,1064,0.001733,
64649622899345b3da59e73d6ddd466a95142504f891a44f399ce960a15668a5,Emotet,62,37,62,0.000096,
646655c6f1efb08efafe493545ef3ee547ecf6f55d95a86e941ff1fce1e7f90c,Emotet,407,216,407,0.000551,
6483e82821bd4a38af27064d994fe683a8147d6deb770a7dca12d2e238c26762,Emotet,238,176,238,0.000419,
648e4a382717f8f06d40591d16cb0b725c6066168594014174aa39f128be3774,Emotet,180,141,180,0.000318,38
648e58debabb842e1d874b3419d1e4437ea6771a26c77eff7ed808af1b632f33,Emotet,270,183,270,0.000502,
64ba190f68cda0f1bbe8d5897cae15ab9ba852d1a44aeff0175c5a4d546c37eb,Emotet,16,16,16,0.000032,
64f189024c1774b41d2f2641d3eb87a92e3823a0b30658d9072c0cfafb37c148,Trickbot,17,17,17,0.000040,
64f6f83127618fef6449fbb6d8d8b797281caa2a5bb62a4577f07fc05bee4c7f,Trickbot,7,8,7,0.000020,
652a3a0a7b87fe12ff13b43fcd7b50035b2c98bdb253f94d0dcd4510816e6cc2,Trickbot,19,18,19,0.000045,
65335c438b16d9fe4d80e0f5ed3838ee947b67c56600f935e1b01b2469c7d826,Emotet,171,139,171,0.000310,
6535415c1c6ac31fb93f82a513369cf1fa268efed28b43d59eb6e4a279476364,Emotet,172,138,172,0.000321,
654bccf7bc9db5fe5efa3223c073838f4a02f0cb0a1acc5b210dac2560b844c3,Emotet,40,25,40,0.000065,
655371c02de67c6517cde160e17a2189ecb8c5017453c341e512a9bc4fe6aa80,Emotet,384,210,384,0.000596,
6568d76315adb03168dd9a32574b0e6f812fa54642fa66d1b8b935ab08805397,Trickbot,17,17,17,0.000034,5
657de3599f6cf90c1d25eaac8476f8ad4ac05bb40b8678dc6f38407dc04af969,Emotet,271,194,271,0.000387,
659420fcab3496ac5692ddc2b0fa742c7c817f0f2f3f7766ab64b7e7efaea9f9,Emotet,288,188,288,0.000396,
65ba07aa814365d3cec5024e3f20056d852d4a11f980a296b89ec39777e00bb5,Trickbot,1593,1002,1593,0.002501,
65c050d9bb17f079355c7eb11060a19eaab957528072e310ca9b5d3fac09b977,Trickbot,81,67,81,0.000156,
65c7a8dc1be6bac8e12f303efcedf9288716fca29c9ab8a1bc9ded665b5b4f72,Trickbot,1357,813,1357,0.002015,
65cd9d97a76ffa57b6fe27026dd588e2c60c8dccc085071af7a8e2f0c3531678,Trickbot,63,51,63,0.000096,
65ed6c79104abc10280989d5ec9b3263e0e5159c5f34ae02ae3e4fc750b7d2a0,Trickbot,63,51,63,0.000111,
6623b46f7ccde4d020efd9809f11e6930d593476fa01e6c151ef6f0ee87cdf60,Trickbot,7,8,7,0.000018,
6637d50cad2c6883b1e064acf10bb121e4f17e688e7e97a0fd613c1ce225ecbc,Trickbot,1821,1217,1821,0.003124,
66495dd7c23775d81854926dec1329004e58c935f4c8235d34561cf43b35521b,Trickbot,1980,1330,1980,0.003371,446
6659b42d733c0be5cd96778772f8d70a659a05649a577cc71c178459d914b3e1,Trickbot,1266,813,1266,0.002130,
665c756d1b24cf6687474bdbfc49bca91d9402204c2d644be673f6d64c95e49b,Emotet,1005,940,1005,0.001784,
667121eb611e7d3b1c48573475f9d0d826aa063ff9144bd75f46677ecd8e2b65,Trickbot,77,60,77,0.000114,
668742a66157fdd159a7545248d1bc3549f4096a77840c472f97f079dc4dac12,Emotet,286,193,286,0.000465,
6694478d133abed771fec06d3471255a84b715f797eaf88980a84357535dff03,Emotet,34,17,34,0.000058,
66a27b7a9c01a84438f93b07759fa6800b389069cd0c29a1ba7f9556a498efbc,Emotet,281,168,281,0.000404,
66acf0e9a1a4a472e29b4a36eaa62fdb3fb97030ea1ac0a02bb0612ec4591776,Emotet,960,932,960,0.001670,
66b07500943b483ace74a8d7a2da84d8b80ed3bd176af7ade8fde076b3095604,Trickbot,73,59,73,0.000112,
66bbe55478edf53bc52f3b59f3530088d6d8bef5233fa2c5d399acf457f4d031,Trickbot,8,8,8,0.000023,
66c8950738258353909769d948e349179a28f3b3147992a19dcfdf5f1126db01,Trickbot,1939,1252,1939,0.003254,431
66d35ebbdff14990edf7bb8da076a60750c0c370e72aa6993e959010a32241fc,Trickbot,76,66,76,0.000118,
67266b1405920a2241890e9978c2ab4a0110f9d3e16c2fe02ffe70dc0fa9d060,Trickbot,1516,871,1516,0.002879,
672885a0e25ca97d2a2245d5f11b05b53d278c1e28eacfae460cd11ccdf7cb66,Emotet,182,132,182,0.000344,
672f60dd242074f7ce813b23037303ffe33c07e7805a0f88c996f14b7476aff7,Trickbot,1901,1271,1901,0.003168,
6733527bd3e8c3555e920e89922987d7723da514f29ba0a12843bdcb38de8e28,Trickbot,43,36,43,0.000082,
67468e0cb21b8d2e96c99309e2558530b58dd21e09d7b11dd2afa7b640232fc5,Trickbot,192,118,192,0.000261,
67792a10c36d2100c274dd0ae0155a429ae5996b85e2c4589db95acdeb851b5b,Emotet,35,21,35,0.000052,
678bfc283bcd47ec99812193cd9c086fe5682a17094549657d75cf987ae1cca4,Trickbot,19,18,19,0.000033,
6793686aa536264f57d34fda8ab52440c60993faaf08538959abe23cdb8e9ff5,Emotet,320,230,320,0.000546,
6794e5a2f936c31d5b160f20387900cc30a3887d291baca52b65e17bfa86e4c6,Emotet,310,197,310,0.000449,61
6795543243ddd8463710755dbbdb70b1abe25b7bc38e1fea2cb21b417a8ab22a,Trickbot,43,36,43,0.000066,
6797ae0d7e2a16ec6c5690767921599897f1d27798b1179ad866e016ac8ec167,Emotet,1100,989,1100,0.001778,
679b537f0f2674c42275b38af4340cdeeba4930a2d81b4f371cd2a496b956a47,Emotet,284,184,284,0.000383,
67ae14fdeb671ed88fa5e1e59377c5643d6762f98f655c4194b7ebe6312c055c,Trickbot,73,42,73,0.000100,
67af90e1bb6d226b567f987f424b4f333828314834eafdbb4b88e1fb63bd8f76,Emotet,236,171,236,0.000347,
67b974552338d81190d8793dc5dd3acee05b0a8f7bcf4d7e129150509b1dfc06,Trickbot,8,8,8,0.000019,
67d1c898c1864d323d557c075197324c5268bca1a11be837477e24aa2a98ec0a,Trickbot,60,48,60,0.000091,
67d4859b2c7a3128ed8a42a22d051d9ad05683a5a255eadb4cb22a479a3e31e5,Trickbot,42,35,42,0.000063,
67d99da01575a87849ecd4bfa4c80ba0610ca0a7c88ceb907a701a309fd6fc04,Emotet,161,132,161,0.000250,
67ec97aa075518daf88f7b7c6ec9f7b25a311792573b248726987f82c64c663f,Emotet,79,63,79,0.000124,17
67fbfa4290deb17b849b077bc96d2957d38052305a28d8902b705d466ce6e9b9,Trickbot,1852,1226,1852,0.003262,
682b02b1f671242aef2744368015828cb0347f153c142e15da57ae01e3b4594a,Emotet,38,24,38,0.000065,
683ec480d2239937d1d90cd3c999fdb6546d63bf207cd48303d415201524ddaf,Trickbot,83,73,83,0.000137,
6843efd371d3732410f45a32a75a1c1571b4f54a2285e1a00a5c904c77e082e2,Trickbot,1171,757,1171,0.002018,
6846c58cc03bc673c9b94896bef7fe617bcb950180960fe689fe4d14050342bc,Trickbot,39,33,39,0.000066,
68474e49cd12e902b3efb8b8aee93e97c02e4dafa00fc9c33946f7988e22acdc,Trickbot,17,17,17,0.000032,
6847bd9c431b65456654ce635ce365ca4c66bb056f648eab54e87ad7b7269c60,Trickbot,1887,1233,1887,0.002975,
6847d2830eaa1f24e5f4aa3508859f6fd1292d6bf4134438415e045a2037c9f8,Emotet,275,153,275,0.000373,
6854908dbafdd899654f69538e020022cfd048c5c13a5ba22eab4f0a31c85672,Emotet,185,146,185,0.000258,
6866eb0871e5d90a9c6535e9353ab31ba1781343e0674d028b18335422cfe1da,Trickbot,72,56,72,0.000126,16
6871a7b2d6e4b58ce3ddd80e68af90c32fb17f007920081282b0a76ba22bf265,Trickbot,46,38,46,0.000108,
689d6b376c5030264ceb4eafb7636e08de78a888df5210cfe1a62bb3136d0dd3,Trickbot,3633,1941,3633,0.006184,
68ab9ebe336f3e72d465a92c4fed789352b7ae93c894c6be0d4549e34af7f353,Emotet,72,23,72,0.000092,
68b16e6c4e64343cfa09dfc7b00c162429817b98fb9986efb6c6ff68abceb00f,Emotet,990,939,990,0.001952,
68cd9fba3b34d30a9667c71384c79730f486b31d3284118eb03152e8481fbd92,Trickbot,1176,758,1176,0.002004,
691405b233bf939da424d4a54f065afebcd0e27fc90a4606532f7239cf4654dd,Emotet,1127,994,1127,0.002144,
691ff94e15c568901fa96776f125931496eca1c0276e73e08bd8036780841807,Emotet,351,237,351,0.000547,
69567a8d1d6b7b8760cb4f989ea3edeaee2fe85fd00ce581792bf85faff1aa4c,Emotet,222,142,222,0.000332,
695784d22e76a9416d6b7ac1be571f2f8631ce493faa78511edd1259bc339798,Trickbot,77,67,77,0.000150,
695f3060f1dd0f8380955fb30cc58bbb501d415b14d28397d88703ba63eb26c1,Emotet,293,186,293,0.000419,58
696b364e2a5675187903ab9b0eeeeda91879d3adf81f5e62f4980ed5fce50133,Trickbot,64,52,64,0.000115,
696d31629493814286b941bdb40b81ebfa04f6f8e569868f49dafc68afcb4e85,Trickbot,1990,1276,1990,0.003580,
697176710695aabee2741c6aa8dc491f33a5a8106d03c52bcfe023b58906dff5,Emotet,335,225,335,0.000606,
6977873a1d955e5fb121b1c2f7634fe322165b7c117ad9afe266e9f93a235c55,Trickbot,17,17,17,0.000031,
698039ab95abdd8c095dfcbfb419a861ba8b59638009df41b01efd66d2916ed4,Emotet,174,134,174,0.000242,
698f326333fccb0050edabef63c386b6bb3ef2917460d9d2cd01466aca931410,Emotet,1088,984,1088,0.001830,
69ac99e666c753c2bd066fd8b029810ded4c74d7078dc84d02ec3e8c409882da,Trickbot,189,81,189,0.000241,
69bdf7400b539c0bc463b45c767a1901a167eb66088b1a3a8a493de9b0e5aa47,Emotet,83,54,83,0.000144,
69c71043e9abf8386918ac5516088e8912fb822c5e3e2d37beaf708ac686e9d7,Trickbot,1824,1224,1824,0.003262,
69cc49534c5ae93a332881da8b3a37811a38db69cb5fd6f2dd335d45074c3cb1,Emotet,166,135,166,0.000266,35
69e25f948417045325c977c810505e26e3d2b5dfac24343d61262fedf51fd9e6,Emotet,1123,990,1123,0.001882,
69e731afb5f27668b3a77e19a15e62cce84e623404077a8563fcf61450d8b741,Emotet,305,197,305,0.000545,
69f756957ee966dc4ece6f7f2c6ba83cda91636b3e44c98940e1c425e641defe,Trickbot,43,36,43,0.000066,
6a000c22383a02a79994e670afd04b1af9c264c9c9da4c0f07da38244ff1e958,Emotet,1081,985,1081,0.001793,
6a1c52050adb3ba3c62e9a26a3bbc8beecce94a42c70810a4176c1b256a79b82,Emotet,1077,981,1077,0.001886,
6a2913a5c6e4f883499f65b5a856d90ea06ae9e67f5eb4073a8cd0193852ebcb,Trickbot,1433,905,1433,0.002236,
6a2c5fb2880ada16fac464885401f888d9ac0718c8565b4b221c3fb97e9bfde8,Trickbot,97,85,97,0.000170,
6a61f5f6dcdc9b4aece1211ad990f7357440837cb75b1803955c19300c847208,Trickbot,8,8,8,0.000026,
6a84351829b23f8d09fd3da41e635bfa8a2ea5d922f203506f0de3130ce1c182,Trickbot,17,17,17,0.000040,
6a8700d39552227b6538234a5c874f059db7fafa8bd41f41f19e4041ceca91a3,Emotet,947,925,947,0.002141,261
6a894d8ff6fc16bdffc0d5482b4db75be1fdc509b606b28dc15986fcf9910f31,Trickbot,15,10,15,0.000028,
6a9359b60bc25a0c2080518846c0bc5fa34c7e8236eaeb1aa2b7f176c24feed4,Trickbot,96,35,96,0.000116,
6a98de3487de5219dc6c323001ead33b9a520076092de0a773970567bbfb6283,Trickbot,46,38,46,0.000075,
6ac8c00628d7910dfcb8c8c08e0f064d939ee959c36862c99476c736d0c0c876,Trickbot,442,141,442,0.000573,
6ae7f4b90591cbc00e0f6c0a74b9817ecc7eb093c191e6300468d125ca106a63,Trickbot,1938,1276,1938,0.003615,
6af9d8db6de490307b636eab6b154273380d5589a9bbfeb2ff2885c6f6690ce9,Emotet,218,149,218,0.000324,
6b111be3c180de78849b4f1c2d39ee0045695e22d339b50879a769351b1e6b31,Emotet,173,140,173,0.000261,
6b34d60ac4b190fe4b32d123e3332e8b8b4a75bf06a51ee0625ca5e51b62977c,Emotet,78,39,78,0.000112,
6b34dd9f8022e3a39b335b3822c6c8b5952134a045ff00a19e979c5808448d83,Trickbot,9,9,9,0.000021,
6b426480bffb5dc1243aa1a5763bc0d1b27ebbf579466ccaf70f53045373623c,Trickbot,1964,1273,1964,0.003554,437
6b58797cbdbe8afc9a93230bd8275202d88c94c10aa051721908ec31deea9c8c,Trickbot,1915,1257,1915,0.003344,
6b60351167ee4d45ddc5c74836838dabd663a31b29d45720f4e78fb740e6b706,Trickbot,17,17,17,0.000038,
6b780ed290e8cea032eee10ab5ce895f4b703737e7ab7c245b6a665cb1ea0551,Emotet,191,146,191,0.000266,
6b7deb539864851e4eec5ff947e864a60c4951c33ac0720d19a74e5c15dcb611,Trickbot,1485,908,1485,0.002361,
6b916a4180fa5a55ffe33b15239dbe079c9e8068ced113fed7703d5fb2a28d42,Emotet,281,186,281,0.000383,
6bc5febb8d951d7123ad522ff7ef4b4aaedc4e971bdb480e6aeacbaa1b27e4d4,Emotet,46,28,46,0.000077,
6bc7a402790bca7bd601f94d3e6e90bd006fe601ddde00a4e6e8cf82e6074b94,Trickbot,101,88,101,0.000178,
6be003a50f3c88e603801dfa27223dff484993cb6d66a90ade33831f81da7481,Trickbot,44,35,44,0.000072,
6be8d8edf3ffbda64d8e8d11cd1b5e247581a440b1a6859bcb00af6926cabe1b,Trickbot,45,36,45,0.000091,
6c1b37991639eb24cffe5451ba3c87add975213d2a74d668dac26ac0718c2ff8,Emotet,1072,985,1072,0.001839,286
6c80adee2b1721ee34149059bc3e400aa5d38ed2938b4658b9e8d15295c009b9,Trickbot,1293,808,1293,0.002565,
6c81bf7fe4575de7e16261b101acf30daabc48836599765b7b7a808b475902d6,Trickbot,1943,1285,1943,0.003415,
6c833065ddd1b6680ef43a9c725f8c862de86ec05bccdeef27c19a8c3d6e9e8e,Trickbot,3824,2207,3824,0.007162,
6c8a5fef40023a54f6cdf132bfb97e403424ef653cd7814ddd0608c73c971166,Emotet,175,138,175,0.000318,
6c9473a0bd2f0a7c42c529fd79ff23e68b06ad4a6c40779da86c316f8c3d3079,Trickbot,9,9,9,0.000024,
6c9814e21408aa206fa319997bd1f22e931e2038e00c71d34e1ac1cb6d6677a5,Trickbot,49,28,49,0.000085,
6caa3d3d0b3834acd8e40b2274cc1464617b9478d01f7ae9ad4bbcd833d5fd61,Trickbot,28,13,28,0.000046,
6cad13cff0059cd0c74cd5fc2b4dce84b5bce9a6c2385a08c7a6c49addd67c41,Emotet,1155,979,1155,0.002185,
6cb1eaa9d6bc27b162ea2c792f86ef6073ed3633ac2a5eb6531d5ac1a5ed145f,Emotet,276,186,276,0.000415,
6cbaa4e7e149b89025af7d4a8359acb93ef2864024feba32707c7efbc2c77021,Trickbot,8,8,8,0.000019,2
6cbf76eb374646c65b055f47b50fa95a61ff1189941879c57c992586069901d4,Emotet,1151,982,1151,0.001995,
6cf70a91d072621365894e5b6ceb9bc62e3ed5bd5cf2f5bdd0c78e2dd60fbabd,Emotet,173,97,173,0.000232,
6cf984dad9e0e91579629627dff978b664b4b0a27d4a3775442e40b34d654da6,Emotet,281,185,281,0.000458,
6d004f562137889d924d2fc34c24fabd8a3a3d9d07caabf3f69cfc8f33f80828,Trickbot,8,8,8,0.000020,
6d02389ea22b2d8c31a7d09658cc7c8fffa577bfe3316dc8f3ca98390d40bcac,Emotet,169,139,169,0.000267,
6d0bb4d3204f8b091756441d298216b1b65dec4bd0b32d52f034f0f517abd099,Emotet,278,158,278,0.000377,
6d14585bf8b2f2edf41ea09fc6e0142a894873fb077d6a519434c73af6422478,Emotet,157,133,157,0.000234,
6d1549200beb01ccc00ff766c25b32a3f070ff4740634995b4b3fa5a16a981df,Trickbot,517,165,517,0.000864,
6d17bb48b3bfadb6eab58476ac99642d683daa195266c6b420df3b79e0447616,Trickbot,259,52,259,0.000351,
6d1a9fb912b06e1562c6c9b2f1474def00f231cf0f2c339b05c50907a6b2af40,Trickbot,1907,1236,1907,0.003297,423
6d314e7335d464b9a0f86da525827157c3460afe4edcfd62cf794b5f45cc445c,Emotet,62,32,62,0.000091,
6d34e7e4fad35cf212874bb0ace28eb4e13556ba8a3a38453fe5976ac08f6fed,Emotet,1014,943,1014,0.001802,
6d424208c764e2fd319b3f5255541759aa40fe59f81a513e5d20a835f9434825,Emotet,14,11,14,0.000028,
6d43bff8a3265f876793187b7f3875e03db443a0c07a762c7a1f4bde4439f7ae,Emotet,185,148,185,0.000262,
6d4675393d017e4d38d26b02c25e245b94ebf0d9c650fcb9471ee960e7cf8248,Trickbot,8,8,8,0.000019,
6d53bce0ed7157cbd8ebcaaa8f3dbfd6e04d090e57ebf846c0bcfbccc91323c8,Trickbot,42,34,42,0.000072,
6d5671b0033d18447e3478fa446f79152aa96d5e08fe2c021ae4640a0733a818,Trickbot,53,41,53,0.000079,
6d57b02a0b4b8ad9fed6812fac60e77c1c6d1f01675b009fcd28719a12521b2f,Emotet,228,160,228,0.000369,
6d5974b996010d145f158bfe735aa25582172ab29fa6968d86b2b97abc880692,Trickbot,127,74,127,0.000169,
6d6f4074de781d30854f9fbb34430253c9a12917717d45e8af16517fb03a1c54,Trickbot,151,69,151,0.000253,25
6d832b8d0a9a87c70e63e080200c862c803d99d3d262fe1e3737ea52e06afcee,Trickbot,8,8,8,0.000027,
6d9b821c70af95c604f15196bffd6a010db6a39848482a7f28aeefb0443cf937,Emotet,83,54,83,0.000128,
6dc3a811d504fc16f43ebae9c6c35983772cbfdba48bb44036bfeb9aec1237e1,Emotet,262,185,262,0.000425,
6dc82378b2554704e56c168bf85d1eac3a49529118665c8b5e8fe2cecdb7ec20,Emotet,329,196,329,0.000601,
6de99d0b6752a4e6ae1e4045f2090ac609146584c85efac4911a5b326ba0ff56,Emotet,1055,979,1055,0.002410,
6dfe53c808cbd72cdfe3ef68a25b82d076a3df81b47326cd801aac80b4712413,Emotet,1101,990,1101,0.002389,
6e0e4322206816cfc8077d2919b215b6e57e056d0e7b9c5974b56ccfc81471db,Trickbot,42,35,42,0.000070,
6e3bb1870d4843c2c0015cbd9730c4eea36e80885fc0d4f2c1d96d9b42935a54,Trickbot,17,17,17,0.000032,
6e4525f91f6b8c31bdcf79961ffc94c723cbd63396c2869b6ab783fde83e6496,Emotet,278,190,278,0.000487,
6e4f26d4ebefafa9c18190227299cbcb342eb44491251e8892c8f2c6039ad577,Emotet,190,142,190,0.000267,39
6e5869cb706d5409a54a9041001889da9b81e91948e07343ab6e62bcd5ccd087,Trickbot,43,36,43,0.000081,
6e76678c8f78c8093152d263c8441450cb6b8ab1f2bd66694491e172aa732a39,Trickbot,120,73,120,0.000161,
6e77278cd16b488e949c0d45ff91742311a4c90828b2cb14ec4729b628aab3ef,Emotet,373,229,373,0.000547,
6e7c5951460ba74b247de550b024768d0bd4bd145531bba05a596953486fcf66,Trickbot,8,8,8,0.000023,
6e7f72c0b98f29761cf0e7f879613807b3cba0b473b0a1ef1e20b64bcb1ba856,Trickbot,54,42,54,0.000082,
6ea498eae607423792436e4b22f13172b57f2df6a3e795f1dbec14e7e2d6a24d,Trickbot,80,68,80,0.000120,
6ea5a2cadd21ba6a43d0f6977f393757f887eab16e1b6b11fb3df61d35a26acc,Trickbot,78,56,78,0.000121,
6eb1ec4efafd349d61ae84da255c118c86f3995c4f89c0254f5dbbb9fe9e86eb,Trickbot,97,53,97,0.000130,
6ebc9e2031f87324cc6b26edff54556e759f862ddfab6facde63af558e2f62bc,Trickbot,1881,1250,1881,0.003110,
6ed3f321b2756ea8010cb59d87f75317121207988a4a8c3e8fdf32a7a64f1273,Emotet,149,93,149,0.000207,29
6ef26407bfde086dd2677a465b2dd2c72908cd31e345b0307841fb712ce00ccf,Trickbot,76,60,76,0.000114,
6f42ffd0339683fd435c5ae39211e2ee3f2ddb9c39812ac00931c5b46c07eb3e,Trickbot,438,138,438,0.000656,
6f64db0b1f58c860ffe42e16490e8f7352bb7d4d8c454b8f20ce3f6436c7c81b,Trickbot,1207,756,1207,0.001779,
6f7f4f180644175d793e2e1f62e3299efd48dc5dd5cfbb06275291bbe2455db0,Emotet,342,234,342,0.000509,
6f8d9c3d3e5cdc93253ddcaaced18145aaeafb1c9aa1df3faf42f396185674b8,Emotet,36,23,36,0.000066,
6f9454f494c6f228d77ba4d6d44d4feeab4e9617cb17a49f45222b3954b15ff0,Trickbot,67,46,67,0.000106,
6fc72a34159378d2a758393b2e210e2b53ff3c9a7887eb10d28d8af8884c676b,Trickbot,112,82,112,0.000197,
6fcce6fd73830c2a77ff979aa7ae4e6e1fdcfb87ed21c83c350be36d8dbb8871,Emotet,201,143,201,0.000315,
6fce251dc1834a875b8385b3813b9b4efcc4a4e00af485c2bffcea199e31461b,Trickbot,98,66,98,0.000163,
6fe2672750c8971a499cb7b14edc2497425d2c68a552241f16bde891300b567d,Trickbot,8,8,8,0.000024,2
6fe55dbce36a6aea1ab8483e7ec3739461d8bb7e0dc4f032a358ab0c58fb3a08,Emotet,287,190,287,0.000483,
6fffc8d33fee7260bdff4f52a81365562aaec21176bac8d2572e3f5e12c92b36,Trickbot,38,32,38,0.000064,
70029a80c5a2c28560352eeb8081aeda065a0e42ea5b60e37ea0bf7326e7ef6e,Trickbot,8,8,8,0.000024,
7006100f5e1318b7a047bd83d6dc91075379d4a1f2c86d050a195f38d04b7a4e,Emotet,94,45,94,0.000139,
7008154048ff7c72c9d510e359e42657e2fc336f22843b971be1b13020cf0b78,Trickbot,1886,1215,1886,0.003430,
701e61c13aa3129a34cb3ca5a280fead1fd1c6411da69a6633041ea6d80f8117,Trickbot,3250,1754,3250,0.005328,
702d6a719d545f49ca6d169327dabeba22f25160540e86105f50af00d500d2b8,Trickbot,1977,1275,1977,0.003623,
703b24a88a3de3342716898978ae016e348cdf351dacab14770eb4ea3d737a82,Trickbot,102,74,102,0.000179,
705f37a13d357b257071b8961c0402ca89012d850cfa304a9093c897c406d1c3,Trickbot,1192,752,1192,0.002043,
70648971fd7a6e02737cc8293efcab00683d8458b368655c77877389a18f5bfa,Trickbot,62,50,62,0.000094,14
70a2e2d904736e848f36a005c3db7cbb6c50843e38ceee244cab7741cab1008c,Trickbot,78,67,78,0.000117,
70c35de561e8dd8ddbcd5f0ac00df5f19bd177441ec07db9e522e2cf3f76bd78,Trickbot,53,41,53,0.000077,
70e68527e00356e044338362f1a02fe5c7da0a973b61c1c43d7d35eeda3760f3,Trickbot,8,9,8,0.000019,
710d2f297fb305a1648274801bfbab0aa21f1b67c17de9d8a930dc6cfa162f6c,Trickbot,49,42,49,0.000076,
711b6bdb623357f0cead2dab10cec32ce695e98c6dba5fcfe0c119e559c5a800,Trickbot,65,50,65,0.000095,
7128bcf889a23f13ebc46df4394d3e929803cd01dec5af3ff655e6141a93a5bd,Emotet,168,141,168,0.000318,
714206c3a48b61662ab92028ab61833aa29da59dca20275f106c0f6ee5d8caf7,Emotet,178,141,178,0.000261,
716f13643c8f69323b014e070abfba930e3047a327940dc55b26f567f9e6c23d,Emotet,1137,989,1137,0.002248,
718e3b7e7b6b61662d4e30b9a7f972a265042cfd92960f2f75689cc51c55bf88,Trickbot,8,8,8,0.000020,
71967fac83bfc0ebf92410e6e3bec6ab6d049e1a09e9635badd2c39a7c726b2c,Emotet,180,142,180,0.000258,38
719adf5bca87b0d49482540443dba4218a10853e1060ac702d4910824f3116ad,Trickbot,134,92,134,0.000186,
71a02cacdce2121c79f701a4c6a735dbf3fc3c96db15b4f43463471b51be8c0e,Emotet,153,134,153,0.000268,
71ac9a4850b36d8eaabfb33669be4a4047c47798429d6c5752fdf137e83a906a,Trickbot,1970,1331,1970,0.003515,
71e7041631ddfe8481f2f17ac81db647673cde86fe580c40c7de6e66457c7e8c,Trickbot,102,86,102,0.000187,
71f4d0d499088082a9eacfca0b19576df3f8e77a6d0cccf0c4ac6d552e757311,Trickbot,183,87,183,0.000239,
71f601d9b3ee595ae826115371356286ca33fcfb491fa3a9f4042a0aa9c3cd04,Trickbot,8,8,8,0.000030,
7200622b656837ae817ebc0e7c7da8f4f2261da7aa70b9ef4c070a6e20222260,Emotet,298,190,298,0.000434,
72255a83530f9d2b8b2bd485feb63cd83104e82647b64e6f8840fba116184da4,Emotet,37,22,37,0.000059,
72384c222950d6a3c15709a9d8f40203cca1d652bb2de338c7d2be9104a8baa7,Emotet,991,928,991,0.001703,
7241c208a1068273eca2d48b01329dd24c028069ee6ba9a0682f340502fdac1b,Emotet,1062,977,1062,0.001861,284
724d48d66ac003b55579c0986cbf1310f02bdc67477fe3da3f1b2c96ead1388e,Trickbot,12,10,12,0.000025,
7271b9b7dbcd1b2b17f7662d65b2fec44cfb378ef43fd8a03fccd7fb463fbe87,Emotet,242,139,242,0.000314,
727b3bc017f24f1259da4e1048df0dd50e95f559f52b628990d1969a22f6d9aa,Emotet,53,32,53,0.000078,
727f2e7096516749f98585e35d4657e5928ae6d230277ece02107f46a309edfa,Trickbot,2675,1795,2675,0.005010,
728d04112dd8f7623fce970a8df62dc54c3e1355e1cabe65d5fe3f67d7723a17,Emotet,1089,986,1089,0.001903,
729cb687cba5ed739a26ddfd96ece59723cb0b3c225bb22734acb78b19571f55,Trickbot,8,8,8,0.000026,
72b79025ad4f4e48202877b4a465f453f8a046f41a2736f39abadd83cf37e685,Trickbot,1214,753,1214,0.001880,
72beaafa00b3dbd308396c5f1aa8180ff71fc5222e10c8d45d6fbc3564c2ee1f,Emotet,155,134,155,0.000274,
72eae553a21fb486828103df5227dea51a4c044eb66dbf12f067eb2d7dcb0be1,Emotet,988,939,988,0.002212,
72fc6ffdad5d0ca8036889b0710813e05728271cd48936bdcf91928d412e5a2d,Emotet,226,154,226,0.000410,44
73003a585497f9caf034373e0a2e1fd47e698dc3883168d2c744d98dd5d946ac,Emotet,170,137,170,0.000310,
73029871e78d30f866599f2c5b89dbd467407d132a535733487cc68e6ce9c191,Trickbot,16,17,16,0.000037,
730e3adc1db93cfc04c5bd3b493cac6bed905e2b91b552f455d920371b867b43,Trickbot,50,39,50,0.000099,
732da9c45f181f3ff43777e7e5ea1313d36a18988010c3d03000c7528a24b25f,Trickbot,1541,961,1541,0.002595,
733fa03380ed7e6eddd24105c8dddee1b18ee0d6bb4a8e6ecfd6e9cac5042b55,Trickbot,1853,1226,1853,0.002956,
7340503d3bd9217b6ed0d667a31b9070049a31144925fe7e4cfa187ac1b6b165,Emotet,146,128,146,0.000249,
73405b10f5ff400cd9e88d5f43b8ecd03af20c0cdb1738c3309b4ab9fa0a8bca,Emotet,273,192,273,0.000477,
73436c55941aca175a8eafd93080a7e8bb6c02537e5672e9ff51eadbde083106,Trickbot,77,67,77,0.000142,
7349c6c5f15ae5493209e8b2a03af187b2eb97e107ff27be695247cee8824b9b,Trickbot,39,33,39,0.000066,
735ce3bfcb71f612c1c970e514f8c689d760f291d26de45e0857e428d2ab1546,Emotet,317,198,317,0.000480,62
735fb9abd3114ea59a343ddb4282f399da2b22cb95a7c707216aebd94b0d53f4,Emotet,319,215,319,0.000499,
736d783434e14563a12ace1098e52213c008b4f2036fc117e22885d051ae437e,Emotet,957,253,957,0.001408,
738101c93e726ba3189364183cd40277a5365fda975435bbad830b108454b6e6,Emotet,996,939,996,0.002047,
738acd320293e3e6482828d6e95f9b7bd6e5f83fa9df7c86af28c7dc0d133d18,Trickbot,116,52,116,0.000165,
73c3d66a27044c5f57508565382af6a2a2f4727efcb374915ce25961679955b1,Emotet,287,192,287,0.000483,
73e4bbb37166a9937e3b9a3f078b2ef9e17d8f7482377d5e0a250299467aaacc,Trickbot,1269,810,1269,0.002165,
73ea0632d20710b13bed68b039d0f80d785a3323fd9edfa4a35870b7894751f1,Emotet,189,135,189,0.000327,
73ed634d2e3b22d074cd5befb112bd7abaa4725ac2c0a177a3ecdb9c41fba5b9,Emotet,174,137,174,0.000341,
73f3e100acdbb2a5f5e052ff2c601420c49617a78c5af9df3184b80a684f50db,Emotet,333,228,333,0.000496,
73f7b057774a69f7bd65841c10ed6e734a861b10f2bc78f1cd38831b119697eb,Trickbot,2060,1362,2060,0.003616,462
742ac7ffd8e01a296509a339864a997863f88c3b920752f16f57489df3607627,Trickbot,56,41,56,0.000092,
7445971f6906a13b69bddff5c4f42f92ac51b6655458336255da324322cd40f3,Trickbot,8,8,8,0.000022,
7450953ae9149c2e6797db4931dcbce186ec97b3c70131a500b4313d2ed2f368,Trickbot,75,57,75,0.000127,
74521eddd5712ad376c75137e2e678efbf737016e73647c5ae71cf4037b08234,Emotet,50,31,50,0.000087,
74569b3a39c283360c025c32e45281028f9c7d04d2a8fb698f882cf3c41a719d,Trickbot,43,36,43,0.000074,
7473c998f8aa199ee0672ba692b0b451a9aed940fafeea8c9c5caa8fb04eebd2,Emotet,70,36,70,0.000110,
74787d7c4a6e0132415cca0cf4770c0dea06472910b8bea9a3dad329afefa50f,Emotet,189,140,189,0.000294,
747a5d6195dea6f95e025520a8e992bbf869bc595ef87e542ac5675f822694ed,Trickbot,77,67,77,0.000154,
747e4e17788bc8b817480b0f4bf7c00a5918967d7ad0c34744999b0d71c514a4,Emotet,1049,974,1049,0.002197,
748a307c4697c23bec753f6771984fb42280a2ebdb93fb49864e694c91f73f12,Trickbot,137,100,137,0.000217,29
748c8e7e2562cf3cc5a7ec66970bb3f49c40905ce673581aefca29929f72155d,Emotet,333,177,333,0.000528,
74a7d74d473d6b8083c80c619eeb7f6c8b34b49732a3dc9a6dfee74704b4a042,Emotet,179,132,179,0.000321,
74df096b2ecd16c2a5b24e58f783a53d0747404ee62bbffe076b1727a30318ee,Trickbot,8,8,8,0.000034,
74e7d2b826b4dd468fbab74c53d430678a362c258ef7be1a7a06ba4b8091ab00,Emotet,1068,980,1068,0.001763,
74f41a998fb71f4352f3db8b0b9a747ec1f90be88fc5a3a6069864e9d4b3b7d4,Emotet,266,182,266,0.000382,
75172abfc240c87d38c8a7af9f1f39f482dab60667e2abf93e48714ab75fe147,Trickbot,81,67,81,0.000123,
751b8d9bf0e692d8e088d9a2692d2ca4784375e98bf0a91e765f81851021b383,Trickbot,78,68,78,0.000117,
7524d2761c46edc4d8b126064935a73e98e640e85083f45102161340cee90413,Trickbot,62,50,62,0.000096,
75332680f5b7cb6a3cf6189dc4b868fe65493ff923196f4cb6ca6ed99bafa961,Emotet,173,139,173,0.000313,
753569f8f7fd8ce1b4432266e00d153c1d38fdfc8d09f20077894725072d448f,Trickbot,3758,2068,3758,0.006791,800
75475fb40984ddb7c83638cb1f4a79827396ba7b638e501f7aff6293adb8cf51,Trickbot,1198,749,1198,0.001852,
7552d09d22db522a5abfb9d2a9e2db236c402df5992047c7b21cc693563b8fcb,Emotet,52,34,52,0.000087,
7562021f71e347f200131adf092ff31c0b5b36e668be76fbcfaff20860deba88,Trickbot,48,40,48,0.000093,
75730e6d44ef2a220e6e5dbe6807e78d61d6bac4b46ac785223ebdb67198d46b,Trickbot,1897,1249,1897,0.003208,
757433fd25dfd1d40bccb5e979d8aad20355c692d7d438452655e729ae534106,Trickbot,1112,716,1112,0.001736,
758882ef3c4af09d774398322d2b3e607e04139587948f24b66d49132d225fa8,Emotet,172,133,172,0.000265,
7588f5502a3583caf38ce1a497fe61d3b3f45f05bb92f5637b2510e2bcee9a6e,Trickbot,50,43,50,0.000095,
759589ec53c729fa59665dcd5eb56cc48414481c6be9700ef13bb1fdbda14734,Emotet,205,150,205,0.000363,
759f2962d8e794e44dbbd8f47379a2953df9bd91139850da8af202c27f34f0e7,Emotet,1105,982,1105,0.002305,
75a06b38d3a6554cd20daa309ecc2371a8df0b6a83bd805bf23015583cdb4512,Emotet,169,135,169,0.000343,36
75a4afe5e28536224d845de3ae8105f5fd702f9afcfa25c1285d56e70f731fcf,Emotet,154,127,154,0.000263,
75a5fcff0559474f9faaaa19a81eff147cae7054dd914b50707ce71d6fddffeb,Emotet,364,201,364,0.000573,
75b1a0f88ee778a822e7a2c970fd0eea8cf1c7fe85b8656830a59101a0130bc0,Trickbot,42,35,42,0.000098,
75b6b54cffe3d2817964752cd3fea94dbb36e055647d77b79847047ceeaf2243,Trickbot,1217,761,1217,0.002204,
75dca039c41fcbcfdd492d900c1b312907c8ba7e2271c07efa4ad3c514739bee,Trickbot,1926,1258,1926,0.003394,
75ffd2a7760d0cce51e2700fe9d21c2771343c691a57255694ef604b1b53cbe4,Trickbot,142,72,142,0.000202,
762db46b818edeb800ff556b78c5c5b857ab9cbb48ffe3b148f5a3b373dc6400,Emotet,182,144,182,0.000258,
762ea1ce8856f068010d3de7376af8d49094fd660766d55c16e99eee10a50322,Trickbot,1894,1238,1894,0.003415,
76317e39f0bcdeb04e8caa4ff74d8e8345c864b383a62613e67bd688a6bc2c14,Trickbot,153,102,153,0.000217,
7634e9128f76b7850fbb8b08e6e97afa0bd8d8d4515e91dc63255ceb1966fe17,Trickbot,1306,865,1306,0.002037,298
765ad52f560e6f54adf47e96f7fdff116f8f630705a7344760a85ef2ff44175b,Trickbot,77,67,77,0.000134,
7666b5aea8f9d29634c41a94212b99855de7d31cb53dac7df2d330574bb0e714,Emotet,303,195,303,0.000438,
7679639057ec85aaa7667d5239a9f12b393f45ebb7ef5dceb12c984ae3503028,Trickbot,8,8,8,0.000019,
767c2b8095e83a06d8b29582bec3f15407dd2cad0296f7f58c910b63cf104645,Trickbot,20,19,20,0.000035,
767ed18cd4ff8aa7c7ecb56a8618ecd3ab5011e7f3412bec55f49d21c74ef1c9,Trickbot,77,67,77,0.000135,
767f0dcbd4c7f63b901ee8585131cbf85d728739ea6872db560731e1b743418d,Emotet,1070,978,1070,0.001844,
768ea4309949d7a7903aa55f5681912d3de77b1ec79a02600fbb2a6670aec86f,Trickbot,19,18,19,0.000038,
76a641ead8091882b4345aa530ed0997547033bd54c5b43a627cd566d7572514,Trickbot,1880,1212,1880,0.003298,
76bfedcba705cbc97be4afc306686706aa4d8a90c57e6de1fc837e79f24c53e9,Trickbot,43,36,43,0.000079,
76c46a97e43a96688dc52ed24806b75812316d5560523e5c22362a6e4d75acf6,Emotet,456,214,456,0.000778,81
76c522f0b67de0f2dc775caa739b0884abd9b291fc8060756de05caed94e707a,Emotet,1124,990,1124,0.002813,
76e3be3e4fc8fa50b6c8439934affb1fc1502db36d3d4977f49bd7998f75ee9a,Emotet,192,152,192,0.000437,
76f40b003c1ac74cc36795739182f0b401e5b18ba813a8be6e6172a69f7fa1ac,Emotet,367,200,367,0.000618,
7712cc240fc057027174dd1a087a8eca8f85ab68e84aea9b204e7f04ad109603,Trickbot,1869,1246,1869,0.004409,
77191f8a65c72bf5a39df6f45c66e519770a8b594d83da75a9b7412b8e2c5d82,Trickbot,1985,1332,1985,0.003581,
772ec86dc04456c510a42dd8965c6da23e34b27a663c617e501582b1ddea0ccb,Emotet,316,224,316,0.000484,
7749227e89ec9e39061e124bd46d471225dc12412a6f5c9f739a7a66797e0fde,Emotet,234,185,234,0.000332,
775c6e705f49f3bc5c3afb95fb3e383b0b55260298efb91a02fcfee7003f3bd3,Emotet,266,182,266,0.000477,
77600ded565f808d87b74303f2ae06e6e8062ca778e2d55ab719b460de92164f,Trickbot,1476,877,1476,0.002275,
7764610c391e74ffe852018266e502135026954ff00dc5a91735c5e3d7a86182,Trickbot,42,35,42,0.000074,10
776bfe2536d5d8daa9fbd95ae15effccf57a25686024b583a08056b46079626f,Emotet,331,197,331,0.000508,
778d100b16d9e7bbb3268e22b725aa6a96fe43e8d2d325d542f9bc3c63335650,Emotet,161,137,161,0.000270,
77904d0455386f4c5dff9b06d8103c1bb85ad6f153a9d1498ca98a0b7e9ea846,Emotet,282,194,282,0.000443,
77a7beea7ca08137a26d8cb8e3b80284ef165757fd9548e074c372a381c38dbb,Trickbot,50,39,50,0.000105,
77b86aa3bb72fba5f9c5069f24d0b91cad0467cb641a4ec76834f8bb1f1d5061,Emotet,35,22,35,0.000064,
77c34e720e9229ebdc8eba458d6a5f79b650dbf0c2bf4c75286d1b25b97be7bf,Emotet,987,947,987,0.001792,
77c79bfd5ba20a72f5f2eadc94f947b0176709190f5d1dfdc6940dcaee845810,Emotet,253,185,253,0.000396,
77d5e69283cc3b22b0c4199c2ab99c10ab16ece982339601ed67d8964f85aace,Trickbot,8,8,8,0.000024,
77e063c6ad8cb7f6482ac9f03cc7f2f92375d832f4c7bfdd66efae3d0a1a2e1f,Emotet,430,229,430,0.000630,
78789d26eca37d1a801133bda3765085a3115e67ef8f9336c2603888e4517a0b,Emotet,180,137,180,0.000285,37
78e74b78dd4949d9468567a049814a632287367c0e501093e33f4c24485071d2,Emotet,20,12,20,0.000038,
78ecbfa0f2b52e09ebc31aea03bec158323333516a66e174dd806fbdc68c4f89,Emotet,206,149,206,0.000331,
78fbcb57220bf5d855e985732ea7da9c21288a5047f970d66d016f9858e8bdbe,Emotet,1070,980,1070,0.002183,
79103c3ec8cca02c531027d71614de1f112724e5562a58c4eb239378d8d3e4a9,Emotet,276,183,276,0.000493,
791365b628f71b9a9b0e678ca25d3b5e48084e4d001ceb39abb43ec866094277,Trickbot,8,8,8,0.000024,
791436c10cb0c6f3b4b2dacb7c4dea5265b2d5627a3dd4e51b422d8aa7d071f7,Trickbot,80,68,80,0.000139,
7923d3fac34dd7d436953127d1bc7dba4265a2a46fd3b78e083124a81353ba49,Trickbot,40,27,40,0.000078,
793c41da00bd58fdf51c24380de22ad8a3bbd0782740e3733b74535738369528,Emotet,274,189,274,0.000370,
795296fb97c6e1cc22303e2a4eda5f01c58578c1c1c67351ecc41f39c1f933a2,Emotet,215,155,215,0.000337,
795330ba3bbd18967632b2ea2448686dae606b35014300422c4099103c4e6908,Emotet,311,189,311,0.000527,60
795acf83944ba2ebb747c52ef1afda5a5b4333a63a242c23b4fc00e1991be329,Trickbot,1925,1240,1925,0.003427,
79616845465c1645652e686a177867e6911596a188046e5fded993d329556b44,Emotet,154,129,154,0.000225,
799e55a5a2346fc9136a03c65e71c3773b7bfe42d0fa8586c8a1a7fb60a6e3da,Trickbot,19,18,19,0.000036,
79a1c8da920c0f3e7542ceb9cbb4fb7f486afaaea9726bbbcf3d2978d137e6ff,Emotet,43,34,43,0.000073,
79b79f3bbb0af7d15aaeffa6b05cf4aadab7c9636e38f9d9369ff4d40547ebe7,Trickbot,9,9,9,0.000023,
79c70a71c9a57ba249441c6c42d7692d0c207db87c666224ef22dcbc0ed08192,Emotet,30,21,30,0.000052,
79deb3cece524a285706af386c1483ca4352344f30a224420a8ded9c1f8e7b42,Emotet,333,227,333,0.000485,
7a00f1f36a2592cd2cf2b86aa94cf168be1af8d87d5f86cb720a286942b69f2d,Emotet,216,142,216,0.000353,
7a18c2074b5376d6305c3716a00c3963f209bd7fcc92adcd6e1d21e7c6d9463b,Emotet,1031,935,1031,0.001753,
7a2e1b1fa4c92d0bd4b59447b53e84d274e53a5555eafa089c870594679eab83,Emotet,970,938,970,0.001661,266
7a2ff8a264c5abdfda9f649bec1fef838000f728a922ca9e938fe6c9c240ff27,Emotet,250,177,250,0.000404,
7a369f8a1095bfc3748bef4b55234274e352b8e274302d5827695f3feb8923bd,Emotet,167,139,167,0.000238,
7a39e395922eccc75d05b41705920ff776780f3fe57d758234907adb0888bad8,Trickbot,8,8,8,0.000030,
7a5c9a9a1bfe1708550715a4a884fd5f75ebd282de44b5b58d962e2ea7ef226e,Emotet,239,157,239,0.000374,
7a605225ec3f23100e5b787f919409b099b43fa94fe2cc678e294c243f314d57,Trickbot,1851,1199,1851,0.003203,
7a70d6b4ca12e8fa7e3e768c273eab343b897d3c2958dc07889398e7971c3118,Trickbot,1842,1225,1842,0.002952,
7a7f89df181545abad1bbc0d6d77fce950a663a5a74edcac82cdd7d4282cb69a,Emotet,1135,1010,1135,0.002224,
7a96bdc092ba40332c6df2f2b76375aecfd31ca9035e4a38e9b27f7255dfdc0d,Trickbot,8,8,8,0.000027,
7a9ed8b567d5c70ee921a904b33d84b158874bc46027b0c5422c630119ad6df3,Emotet,301,187,301,0.000397,
7aa283147c3806ddb75c4ac29e981e7a863fad757d123ee839fd5036a4c11336,Trickbot,8,8,8,0.000026,2
7ac9e7e3eb84cd3d575c76bde0c675c636339b23f5891c236713e9fa4523f238,Trickbot,95,81,95,0.000158,
7ae0ad358f1ab9f327ebc12bbdbe084c95465c8c97aef49cbfb8079a942bb976,Trickbot,1832,1230,1832,0.003672,
7afc294655482967822cfc3968b71630c327be6cfbfa28d3823597fc4aba7068,Trickbot,83,62,83,0.000158,
7b01fc45b260467c97b475a56658b4491f7d79403a659cf9594445277942d226,Emotet,108,63,108,0.000142,
7b08b2dc31cf390ea88dbf51f1f33bf6a2db1bb53ea8841b4b743982b6b90fe9,Trickbot,17,17,17,0.000033,
7b10e427bdae3bf6f14d8867a47d6702c8bcd385c2ab43c3e749ee3197b44b93,Emotet,162,95,162,0.000219,
7b1b1e3b41a752c180411a1923f7dc9bb63f861034b59e5c6b2caefa76744c1c,Trickbot,1936,1251,1936,0.003800,
7b2955a138cc08687a853a267ab1c8eb3221c10a73ba2bf891c4e73eb4e0d3d2,Trickbot,249,157,249,0.000429,
7b3c47361cff281ba54aa5004a76c5bb857f757fe31cfcc9ab4c74fb4d294e4d,Emotet,38,24,38,0.000059,
7b4b01443d7aad5e3ab8ebec48e84c07f4c2aadc271dbb6368813b726f091fa9,Emotet,457,323,457,0.000653,96
7b58126df5881908cc63a4f571e25d6861476bcea98aa36c28393c3804ea7996,Emotet,292,197,292,0.000411,
7b67f0337a5b7409cb42e683d0b394e65a26a747c2e72bd6c838a3b5bcf88c34,Trickbot,20,19,20,0.000051,
7bacf54243fa25a116f73a2faa549dcc9c81447bf4d1cad7971dcf77025b14e8,Trickbot,8,8,8,0.000022,
7baf734c18963b94f327d87ac2eb4dd87afa6d7da17d330f54469ad71cc708cb,Emotet,311,190,311,0.000445,
7bd3e247924d58b318a3ffb2569dcf5de1b9e9fcf827657606b79a1c30eadebc,Emotet,119,68,119,0.000188,
7bdb7abe525c0f9ea07919080fd3f4f932658bb154e785297c09903f3a20dddf,Emotet,594,216,594,0.000953,
7be0b6b07243622410c59e760dc0f30dd3e639f7cc14c4ea2d384de45c1217e8,Emotet,173,136,173,0.000324,
7bf52a2061b0aa3a85c8187c1f983d41b23479a180827abc3b3c71f9516579b3,Emotet,17,13,17,0.000035,
7bf5a463b9ab221e5a6bb87470157f0f2a1fe3cf3558b59f14712d920aa96916,Trickbot,8,8,8,0.000024,
7c06d50bffc33fc942e93339120f1ba2d19a8f410948d29b51d739044ac9ae72,Emotet,35,25,35,0.000067,8
7c0c4f930cca86027e5765b5a088ccde95898e08016b76056b4c1b1d8c3de9e1,Emotet,666,190,666,0.001131,
7c1d5219116f3e10dbd5d35d69b539d11a69cee6b950f9b1424ada85b596cac9,Trickbot,8,8,8,0.000040,
7c2ef64f76f50d6c710693bb2d8ae1b189a9817e602583fc5c2d2d0a88f7cb09,Emotet,286,188,286,0.000553,
7c379a09df4a0651a626438b7a4172ad7423af8069f0cbaa5c814b0fa5c627a5,Emotet,153,128,153,0.000287,
7c3953454b0eedeed8446055d0a23500db65138f167220d8f573dca15df2a23f,Trickbot,12,10,12,0.000040,
7c438b52b1ffb7cb5ba7980b40e3126b264a20a33f04df5f2d664e8a09f9190e,Trickbot,1914,1240,1914,0.003337,
7c477ea2e5875c06a3ba3f700edbd2ebb4b85f65868ecdf199ede90ec50c7084,Emotet,38,24,38,0.000059,
7c4f0e57bf0b0d1ed33141259eb69ccee2695db328fed6aad697f5a212ba2038,Emotet,177,97,177,0.000305,
7c65c5d77d3d76e203da84497da787f1a3ba20e562980b5159d8e33b501bea5f,Trickbot,56,44,56,0.000091,
7c6ab79a595ef69295daef52f1289a014d1f92680cf6ecaa5f096cbf91e4db11,Emotet,270,184,270,0.000389,55
7c714c6dabc670076ef2a7ca0467ccd109f1c42ca811dbde62caf65673b5601d,Emotet,1091,988,1091,0.001996,
7c8edcff88fdeebbdc5a5a5e4440545fb125f7a11cffdbea0a1e17758dd61dd0,Emotet,197,139,197,0.000287,
7c99d1edcc269c103646d72911ce23f3effd3ffba2ebd60c793d5cf1578cdf51,Emotet,946,921,946,0.001785,
7cb0d90e7e4a4e614f56866b5f39bb78ee71a3b2c7c7dbc67ebc355983d08d56,Trickbot,1110,757,1110,0.001853,
7cc4da7bea8620c5ae61622b2a56d79898821d0670bd7f0466a00abb4d029a31,Trickbot,1903,1237,1903,0.003689,
7cdc354a95148eb6bc46f910d04d0658e33d06c124061bde0ff3bbc9703e0b7a,Emotet,952,929,952,0.002105,
7ce74da589bf4ed4b71c864b9573ca0d9575b258630362a91e63742cbab5d85f,Emotet,383,229,383,0.000670,
7d1f78c0012fbc6150812cbf5a1ca21f771af439d314adddbfc36ac415af7975,Trickbot,104,60,104,0.000155,
7d2b76667aa5ade2aba626ec54ef25f85f245883801030bbbd36aacd687089c5,Trickbot,1246,790,1246,0.002015,
7d4d7f119179bfa728359b285ebc9590447d5a4a2e5b166f85dfac979cdbe463,Trickbot,18,18,18,0.000041,5
7d4f9452b694cf41c43c74da0a207b4689adbe9b2c8fca90cba620bcec9d588f,Emotet,52,34,52,0.000083,
7d52ba9390eb61c240824b569cbb8ec1b6caf4f658c6337af9297b194fdc3ea7,Trickbot,87,70,87,0.000146,
7d5ad2b5550917b44c3f9d93fa644872d233ac9dc60fb44a42f8c156a4d6607c,Trickbot,111,81,111,0.000172,
7d73af69918d9f4ca01d551c2d576ff02c2d5ebe40699b6a49db3db64ef1111a,Trickbot,17,17,17,0.000033,
7d7a8e352f6e2e5a706d48c514a74da43c9d22de5382027c08d44f39f105ebd8,Emotet,157,134,157,0.000244,
7d7c9b407e4ecb92c554a8813625f9e27b85231348f0ebbb0ff3531488160878,Trickbot,77,61,77,0.000131,
7d7fe3d580c36bc60063d84fef214d411dd5fc600dc7d6addd709cf1df8b05b7,Trickbot,82,60,82,0.000145,
7d91e0a0d97d9f2d26b3eae6b8700e7209ccb4bbd3b2214150a1ad2e9745d038,Trickbot,1156,728,1156,0.001771,
7d9bf5bd57811e77a90c829761c93753d3e9e5ef2f0f2fcfec41b4482e7b7273,Trickbot,8,8,8,0.000023,
7da3805b15d12d98f1aaa96bb4a4c6bdcabeffeeac4fa6289ed90a4903b91741,Emotet,1019,932,1019,0.001721,272
7db5a231b603c536bffe98eff9fefbabb78d8f573f77c85ae808f2593fbb3b31,Emotet,265,177,265,0.000398,
7dbf2871f31e7480cb4a9bd762cfb699da5952ae95e79b421fb912d0a728f823,Trickbot,42,35,42,0.000069,
7de5089337ab6f2f5a4891d3de41c6726d4f91dfe7cbe77841ff57c93a5d55d6,Trickbot,43,34,43,0.000079,
7dea2c8ed99b2beda9893ac6c9bb871a2c724d1743b816dcc4240f0bf62a938d,Emotet,332,195,332,0.000519,
7dea82604572705f4329aad4e519a7bfb87bd5175ad9fd8436628b5934e6a226,Emotet,174,144,174,0.000277,
7deb838e84bdfe6e407a96c873eb51c460b60238211024952a5c33f09fa81745,Trickbot,1404,866,1404,0.002429,
7df3e69b8bedd5b812f3b7bcdbeb65cdb9b3eabc3495c898745d07a423ffc05b,Trickbot,274,69,274,0.000341,
7df4386ef64009dee2474aafb4cd572161bae2776432e79c3164819e1fe2f62e,Emotet,36,23,36,0.000055,
7df5dd1cf9cd9b3b06a2c918a269021c0e72a2355a73afdb14284925139b0161,Emotet,953,927,953,0.001837,
7dfe2cfbb6cb9721e2069d133f9f63c465c48f2cc3bf225d72225fbe60a658c4,Trickbot,1848,1224,1848,0.003443,416
7e00876ee9dcbcecba1385455c93fb742ba20f32ee16168b6ea7bfda35db0f14,Emotet,177,139,177,0.000304,
7e1100b4d090e0b7e19ae9fd23152eb2d7b9a76f5b43dbfd0d78f6a6dc9e8cfd,Trickbot,53,41,53,0.000095,
7e115f8e1126797f031c3fb6881f108c88f2d8da80348b98a9c6d2309acdd867,Emotet,187,143,187,0.000285,
7e29f75cf9e67f6114156eb31bd5d4c5ff09d655c2a532d71b5f66a8cee1fcfb,Emotet,164,133,164,0.000313,
7e2dc5a7104b056f68a09e16d2ee9fdaf92895a2524757d1a6b09f2953c98078,Emotet,273,189,273,0.000467,
7e4d35e8a88c6e5bf7ac178eefb66d5c9020bac9a0194a0041d56ba0fe2aae43,Emotet,192,147,192,0.000296,
7e73bab18e7e71c25df874ca8e35350fc7df0fa3d05b084b7581419b76e92f84,Trickbot,17,17,17,0.000036,
7e73e4c6b25410870170465a0cfc5be3270c107a057d587bdf9f03e00216d69b,Trickbot,42,35,42,0.000087,
7e836605823b8ce6a0b941eac4d7199a4c1813751e9869ad66e329800addea58,Trickbot,49,42,49,0.000086,
7e86db8250f6d09ee52a43193fc7ad273d54aedf7bf35ee0ef66f8ebf6009c7c,Emotet,268,184,268,0.000433,54
7e91ac3b5c491c09ca7592881cbeba5e65ef955a49a320d4a8fa51981149c7de,Emotet,157,136,157,0.000261,
7e93f3f1f908567cd3717173817802ade1c0548ed524ca42ae3215ed58bb455d,Emotet,150,130,150,0.000236,
7e9599f82c62f68450437bfc299241ba251eb4c9e2841cc9638ae8058d357722,Emotet,154,132,154,0.000239,
7ed3896647845316c28ac4a50fb845d00c60569bc7a817b278fc03dbb1c570ba,Emotet,329,207,329,0.000599,
7eee9e4395690107b342c8130152b96510962467a98a6a7a5b158425dda50e2c,Emotet,206,163,206,0.000297,
7efc8fd5b5af74398b86670a406ecc50c40b6407bea43f8d2e12dc55ee613a3a,Trickbot,45,36,45,0.000103,
7f048bb4d22b487aeebdc5aae8e04df65e830f394ffe505ee177b83060b20584,Trickbot,8,8,8,0.000024,
7f08406191c81695cc56e1c6eafe01740c8f9d99f81622bada6627f64224597c,Emotet,265,160,265,0.000376,
7f198deac8ecf78fc1658728669c1523176a65d71e95605b28991b09a40a6259,Emotet,1009,948,1009,0.002006,
7f22300a0e52536bc044dd4fdbac6b510c622bbfa8c40c86af8c4ff8cda018d1,Emotet,179,140,179,0.000260,38
7f3dcb676910a610ef1fce920ed4b406a15052188a26ceed2696bc3ccd6250b3,Trickbot,1445,920,1445,0.002224,
7f71ced9d0497c6e9dae1a81b5dee0b4a2b197316e46bca816dcf567eb87e5f5,Emotet,20,11,20,0.000047,
7f7549f8c7fce632cb3ad35284a462f5712aa8b793bd01ddfe013083cd508976,Trickbot,85,71,85,0.000123,
7f7608e167e1e741c7f4e58411002b731bcb8a2905a017fba94484b9a678ef4b,Trickbot,50,38,50,0.000091,
7f7ebca51d0bafb9b4f2577e1416a63a7542813b7c6b4b3b474bdae79c30bb10,Trickbot,53,41,53,0.000077,
7f7ffdceedb90d45cf2bc69cc9b145d1d5738f4927641ca8ccf90d9bf39c0edf,Emotet,376,199,376,0.000564,
7f8606ec3a585c87cc49af394e82113eb136446ce0142e612997ae7c391f871b,Emotet,138,118,138,0.000200,
7f9c03bc34142006e1ea30e091e8539e2b2a8b7102f12d9b7c385f150aeb23fb,Trickbot,1314,805,1314,0.002193,
7faf44b4372e920fc42b920de48ee89444e9e4d23ec368060dd2587deedbbd68,Emotet,19,14,19,0.000036,
7fb0ed352b1038cda4001b09a6978128354fb54776a79b0d333063f0254cc017,Emotet,1088,979,1088,0.001936,287
7fb163eebadcaedccaafe10da5cce1e3887c92d3af20b2613cce317b08c19914,Emotet,1127,983,1127,0.001847,
7fca3b45ca5000a7d52fb16e2a2065e8ef24c3f55f2f6581f25602eaf02be544,Emotet,178,140,178,0.000249,
7fd36d7acdc7c59e49397ff84dbcf733c19ca54108988d7ee31fb5b6a8415efd,Trickbot,1961,1268,1961,0.003312,
7fd91ddcba9c1c620f0b73e01ef8947a504a8f34e51ba8dadf39be4a53d7f79b,Emotet,346,205,346,0.000494,
7fe5ac4989a62c7245e15e8ed05a9a732f14bc2cdf0c8e6e2e59654fba6dfcb3,Trickbot,53,41,53,0.000088,
7febf8bb64831258fab94b77e231bf704e57451bc7bed2242d58f97e48062450,Emotet,46,28,46,0.000079,
7fec3da17f165d44a58429ac0a59d85f88d59d6743e6b44422d7eeea0cedf33f,Emotet,271,180,271,0.000363,
7ff407af7a666339d2055a3f9d9c41946e127f12780a1d31195b1c7c75c0d46a,Emotet,316,230,316,0.000462,
80048f4537854c73c3a77a4a746e436e60c75956a3823e979658c6dad919e47f,Trickbot,72,58,72,0.000134,
8008714dff26a688a47222c491b6483b11c9972516279373f6f4a9848f2adc74,Emotet,39,25,39,0.000058,8
8008c0a786405b1edc8ba5fd30f5b77d7ca24cb976788e25cfe070728d58c157,Trickbot,1828,1240,1828,0.003030,
800a36982060c2be74f34bca15cf643bf69a26fe442ad32820ef782e035dbd07,Emotet,263,182,263,0.000365,
800e2d0705e1fdad4995c7e1864cc2da9258611c5f5c015666105786f802ac62,Trickbot,17,17,17,0.000036,
805ea4247dacf9a2e67c9e65e16d39c0ca180444ef4c581c1c3f78c578203462,Emotet,54,34,54,0.000087,
80bbecbcb5981e91d43c36a16dfa845e851f9b18e764f27beb5cb9d197f8ca26,Trickbot,82,60,82,0.000116,
80c3a0a56b18babdec4539b204b836b00d00a7b91707e2bd7ff9a9ce97a04df0,Emotet,225,159,225,0.000369,
80fb4429f28da5e09750b878745beff4dae7241dc8c251e4d9bf9dd31c073cf5,Emotet,181,141,181,0.000277,
80fe9752b5bc963acc6371cedae69a4dee42d8169aa87ca0ec1ca508a4d85624,Trickbot,10,10,10,0.000026,
8105e9cdf5e7e5ec750220fa4771b4e97aa5c3075ff426764ce510d720c288d2,Trickbot,66,46,66,0.000126,
8126f338abfe9c7f604ca8cb2d389277fb92e3736bd710a706c49fd3a109e86b,Trickbot,1849,1203,1849,0.003164,413
815a7e06076f9a8fb35fa4b87bcdf92cc167b048b02ce90dc369f807af097803,Emotet,310,163,310,0.000438,
815e4a61ddd347eed2a9bb4dbfc5ad9bfb7f0d6ef31d041cd7a8d177610e639c,Emotet,30,21,30,0.000045,
817bf031019b6c8518fc590a0ad8a30954ba83f4002ecdabb180fa831e0759e4,Emotet,205,145,205,0.000287,
81950a88c14b926fded483424ca0d1698efe4c3cd8b44718204ca5754d4fc142,Emotet,386,232,386,0.000599,
8196a31a0083bf20b6938084cac2268c307dcf103f4c483ee83654fd8b1b1c67,Trickbot,43,36,43,0.000069,
81993e6b179db53b126571ed046755f253a42397c7bb80cd9db78ce69ea81403,Trickbot,8,8,8,0.000028,
819b8ec26f74735019f69f4c8e277dd10df30d5cfad4c96606a7ed8299cb3c65,Trickbot,8,8,8,0.000025,
81a48dd709a384b32f5d9c43253e319a56288276f79010cc3c5295dc3e1775dd,Trickbot,17,17,17,0.000037,
81b20fdd95a1b8efcd69639d6d7f4b817b4253ff2b7ac9813483f3460f984dbe,Trickbot,98,50,98,0.000137,
81c67000a0e852bb6a76599401c840a79ef9515bb0dfc51de47baae31cf8ea92,Trickbot,76,66,76,0.000114,17
81cb2757ad0a7698f69a4298c7563ad4b86053ad4ceab6c469df5567332cf274,Emotet,54,34,54,0.000079,
820325b0c99f533c2710419c9721e30c44e7e049bfd43bf1073090bc07dc348f,Emotet,294,193,294,0.000398,
820d62ee15c045e68663f88318e579a61c7a7a6f5926bdb1d9c832285275a171,Emotet,202,148,202,0.000335,
8222221664bf78909898d1501d2ce5256be8226fe5301393d4f824646e628916,Trickbot,25,19,25,0.000046,
8224cfa211fd9dd5453009936c6a6de5ca02e555d3242cec8e4a88b1149a8a98,Trickbot,83,66,83,0.000142,
823970e0e97d8558fe6bb844114ca990b6ee0f746f454862a2dc87281b4e9576,Emotet,193,151,193,0.000344,
823a1d64fc7bb25f14e7509f5b255d5b8ee9f90fe8fd23c0a68ba0fc59cedb4e,Emotet,240,149,240,0.000339,
825372af2aec134e0f30ac257b64c0355b3e4681a1996702a03c2b3d2fba46a9,Emotet,180,142,180,0.000289,
825fd92d285d77a6184f447337bac2386ffa94e321de018fb86b0fcd615daee4,Trickbot,1896,1239,1896,0.003334,
826e519579c74530b7a6d1a03c58ea5b01bca3943d405aa9cbf5cda2e4dc00fe,Trickbot,3843,2119,3843,0.006348,816
82a435d4c3333bc0b85ff18dafd20e37377ab9ea4150514f0b543fa3702c0433,Trickbot,129,95,129,0.000206,
82af9ce9081280ffcb603df3d5685201dd781762227908a9674076a0b8041467,Trickbot,1179,745,1179,0.002051,
82b6ece32cc2861f2f1501f0df78cd015348c36860101dfa70b797f7701c17f1,Emotet,280,192,280,0.000458,
82b922b00dea25833c437b57afa0858fb96fd1f6bbe622aa890430aed190c636,Trickbot,1522,969,1522,0.002653,
82bf7043addac1ecaa6592ef6c9e74f6dc999fb16a1a2b34848c32ab29258148,Emotet,166,137,166,0.000298,
82c5a5cd90c07821931536996aeb4e1bed0cb111ce6c09cec40c3cc92733cf01,Emotet,944,917,944,0.001767,
82c5ca67eeb80321ee37bd15658cac9bb86dee29f007c8d41171de1031104a4a,Emotet,1154,981,1154,0.002171,
82cfd2769a7482d09d588f2cbd949f8d48a52f7a6bf154206e5037430d66b3a9,Emotet,169,147,169,0.000272,
82d6e823b0df9b0851c3c74a4af66e90763256df4a97fa2aed9b37bc8914e1eb,Emotet,1124,980,1124,0.002067,
82f5fcae1c840f731be5728bf84d992e444cc6b74c984cd91150491274d832d8,Trickbot,1517,1001,1517,0.002508,343
82fa9afc2dbf9a545d3c470423eb687ab41b2350982549cd46fcf6ee390f664a,Emotet,230,158,230,0.000328,
830120464f69afb34c2f047203ee8d3ded9f91f394421aa831768aa0964b0d8d,Emotet,181,144,181,0.000304,
8306dcb9e5106a7871f235561705cf4898c359c8f677b50757b6db00949412c1,Emotet,139,88,139,0.000197,
830bc99a06c5327d313119f8f31c3310a427e3e1f5d005be8d54377b923c2bdf,Emotet,1268,1019,1268,0.002415,
830e8dfc305159883d46e77bcd7deb761fe25a992aedc86568d54af527b69b57,Trickbot,1151,762,1151,0.002064,
831f367ce1bcabc4afb4144602c8aee7741758c55bd692b46109ed5fb02e5725,Emotet,312,229,312,0.000599,
831f9044abbfb39c41901ce3e51b0838af8f55ef562f7511ee345bd93fec0c91,Emotet,187,135,187,0.000291,
8333137d968572c4fdf6eb7c7bd6cb72a5bb124e98ab3a64931fc8876319eb40,Trickbot,99,85,99,0.000173,
839847979c3ce97658bda23a7aff57496c57bc2f29876248bc6507ff9af5473f,Emotet,357,200,357,0.000557,
83b59305347b3939113353adcfd1f8cefa64f97a7ef58dde3d579471b4f0b935,Emotet,1096,977,1096,0.002206,288
83b74629df7b51ab14e453f1b0479692b4d5caea2150996240d8c16630ae26d5,Emotet,184,143,184,0.000317,
83bb29c6caf0adbdc2c2701534e428fa243988738303c958bf4a7da9324f17ba,Emotet,298,187,298,0.000450,
83bef57139648ca572442fcf54792d9ec6eee219ea04e2e7cf7fd88c2ea53d9a,Trickbot,1296,848,1296,0.002532,
83d4aafc951a45ed97af674244b61267ed67fde1b9effd195dbea510a097f43b,Emotet,160,136,160,0.000309,
83e0b9663df756f9bb975beae3b9bd28d34897fa58f0952c0fa21c8ea385e10b,Trickbot,77,62,77,0.000169,
83e73e3d1c296d2e1a7730c7e46b4ef312fdee04830cb53aed188e8cb04fe477,Trickbot,8,8,8,0.000034,
8411bfd2e0ab75c6edecbb65b9965b55c7eae39284b12750dff245cdd47c39c0,Emotet,49,30,49,0.000096,
841f2d715cbd5037af7aa1f4c49e29160e1aa858360d5ca8fc58a52d133b9e23,Trickbot,1388,822,1388,0.002427,
843031352b48594918cdebed278b5aa1649ff1c695ca81b6d15b945822c2c0d7,Trickbot,50,39,50,0.000088,
84372982eda69e205ed23fbbe58095aac5fad9b1d540a40d796d6f5737c904f6,Trickbot,9,9,9,0.000030,3
843976d3bbe28b4cc37c5edfddcb890de7b02d1d59b9dbdd352915d46bc93829,Trickbot,8,8,8,0.000018,
843ace3cd49052dd5a9de4be03645b9a77c61290774386ff5bad3d8b7bf48d66,Trickbot,8,8,8,0.000020,
843d7fcfd1d124bcb6b836f9076f9fdf2ad388352e8ea9d98fd60813eb04f009,Emotet,1060,976,1060,0.001905,
846343d2e76f4dcaa62cb706fb595d5325269200bc94d84ad61b4281d0cfd996,Trickbot,20,19,20,0.000044,
8463db993c41467a40c542d5e7cf71592df6bbb187895e2dcfe70a1d2ff8f882,Emotet,26,14,26,0.000054,
8483ab0cda4d1ee5c90e2117bd928d776c6f4d87e76a5a01a890ae115d052d0a,Emotet,344,199,344,0.000486,
8483b529e90722b2505ec634beaa3f27573c85aa074ed8621621cca7bc8091d5,Trickbot,79,69,79,0.000125,
848573818fff6b659a701d96bba446a121bb3121454341384f17224b757d2174,Emotet,342,219,342,0.000598,
8490f35f993fda3490820c7fb592a7d100eaad035d77e4824a46d159ad937082,Emotet,276,182,276,0.000378,
84953155350aaa7ea98af7f094e1bd6b2cef9027b53ed89cf339ae44321560bd,Trickbot,25,22,25,0.000044,6
84a09b497418f2135673f4a5537efbb0258c4f95dc97a36901a85254b1e6f709,Emotet,30,21,30,0.000054,
84ab8130ea0b71a112e62f6edf53c55ed96053053a67d7ba5b913564ef374215,Emotet,208,148,208,0.000286,
84d502cd0cf50177c338463f447556c38791fa73aab45021de09561314d66b88,Trickbot,9,9,9,0.000028,
84ee4ca9d959cdfeea4e74461f2a60c94853723298be2fe97a5c2755af30766d,Trickbot,8,8,8,0.000018,
85068b3909162883f8de921bcd0e5ffafb874ed9bb1bd0e950e7f0da34dd5cd8,Emotet,54,29,54,0.000073,
85174b906e595592e438c811692aae6fc782ba192a6c9954af1f085688eb7d6d,Trickbot,17,17,17,0.000036,
851c48d636f53823a1418a92d1d1bd4a55e5b890a5e7b1568e800afb22127daf,Trickbot,1844,1224,1844,0.003204,
8521109f6c006e4a820140497f98e6a485d771692a49b14158ec9e425a838cb8,Emotet,257,189,257,0.000390,
85214181f204f3f8b97f003329b9501b5f8f2aa7651ccc7a05ac7000184d7699,Trickbot,1457,925,1457,0.002417,
852a4b6cbb5a1cb333c266d27f4f15576d09151b4d7249e3210116d6d4fc53fd,Emotet,1083,980,1083,0.001910,287
853e6455d1adace28cb9ea7469a64b19eff6557658dbd8b9012940511713ae33,Emotet,33,15,33,0.000060,
854ccce0b05b525184b24d2bee99f33b436790b072eca8f6365b0990431ebfb3,Emotet,1162,997,1162,0.002354,
85607f0dc7bf311bcb3e899743d843bf584278e22c0addd014c9109d4ad54366,Emotet,297,192,297,0.000444,
856a29d6a4f57bb03a2ef867adf5c9f5eb18c5001e52576a9e69c2c55e22e8bc,Trickbot,39,33,39,0.000070,
856a87759202ac308a51e6b7e108bf3f564eace72c45bc9d9024bcf3cbb43f70,Trickbot,103,50,103,0.000147,
8590e369b0069ccdfba4ef4d376979e9b37f076e143798319f1b2fce00748fbb,Trickbot,45,36,45,0.000104,
85a76798564600054c5262d7934004f0d3a025da1b17be18f487b05da9630042,Trickbot,17,18,17,0.000039,
85c66b595d766e9d07db75eba47f10f099db152548388ae31f7ad9dbe3e34592,Trickbot,54,42,54,0.000091,
85cd4eb74877ae9880215d785fd05ea57a2aec5106f4d5a4747bfe5c415aa30b,Emotet,34,21,34,0.000058,
85e2b19fe3f5ad64f639a63e4d0bedef362b86f035b9bbecfa89ab20113ce50c,Trickbot,8,8,8,0.000025,2
85e57fc1887bd3284f6cc13877fb317adfd2d590c1cd2a69f570d27fb32d4b2b,Emotet,49,23,49,0.000069,
85ea4203608cae3df7050692686ce306f0cd5597f50d8792076be5ff2db20b8b,Emotet,155,132,155,0.000243,
85ec03fdc3c082cfdd9b235afb1c204f7534b3347223fb2d6744a951799d0c01,Emotet,318,196,318,0.000479,
85f41612517a7e60582b9ee98f71a88203cd8941a31bc2d34ab5f42f89ee72e7,Trickbot,1331,870,1331,0.002236,
85faaf520f113fad9f5b1a5f0eddb15e58d126977ec4b16ac126cd83b8f45f4a,Emotet,144,90,144,0.000195,
8600d6e4eddc9fd022d4f4be33ea33be6d32440b074e2cf786e803596ab8c1b7,Emotet,195,152,195,0.000318,
8602e8334a29bcbbb609f4be4d9036628592cce976be34cdbca604cde8bed54f,Emotet,63,28,63,0.000103,
86068fbb5049bc2b03dcefc6b484385265b73161d3e12d39c738d6399669482c,Trickbot,8,8,8,0.000026,
862b25af9284144abea5e8de6193c20dde1b107f016efdd34e668c678d8279b5,Emotet,1101,1010,1101,0.002118,
8638d88f0af18344797ae2a87781f803be702fa45f6a54d81ca31a35977b00a1,Trickbot,1937,1279,1937,0.003130,435
866bb59fe343f834ef66ad730201296b17c80b6a2fbde47e2444ce43c811d2dd,Trickbot,48,37,48,0.000074,
866c8c3f076bfcd566f76325b5280a7992f944ff4c90e4a47173316e6204d1f1,Emotet,169,139,169,0.000333,
866ca5d850a1fd5832f0981d49c5b8656f9f24217ec8410365bceb764353b076,Trickbot,3426,1300,3426,0.005358,
867066f0426f5f34611c8ade6f15745da2916dedc41f53e47c73d89282ff4960,Trickbot,1269,803,1269,0.001888,
86a1418e6f5db88bc45ab9bf3e14807981857cb5fdce29f81d477aaa5c0e765d,Trickbot,42,35,42,0.000065,
86b2e03314bec3638b30a3d24e071efb4aa81a70b8361dab47ba85fce4240eca,Trickbot,768,170,768,0.000875,
86b61718556eb1860dfe88161fc0d659007c0795fb8f1a023034e5d9d96f7711,Emotet,63,33,63,0.000088,
86c1735a9da637679eb199a6ea1ea65d1c63ec7fb1f3d98183be8354c5515364,Trickbot,16,17,16,0.000030,
86c4d9de297590a0f07589815ccfd3350b4e77772e95a10198aaddf21919ccbb,Trickbot,28,27,28,0.000057,
86cf0875d562177ec1dea0c817196d425683d9e3b6ef6013ca944fc9173976ad,Emotet,250,181,250,0.000344,53
86e09b32b61fc9aa98a927d401505938bd6b5ec640542ebd34899abd51ee85c9,Trickbot,18,18,18,0.000033,
86e1ee183341603e2e0c79e4b1ed32f56dbb93f3a71bc092073b91803226151c,Trickbot,8,8,8,0.000019,
8705a183c3aace99be39192bc2bd01b6ef5ae6029d4f558e920681cfd341d17b,Trickbot,8,8,8,0.000020,
8713ee6526f812110b7a83dc99da28c2d8580565a5291bd80fe0cbe2e48f1b29,Emotet,154,130,154,0.000227,
87227ee55e24ad25dbc7e20c25ec01755417f7153d08d1685ce33d1c95b9d7e0,Trickbot,8,8,8,0.000019,
87244a98e07b08b1c864f4774e74aa1f265ee1871f7ec90426636f229d1f04dc,Emotet,170,137,170,0.000266,
872c64c890cf05657da5c98a2113f0a2f0aa292bdb44a66bdc5070f3ac1b27b6,Trickbot,2,3,2,0.000009,
873145e5ba21b516593bfb2ba6d5b91c6c4986e683eaaeac607f104be5d209ce,Emotet,360,231,360,0.000516,
8753ca6e84a54cea10d97ba3a0c9bf5d068e49a8c94345608dbcc5173758328c,Trickbot,80,61,80,0.000114,
875ea36cda16246fbde816c0ccfa8589124b7c5b6dd4d505f9a027ffe8b31fb3,Emotet,968,927,968,0.001761,264
875f2f2f5995ed1a7a8c00715f30df7697c2a79a734558dd0b8f4ec1793d0fd9,Trickbot,20,19,20,0.000040,
8766fe7e95c1998f5a09306b4c94d2ef82e33e6af9b05694abbd3f970fcb1960,Emotet,202,150,202,0.000301,
878273aee4b996d541ddf07bf44142d486f0366b68627e0a4a8d7a1a9e61e60e,Emotet,43,28,43,0.000084,
8785a83f355e0bbc383be314af8d9631f06088d8bcd1dcf9326395ea9a3bc5a3,Emotet,145,91,145,0.000221,
8785d3f373bc3f3f71e4d96051af58e281adc84e4cca637129ac12c71483d115,Trickbot,8,8,8,0.000026,
87981f74dad034df12bf60ac3079983619fce35e6fddbc04b152373fba6b1086,Emotet,163,138,163,0.000271,
87aa3eb3ba826d5e8f513a52b20bb36ab9e98c359cbe12f73d9fcffbe02ec0c8,Trickbot,43,36,43,0.000076,
87aa5d215647991f4c639fd1320596acff03fc2064a03d3829f51c3165454e4e,Trickbot,94,78,94,0.000180,
87ada8e1a31805e774c18d2b3fa25bf46f47f20ea95c9076e730027b48b0a712,Emotet,288,190,288,0.000445,
87b575cede11fe7fd8c507f4fca50d561425ad46b172b3347cd847f5460fa2a3,Emotet,995,287,995,0.001393,157
87b989860a34fb4a4a47e3d28ecb5317ca5d41a86d3d0d878dcf81cd3d806568,Trickbot,19,19,19,0.000045,
87e605866d9f5fdd3deafdaa549ca44e1989b357b60446e7770b49c52fe5cf50,Trickbot,19,18,19,0.000038,
87f5c71cbc263d1d6e91a5c495f50745383a10499fc0fa411e1e81cab5eb7f6e,Emotet,187,146,187,0.000288,
882f98644f6bc3f20f64b4d29f93faf909bd583469bf3c126ea89cffbe2ea873,Emotet,327,200,327,0.000559,
883f78d1a4d6feb770e21a59e12e0f3e815c783ef142c09755d031bbd99526ad,Trickbot,15,9,15,0.000027,
884cd4e40a936258a5e6874c4a817a80dcf6fda261c6e7d4af2b6f29a0ef4d32,Emotet,213,152,213,0.000293,
88648a29bfca326a9047ddf146dd79d3ecb91d9072bcdf895cab1008a9e23728,Emotet,985,933,985,0.001709,
886ab67d0704721367c7ccd41585514e999baf4fe1114779db6d981efc85672f,Emotet,152,132,152,0.000245,
886e45ae10145908077829d0a76ffaaef7ce88fc07216c3a3b82cd98966b3331,Emotet,137,61,137,0.000216,
886feae95cf36f4ffe32d3fb84bf5cbe9cfc18efc3e2baace7619d71780c7349,Trickbot,1282,815,1282,0.001931,288
888a140198dfe752ac590405bc65c1ea423aac84a3612f03e09951442b2caac8,Emotet,302,191,302,0.000421,
88aabf1f1dcc31b68b965e1c356f5046bca949c02265bf33adc488914c9c9575,Trickbot,8,8,8,0.000019,
88c6fa7fffbe9557096021e970eefa283046db53b41eb351149967bb0e396164,Emotet,252,183,252,0.000342,
88cde2558f65b36fef2179df318cef16c8bc7b1ddedf6fa9e95a19936a0a2cd9,Trickbot,8,8,8,0.000018,
88deeb7d1df21036628f847476e98385ba2d69aa2c7c89fb3316d4c1066325bd,Trickbot,99,51,99,0.000130,
88f6f285e4223733943038cac220687d9eba3c067656d109be2e2e56efc649c2,Emotet,989,944,989,0.001642,
8905d4ba1de73350caedfbfc3cd444a317471dc4061455d901b831c170a98a36,Trickbot,9,9,9,0.000023,
890b4744cf2fa4253383275f42ce913ceb1baaa796ced5cdff65ba39731ab088,Emotet,193,143,193,0.000307,
89145f6f56a54fa595c4a68f906122901190be052cc68dc9c473ab12f4b17383,Emotet,266,198,266,0.000395,
892cfdd45fbadab873c641e5293aca716e4559fb2236b096b03214315ae86de6,Trickbot,1176,754,1176,0.002208,265
89442093429de1073ac5e67bde8c8430777005a5578b6bb84e1468c6be5f2e70,Emotet,1012,951,1012,0.001744,
894be9a2059a835467f75a5b4ffb01d3af3d18e3f7b21d97dc1deccfab77be22,Emotet,168,135,168,0.000242,
8954fb81a289a6af53c67af4fda0c27e60c00e01d6219e1819f704f2ed6c9d2e,Trickbot,81,69,81,0.000126,
89642197c65d0509367d55169284becb0cbcb5905dea02b0cc9cdccab1995515,Trickbot,63,51,63,0.000100,
896acdcad8002067ccd42c9189b0193189953d6d9c87033468e6e402e7ff2454,Trickbot,17,17,17,0.000033,
8970d932b45e4268083443989fb8203547bf07d909bf6df407c3874fb323675e,Trickbot,1963,1301,1963,0.003527,
8976948f9537629f14573a2a3007c8cf86c33b94818a8221b97e137b67bd834b,Emotet,293,185,293,0.000434,
8981bae4b8d8c671226ca81ebd549a0c40a8ef0dff3f1c1415c518cc0a2e4a5f,Emotet,275,186,275,0.000444,
8982e3c615a28fe92a93441e8abff5733b93d338ca667c5bbcdd39ecceb6b1e3,Trickbot,78,65,78,0.000182,
89a47f2955a60d69d721800237188f332e82abd6afc7b7d44128d993ac611253,Emotet,315,200,315,0.000491,62
89b0f6c4db1837d503e9f57aaa412daf09d4811c6904301bacc6ddbf75e061de,Trickbot,42,35,42,0.000075,
89bd42ca5243a36e7915b7bdda9364577939beb27289325e002884153628c872,Trickbot,84,64,84,0.000122,
89c1e26ffebd1030ba5dea3f0dfb4d37561c613f559e85a97297a4246bdb1020,Trickbot,51,39,51,0.000083,
89cc7d936f6ce7544096c743e1c67ec3ec97e09220a6943ce4c6200283c1777c,Trickbot,9,9,9,0.000025,
89f430b3d270bd8f5cc6ba1a557e71a4463f132bcfc22b28503348b71d3e5cfa,Emotet,3,4,3,0.000012,
8a04f415a2f3c748af7afc065682473ce6d2c0bc88e55d4dc967bdae59955631,Trickbot,74,52,74,0.000106,
8a08fd5bebcf0f4271410ce8e227685cca03fc50760ca5a3d6a97d11c644e8dc,Emotet,1073,991,1073,0.001772,
8a0b213d9ca88fef8fc3f09858d4c57b11bd57dc9cd6099accde6597dfd75cfb,Trickbot,81,67,81,0.000119,
8a368622e7486a86c14b5dc6df4925fea682766a9e6f255e30b5b3f508019c91,Trickbot,1208,772,1208,0.001896,
8a451f640969d02d27e449dc9ccffd763f1e647c4ff521b873df2daa627fe81e,Trickbot,1218,813,1218,0.001893,278
8a85975836ecdb72bb4479cf0f1a968377071cde9349e773a6eca97f84856246,Trickbot,47,30,47,0.000097,
8a91e1c7a4bf0baf9a6d13424e0a3f08bd11216a15b6af50cd3f3ef653dbef10,Trickbot,101,58,101,0.000138,
8a9741c8a47088e1633ea9b1c9a48fd00aa16ee2a99652435ce77a5ccaaf2fa9,Trickbot,99,82,99,0.000150,
8aa75d9974e48750fe217996119aafddf59c4cebe1cf990f76acb884af2dd56e,Emotet,277,183,277,0.000441,
8aaf0f668d912d31a762fae0d0d77d2d4d8a90c340d6140fa0e1195a302e72a0,Trickbot,60,49,60,0.000146,
8ad4e1140aa7ad266673028013858417d24c302e8103fc8eac538d14e06418e1,Trickbot,49,42,49,0.000116,
8ad6b8447b049d0ecf917a45212a7b7959ba820461f17c892732b7213f415b2c,Trickbot,1135,760,1135,0.002641,
8adaa745864355fa605db08796235abd38bbb3264ab50325743c4f6e149e5bb2,Emotet,92,52,92,0.000195,
8adcbc7132a68efeccc4c7f8c38ae5bf2686d1aed5dc87b0df04e98063c35143,Trickbot,136,99,136,0.000321,
8af53d1d7a311c8226721282c1dfb9769eafea0fdc2d2e76004cae3b6eac6fcf,Emotet,293,196,293,0.000506,59
8af75228c53e533141bb89d5257f7862adac3b14fa3ba53b1368fd7ea69bb3ea,Trickbot,18,18,18,0.000048,
8afdef1b84b8eb011d8fe68f4a4105b9f998ce153b7e4f796b50e240ad8981d9,Emotet,62,35,62,0.000133,
8b3ce83864c0fe181a9dc5fc05db1ed0f5b8fa8afb21bf47e13cb42012f99d37,Trickbot,2810,1917,2810,0.005804,
8b429e5ee1d4e6f67842064059c8b72032755ec0573e296dcdb428968fa3f538,Trickbot,107,85,107,0.000162,
8b4b17d954761c44452d7a00baf50be055f145f58cf63db1067089394abeea06,Emotet,23,14,23,0.000039,
8b4c9cd1de34bf45dca47f962296a3d2c493f8446f327db5984b017eb79f5a93,Trickbot,58,45,58,0.000093,
8b5af3550913cf947271fa0ac606cff6f5e9f61a3c3dea0d734ed20b0f7401bc,Emotet,17,13,17,0.000039,
8b9ee18ca93e43f69a18ca5ad2bfea4c6ece3404ed4df6c8517a9e3ba0182922,Trickbot,111,82,111,0.000168,
8ba0114f87e18fa38a9700471363d6a71bf421bab76d7945214b19c6bd08f581,Emotet,1071,985,1071,0.001827,
8ba76ababd8cd917d83190ccb4a57ed02b73b422624be52732d4d820bac02594,Emotet,195,148,195,0.000275,40
8bb40a532f22c5a1f316c3a6c2566b255ac6602dde01d313d440cc356873f196,Emotet,38,21,38,0.000069,
8bb575fca11329fae724b2cabe74d490c1c642be585984fb400cde4e940412c2,Emotet,66,34,66,0.000097,
8bc7e1e20f242a7f02afa1116cdde8e705bc0c6f313ea0541d336bac3d535e8e,Trickbot,71,26,71,0.000092,
8bcfa5d6a4937e6ff3a90007e312a3971c2ae3b26e60f881065b0796ba094a22,Trickbot,71,59,71,0.000121,
8bf5998127f3c9c49159b39e2001a5d15049d0bc9fc5a9d3384db6ceda868870,Emotet,325,232,325,0.000555,
8bf9564b2c01286e373eaa576d0cceb44b3e7adec958ceb8ba7b7115fa2f0586,Trickbot,50,37,50,0.000106,
8c03db49ea3043728b55d89d7e43d28f1f143e81802fc4357b17d48a869674db,Emotet,328,202,328,0.000512,
8c04febe8731d3bc2557bbfb7b869d6e442f01ae8f9cab4d48a99b784e4b067d,Emotet,1062,969,1062,0.002191,
8c17fb34a0fec39c45874e30e60d50e532cc5bb0bfd21cab804ba56f19dd7014,Emotet,150,91,150,0.000243,
8c3dcbe6d2d0efdcbb9df665673c8f49720cc5aed04e759c595284f05c3ab248,Trickbot,137,79,137,0.000201,25
8c48dbb686e7a215465d833620af4ae327d3bbfe454e92d81609208c206500b8,Emotet,1112,988,1112,0.002188,
8c49eb583ca33c119bbc488e2e9d56f16e85cb38206c9722dc791f60acfb68a0,Emotet,229,183,229,0.000377,
8c4f4727397084589e93166fe27177b11bdb140ea13eae1269dfe756f79eac89,Trickbot,60,48,60,0.000119,
8c5c30c6cfbc221dbbf05ecd6422ba0a935c97a4368283f55d97efd1827ddb28,Trickbot,83,62,83,0.000128,
8c7486d7d7ae74e6c6cad4216cb59677f03dc4e9d4e2d8b6d837f9f6cda70d4c,Trickbot,7,8,7,0.000017,
8c84474bbe972a14ac727b57a19b11c36ffd3cf4dff4f4aabb0953ad6a6c97d9,Emotet,91,52,91,0.000134,
8ca89a042cd42ae1f49533836724d081e337858f528b2daa531396fb9fbf9eb2,Emotet,248,167,248,0.000377,
8ca9463b2f7c869b18fd37361febf649f30ddda21b0cad7630aa678f874d1abc,Trickbot,3876,2190,3876,0.007342,
8cb9e8ec00ddd3763c93e8c5d7751c3397648f9b5f43d108e82f7cb91dca4951,Emotet,164,137,164,0.000260,
8ccf0f6a44dacb0612fb17729b6fb5a143bf5e103bb3657c11452b98f2e3ca08,Emotet,1100,985,1100,0.002199,289
8cd52affc1bdf94129a30cca13f9f0ddd3a7477463b4247933c24754170b3203,Trickbot,8,8,8,0.000019,
8cd6db3d6f04286c7d0b1044864cc2646f41ecd3c4dd0c74c820007d9684934a,Emotet,244,176,244,0.000328,
8cefb2cba806200136336ad4bed83ea951d677c9b8edd7e96f489f718fcd1470,Trickbot,97,54,97,0.000159,
8d0452c28f5d0c2532a04c4eb1b6be00f71c289860c16513b72924630109c3bc,Emotet,170,138,170,0.000241,
8d0bdca48d745482833d9312e919863f8387b2d7e671a0e0ddfacb3dabde3ca6,Trickbot,105,58,105,0.000178,
8d130a44a66e9540ec9bed13d2c9d3312dd5dbd9b77c40f7364a3c6b60a3066d,Emotet,371,225,371,0.000523,
8d239ae3ae1455ab4dc033d1883ef84ef686098a64fccfb2f66751804b8cf80e,Trickbot,91,77,91,0.000141,
8d3bae39fc934a8cc19c49edc6e2fb5f79549c38ae951ad137753796971f414d,Trickbot,38,28,38,0.000080,
8d3fd5013f3a6ffb677490443d5439030b053bd3184af46aec74e4f4eeb47656,Emotet,279,190,279,0.000392,
8d41d5131fac719cc11823fb57bef9ef1ea063dbb8f52b235a3948bece039d95,Trickbot,506,147,506,0.000620,76
8d4256d3eb1471c5e907969fedc0ccaaaf46b9d9851820dc5036680e3617c027,Emotet,136,122,136,0.000227,
8d4a0e7eeccd45b574bbeb8265b7091a82f813539bbb6d9359e8b8f91c871d6f,Trickbot,46,38,46,0.000072,
8d65b4a51e1c8a0910ad641008e60e23a048fc7ffc1955c5e256ea2806853bdc,Trickbot,1881,1216,1881,0.003172,
8d6c02c0352387d7d33252a8efaddd6acae4a1a677a96dabc4b2de2f075f7d7c,Trickbot,80,61,80,0.000147,
8d718b42a0fd2f0d1ecbca63fba86703c1e157e72ab9b206e87e4e263664a51d,Trickbot,1211,773,1211,0.001878,
8d767520465ff8848330501eec8e46a2d81ae34ee11b960afe1ff905852bccb2,Emotet,1054,974,1054,0.002004,
8d771e4f0c6fd377a2481a47a43e7a4ba417e17c4fabd68d7fe3c583fb3cdb5a,Emotet,60,33,60,0.000100,
8db0dc2306db1e2d3b8e458fc64118e3ef8bd1e210351cc83ed17194036bbf79,Trickbot,17,17,17,0.000040,
8db2b45872a21fc69c7bcd1878c88a3474852bbd3dbd72435109b54395edc6ff,Trickbot,1137,763,1137,0.001971,
8db44a31380385043f767833c2204f91159285470d57ebb8430575cf3ec6c77d,Trickbot,7,8,7,0.000028,2
8dbdc06ea405a574ea4747799de21d88b3fe4e14b89ba80816b69e57d81b8e17,Emotet,162,131,162,0.000261,
8ddfdae6fdcd08ecb93d12b868a702ccef1ba0f3f32de81e5e716c1d60eb373a,Trickbot,103,39,103,0.000130,
8de72ac5169f61c8bc9b4b2490059d328880c3d8cc4dd48c7547249e6150d2c0,Trickbot,1196,776,1196,0.001966,
8df7492c0e8fe49b55ead72cc4e271c5fe3b7e8464067745c50f2a9f13937aeb,Trickbot,80,64,80,0.000118,
8dfbf1ffc8f0f3bd73e4974c94df6f322c7b2c2136a43a622c2c7eba8882c23f,Trickbot,1211,769,1211,0.001865,
8dffa4eebc88d2d73b33f04b51129f5de64885288248408b065f79db8ad30d67,Emotet,265,184,265,0.000437,
8e0ef3142b6ec3e872a9c3f59a22cfc220ac1c6256dbbf9b9ba81ea141aad109,Trickbot,1955,1273,1955,0.003606,
8e14cd3e9f8070f1d7966043bf988b5f6708eaa40f584077a0a6eec754ca6f5a,Trickbot,1978,1249,1978,0.003233,
8e1a8da39b5e4363f757673090a778c866005f94a2317d768521d27a0c52eaec,Trickbot,50,39,50,0.000089,
8e276be7b9db17d5d26173f0ba4312793b1bfc465c18140986d927e476e0af7e,Emotet,162,95,162,0.000233,30
8e347c7a7985bc9d7a04cfb8625ef272acb514f559796620e85ef5221665123e,Emotet,53,26,53,0.000085,
8e563d531b14d9366c47679bfd07c6d8c8f5d57a2d0c78d51ad69633493b8a46,Emotet,181,145,181,0.000280,
8e5f8aa338d2933925c4a4098bf22cccccf1e8f6a15679a4c0a8d65ff8c2389e,Emotet,369,209,369,0.000520,
8ea79917d4c5b1ea2ba7a95303d9094b1813318e0c9b61ea301340c018be6c6d,Emotet,287,199,287,0.000500,
8eb617859f7916bdb263ca8b603595d17894ff2d19bbd460fe57b11d5ab48c46,Emotet,171,142,171,0.000320,
8ed4722d3e1b9d3c58bb5ad4bcc0c045df98fa6a55d54e47de8b92fc50bca454,Trickbot,18,18,18,0.000035,
8f0af256a35f206f664224ba365f818c6f790ac3b64d6fbdc4f8862570822670,Trickbot,1863,1214,1863,0.003265,
8f31a931e9db05a23e9def40bc50d5fbd85c5c31a42a5e1624bef96e06ef84d5,Emotet,102,57,102,0.000141,
8f31c2f384cf7aecd7cef93f2c793233ce10104a09a3a438e5efb7e5a575277c,Trickbot,125,56,125,0.000178,
8f3af720785a07e4f174e874e9049cd2323d3659c120bf8866d3b9aee4c14bce,Trickbot,82,70,82,0.000120,18
8f6b268ada0a845362dc72948481acac743ae0c7663ae33ab92e21b9b4257847,Emotet,61,41,61,0.000090,
8f7c46ee4bf42c97a94fafa3dee3b69de5c4ecb39e74c74f374e61878bf93082,Emotet,310,202,310,0.000493,
8f97c60d5d2ae785a9084177f2e6777b67fd775fa26852f1c05a9209f93946a3,Emotet,200,156,200,0.000310,
8f9c2b8e2e513eb3896082abc1b27f7bfe6836e9e3fd4dbc9eb144adf97fb642,Emotet,957,930,957,0.001630,
8faa6393f9beb6a832a36b6fbaa0242b154f0c4a53cbbe543b73a8145e015eeb,Trickbot,133,46,133,0.000162,
8fad95983bf15ec2d2eb67e3fe589b15523fc1b66defabfebeeace4040488434,Trickbot,7,8,7,0.000022,
8fb5e9cac584762801a43e0e93b3028f37cec739f8886ac5759db4e030873b65,Trickbot,8,8,8,0.000020,
8fc5c7c6368650d79c6dd317e806c094269bc323759f49857ee67dc8551b2b4f,Trickbot,9,9,9,0.000023,
8fcb5b7d6404e76d72fa174c9929eee1eec131fdb5aeea9e4c9fb9c32ad8d554,Trickbot,1327,830,1327,0.002195,
8fcb77f2be3ee5848865bb21c503aadd6b9e91265f9aa6b79fd1bb2ae5d502cf,Trickbot,1239,854,1239,0.002217,286
8fd0a5a4e0a7a63e7750e10e08dce30a8914a798660a7780bcbbd6990a66ee71,Emotet,299,189,299,0.000418,
8fd7de8ee00b3536666d24e1da0acc2ceb4cf6159745df5513751e30654d507e,Trickbot,50,39,50,0.000077,
8fdac1fce0c9c06fd1570d083369246b179c0ff226929b29dc7cb03f3d01b9a5,Trickbot,1911,1248,1911,0.003014,
8fdcf4b6dd9a1aff054c558ebf5ff2f2fd5e1823234dbe405b93c9522f054f9a,Trickbot,128,55,128,0.000167,
8ff12c59e85f20e0d771b457150ee386578a4d71335f50b801898514fa134fde,Trickbot,43,36,43,0.000068,
901351bd26a9636e42424ec6690d61032a169e6005ff06aacf6cda675bc9c45b,Emotet,391,214,391,0.000587,
901d8c434d40285b5c8de6619d37d032c8f92724e81a5e5989fd76831b22019b,Trickbot,17,17,17,0.000037,
9020d680333f4b677fe56f0932552baaee5b919372ad6191d776348824556f21,Trickbot,183,77,183,0.000308,
9027394fa9afcf756959eea704bcff691fb8c5b38efde9a6bbfa250781c8941a,Emotet,330,223,330,0.000592,
90285085ed9d456d858730532b256f4371862d9fe2921c7d6d21d4510f8b2077,Trickbot,1866,1238,1866,0.003420,419
9028b236aed1f839b94376b2e2bea0661510e316dc64f7769f24f35c1cc19d51,Emotet,962,935,962,0.001949,
90381f4ea41d3804e14d38d730a77989e34f5a63e5419282517b408cebe98843,Trickbot,8,8,8,0.000021,
904d33dd4fcb9835be69b9da525c6e858e847cb0bf8889eeace150da2497eb5c,Trickbot,133,54,133,0.000178,
904d9b0d3ca2380539ab9b1d115877307c757772b51181641a423dba302c435b,Trickbot,33,29,33,0.000070,
905ebbeb988cea3a954fbea958bebed6cefa0686eceade781f316f360395b428,Trickbot,17,17,17,0.000035,
909dff9b442a1b38b9529a48e3e8eb2ad167230488f83578cc13c3ba5f7eeb6f,Emotet,265,183,265,0.000457,
90b84d921a28feb786f29a2bedf97758c6622a03f66bdd6c4caa3d07d09247ef,Trickbot,1337,869,1337,0.002042,
90bc73fdab7048d29e518bc19eb25ef8b29d986106f88417138e9ebdebe7d5ba,Trickbot,141,71,141,0.000185,
90c3a7d8c4261137f89da895967cf6f44ef7f21f2d22b07e7ed5b8c620de0b59,Trickbot,135,53,135,0.000172,
90c9c16ed994206f568e048533ef15ccca3ba054d2be48e5618c09e7e0e1cbfa,Emotet,320,208,320,0.000558,64
90d2e8c1615437dc73ac254b5ea32bf566977d577a017cefc2043dcdab46d46d,Trickbot,101,55,101,0.000135,
90e298609a5c138baca2f102773c2617766ec708b9b28d5e76eeccca9bd3c006,Emotet,186,139,186,0.000265,
90f6577e32666a7fc21a5b041876b03f8789b6f4c8259540f7eeb33f755b9d91,Trickbot,1183,761,1183,0.001967,
90f8fbbc263d5b59bc60099f2185d674c1fe71ad73989807d0cd78e3240cba27,Trickbot,1267,809,1267,0.002086,
911e694a5ec066d6e18a1e20d91dca2e0440b55b961e61c995a738c5be03c7f7,Emotet,294,185,294,0.000418,
91380b088f71bcbf2280af718078349592574b827004517efb50cf2fdf55a681,Trickbot,43,36,43,0.000066,
9171ba1b4a046a5a0d66dba0881672f17371191b247fa86545ea3b69b4ed6461,Emotet,954,928,954,0.002008,
9172bac5bbfb48a05afb8f04a25fd2d7631e223fa44ee25c7ac73601fb46395e,Trickbot,64,42,64,0.000101,
9179c4e146b1c5f3975651e779c210bcbf750dbe80b94897edb4d1f4ef07015e,Trickbot,29,28,29,0.000053,
91a438cae865eff5c202c88febae665f92dfc60ccd2b30b948a6c4a6c6238fa6,Emotet,19,17,19,0.000034,5
91a6711cf2c3ef636a248ee03eca9d16f6b32c4e26335f9042a36974fc284821,Emotet,278,195,278,0.000500,
91b07e1aae8e16ac0d227d247c06524d3e8919f1fbf7bbb244baf061e56c0c59,Emotet,243,181,243,0.000367,
91c28f27b16f4b4106d2447aeef17e2c320c20d28d8c5ac95b41bd21883b1dcc,Trickbot,19,18,19,0.000039,
91c2dc0cfca1f5c1c5f416ad20298c73838db0557e8ed378aacbaf27cd69567f,Trickbot,2691,1550,2691,0.004855,
91cc4f0825711c8336332e7437bbd1c345f0d44d6ea0d509d4af58d8ade43b63,Emotet,1036,957,1036,0.001692,
91cd8c2a60b6f8c4b86d401cd9766b0720f6c766cbb23a82f754b0699199c6f9,Emotet,258,185,258,0.000372,
91dd2d3be07697ba5bdc19dd9266075dff3cd2e6805d2cae74ff6a56aa89f231,Trickbot,18,18,18,0.000046,
920c6c3b5f74f413334b9cd99e7c807f1c1d1bbe2041d818f22f195459a7148b,Emotet,52,34,52,0.000075,
921ab51323051ecf777d79167b17264b5e59e60106555a54b370fddbb8c18ab3,Emotet,88,24,88,0.000106,
92225946f7d42dd1b40d4ec48c60a0938f5a221b701100091dd8641fe1b53abe,Trickbot,124,60,124,0.000158,21
922891a7a8486408e55e1f4bde9e73e6baf5c04258839d7f4a591860d3370978,Emotet,299,189,299,0.000472,
922a65dc957b4ee73f105e8de75bde92018a01d138d7c3ac21679158ffc5787b,Emotet,1538,300,1538,0.002355,
9246194d25531451d05a84da0c737b905fc3e382e4dc7e6f9f158aad25bbbfad,Emotet,360,199,360,0.000660,
924886b51cf86851557033e4370908b3cfd64673c94067bd87d1f23f26629d79,Trickbot,8,8,8,0.000027,
925c75f9e93af445f69d3e46a71f9719d68c51d84554418b0a5830eb3e832880,Trickbot,98,66,98,0.000147,
926c5501e2a82ec4a102171e08f20377fbc379c2abc118cf28eb56d21f54c59e,Trickbot,116,51,116,0.000149,
927a8d30dc61b1723e04af229e84024ed6139aae8a761dc1f634707aa57fdf54,Emotet,193,132,193,0.000314,
9283ce9d8478dbbf3df4e7506aaf083deafdb0ac85d1d19d3f36390d88942d50,Trickbot,1912,1262,1912,0.003132,
92a78d636018895817a700de0094c3c32f654467c3bddfcdeed104d337cfb503,Emotet,341,199,341,0.000504,
92bddc6e0b788730928dcb78099110c091b80a0027d1bf43dcad97614372c479,Trickbot,49,42,49,0.000075,11
92d807d4121687c19ecb48b255365ac349e7f8b223704a11d6a0d128b00592f9,Emotet,56,27,56,0.000083,
92dd6d8fc13b1b4bf61c2593d85f147f84a1ed38c1b92a86cb450a386da900eb,Emotet,175,96,175,0.000232,
92ef5b6ac5acb6b8eb8831cabaf7105ca3b2590cb80cdecae12ebadab298281c,Emotet,167,140,167,0.000236,
92f93986696b0429b575fd9d0328296601fc3ebaf1c9524f61ff18d9fcab1727,Trickbot,77,67,77,0.000116,
93002bdbe83086df4a8d4e3d8b63a37f1b3a1ed1d762baefff98203ee17291d8,Trickbot,148,73,148,0.000252,
930aff5af53cba192f574e4d5ffd612ec0f3ec4af3ea6ea4b074d3990e697e2c,Emotet,1278,1021,1278,0.002057,
931c9dd45d45c648d1e8b8c3afe8a13b01d411b8fd341f4155a0ef9f6ae8903c,Trickbot,3232,1721,3232,0.005252,
9327db249d9d7578886b4b74456004a069c91e9c55d86848c8ff32ae552f89e6,Trickbot,145,98,145,0.000216,
934f23e8693fcc9d3742d134d30e04fdfd4d9192025f7ff3ea619a437c7f42d8,Trickbot,189,85,189,0.000262,
9352f33597815aed4ff9832521e28d736b5b90516509c597d3ea6eff06baf522,Emotet,1258,1036,1258,0.002073,317
93583cb965e14d370b6d377c702fde40d5434ccb28e0f819996e933de551068c,Emotet,297,195,297,0.000414,
93b596b618823e971cccd35af7d4c698111804623ab6604411406821e22f6cb3,Emotet,3,4,3,0.000012,
93c48bc859de3cd30365cd7a2bea8ec730d4feca64d61cf20a1e074cce90d1fe,Trickbot,1092,730,1092,0.001667,
93c68821eea7086225918c163c8480f2f49f3a6b155a221af7211c795ce6b32e,Trickbot,2683,1889,2683,0.005315,
93f0e83504251033cc9379021831241c4e57614e7a24a06264bc88fc1bbf333d,Emotet,40,21,40,0.000066,
9451a578f5bf4473956ba175a9ab41ae4dee2c3f4252c55fdc773830233536b9,Trickbot,58,42,58,0.000101,
9454ce2d04abbf2676d61cefa740b26f6763250a1183bbe662247e3a5c764bf8,Emotet,1128,993,1128,0.001889,
9464267e0c5e1b289c7ac44103bd5c48c11c3c81f3ce4fd4a15654280d06e949,Trickbot,166,77,166,0.000225,
94731155bc37a2b6150a6e8d1f25f825fa3174857d7de65d3ebc2d4c381f6e11,Emotet,159,132,159,0.000236,
948270fe329281c1a46dc0c7714e226a227ddfe6a0aefec98dc24aa1b48f5526,Trickbot,2959,1554,2959,0.004872,625
94c152ab4d881745cefd74988f4c4d8b274b7b0df24aac5eff820d5f27fa47be,Emotet,227,139,227,0.000338,
94fb8c2e1490778a6adb66526a503f3f04961a782e31a78dcbb8437ade897c19,Trickbot,17,17,17,0.000038,
94fcc32365999dad98fbfaec0a086e3343931582f256b51614fedb209ddce707,Trickbot,1914,1237,1914,0.003237,
9509544a07fc8fe6f88b94c92222b94a951bf42b534de4f794e2268de7268e4d,Trickbot,20,19,20,0.000041,
9524ef00e700c637e9755d53463f6dabf6f0dc711a0b6cc59f9ce20f559ac1ff,Trickbot,1370,948,1370,0.002374,
953370f5d06a9e68ce80bb3a50e3a7815bf1a5a89cd614de955ec7fb3fc2e03d,Emotet,39,23,39,0.000074,
954774445fe08c61a2a070f65f0b1675d2360e796752ec4e7db3ffd9cc411742,Trickbot,1208,767,1208,0.001826,
9568679386df9f80177720861fb95f81fd902832ac698d4406cfad38179a4e7a,Trickbot,848,751,848,0.001415,
9572afcd49b97f71601f098b0fb1f3f44207e1f30bf0999404ce2ce5d63ca8d6,Emotet,181,144,181,0.000265,
958dc6fd30620bfd11f4d1d1d3a872b211de389c695b0233964c6d9aafd9ba80,Emotet,1234,1014,1234,0.002412,309
9592111cfa915647e26f6bc211b512b0e3be318d6a5f6c15bed6e8db67a6dc70,Trickbot,43,34,43,0.000092,
959c1eba7b75a2bfa07d07c276494274ce2b483612642bda6d3ef38b08d44a42,Trickbot,10,10,10,0.000026,
95a9abd6306da1f28ff10bb748591fbe74041e38aff165a1d20d105637696b69,Emotet,45,27,45,0.000097,
95cc5b17549cdf2d12c6aef0437a16acaf9445abc9f734093c4f29458a9f0868,Emotet,225,161,225,0.000341,
95ea5d525c52ae5933869ce55f9b807c71c9e766fb96865a880cfc4736c8c396,Trickbot,8,8,8,0.000024,
95eb8b7a0cf2efc1520ad72da7ad712493a4df014221a1da0b2ba27f33252d15,Trickbot,19,18,19,0.000038,
9608dfaa0cccb1b205e15e4f1eabd08512651ff99923e4dfdd7a19ac4c285f6e,Trickbot,77,60,77,0.000125,
9627725a7dbf9683ca97fed540c30b9e62a63a9f3566ab9a5707afb792342cb4,Trickbot,135,87,135,0.000202,
96278c750192f982f65545fad2577fc6849daeb0d1ba1693b82935a85e9cfabd,Trickbot,1808,1227,1808,0.003022,
963d82704509dbd4a33c50a833fa654149bb38795b21f9c8bcdc5af7b1a77b58,Emotet,1115,983,1115,0.001876,293
968ee272681db2e8c14de9c13178f2d0f08dd95b8be9559f7413c0372dc51741,Emotet,2,3,2,0.000013,
9695f0fd6372c07b29b804f5562ed60dcfd7be822b28d03ab8322a8276921afc,Trickbot,67,55,67,0.000146,
96a507ca10941abc240e0a12856568d17b2bb73e20ad2605263f0ea5ea02b1b3,Emotet,56,28,56,0.000087,
96b61ab71e71ca8ea1c0b8ae1cbfc7028a59bfe2b4c9258249f0907860c9b1b3,Emotet,24,12,24,0.000040,
96ff8fe9afda2c41eaea1227c29b5d65f747b37fadac5a6e91c65258d745f2ca,Emotet,177,139,177,0.000255,
97154f25555306c59965a891ad45dfc609408fb00deb45f4819ffdf257ae2d2b,Emotet,181,141,181,0.000268,
97532c8a951c3e5e7808009a16ad5a35a97aa21dd121273364b5b3ccf8b5bb3e,Emotet,162,132,162,0.000335,
9785c70ca3ca18e8e6c00f2673f453b0c3c1c20f8cc074a9b4fa6e5164c7241d,Trickbot,55,40,55,0.000088,
9786b6b0268eaaf3e58751b5a471097f99558662cf5287149cef2b94f60de5d1,Emotet,259,181,259,0.000350,
9787d12dea8892dc8ff84007ef365ca4c218b82b454c8095d9a5671efad9fc22,Trickbot,78,62,78,0.000140,17
9799d23b926ef6cb2a80c3404b21815daf8778959e932741726903bee8466767,Trickbot,18,18,18,0.000036,
97a3879cd3bf736400b7acc60f9a9181da06ef9a3dcfe9631861d0c24960e3b1,Trickbot,120,73,120,0.000202,
97e10d59277f019f7addb33ddda423a8cbb93c7a057a250c12d8774bd959f356,Emotet,195,149,195,0.000274,
97e66883da5373d96bcc693020b4306b7c9f96e7fefd83c1653213626d67ec90,Emotet,209,160,209,0.000293,
98044e15dba9b9a53d414d9ae5b55490579b4cb254208dacc4bc88309e102aa1,Trickbot,1091,768,1091,0.001782,
98069ea395289da9e0b3ac14d807b8cfcdc0e4b3ca583a59a5e61d48341636a4,Trickbot,83,62,83,0.000121,
9820f44f962a2b4e7ba2be1fc93b7eb891f29b920a1edd37b5f144b9b85d7b80,Trickbot,1126,728,1126,0.001777,
982a0a98395f220c15d6089c6b1fce3ac8ee62c352a648d46eee277582692bf6,Emotet,252,160,252,0.000346,
983ae76e0e30efe6d81092da7b7670e60848da8ce13d372b04af2154f327f297,Trickbot,42,35,42,0.000065,
98532f47406f94f1451b02b5b4ba05640da850e45b16f4e7be33b9ce89d78759,Emotet,38,23,38,0.000068,8
9875d23bbcb7390266f50db4f3cbf394734e4cd631ae02291da168ec4ad07692,Trickbot,14,8,14,0.000028,
987ea7cb66fbc99c7d9c27ebda1656dc5bf5f42b3c0bbec79b52bb1d2cb5233c,Trickbot,1840,1226,1840,0.003149,
9885d4113f055f407a8e1fb00689934a07d5f804cfb4cc8d0c5aba201a571ccb,Trickbot,51,35,51,0.000098,
988cea0a28648d8912c610532aa308951675c8f5021cfac81b0a54c429c9dad1,Trickbot,78,68,78,0.000116,
98a7b6c06daf06711cca53955d7b4f74d18197442c426d745421bdbd802d8ee4,Trickbot,92,39,92,0.000117,
98d11545c1ed692f883bfc95f0d77b29b6af0c463fbfc3daf95b8540fc17f7d7,Emotet,981,939,981,0.001640,
98db0cb461593896139d87a43cc41850f1fb56259317b783fbe59850051d6016,Emotet,270,187,270,0.000412,
98fbfc0cf5e4d38213ae5bdd6df50be5109a06f8791296f3ff6c99dd87dd4772,Trickbot,56,44,56,0.000094,
990d0956926ae3cf136fccd78c51138d4b12d35bc7c4434b9bacfe852c50ee66,Trickbot,82,43,82,0.000123,
99157a3505fe3a09f5eead0e89c2ea908d877f0029b81a5d8dcab29dad00273b,Trickbot,46,37,46,0.000077,10
99177747a7b37895447e634865e8783de3a2eae432a0c8d4a3b0a24883ccf34d,Emotet,32,19,32,0.000070,
99192ff0b0c9c78c14a5e30514064de8c72dbb9bc7d935f88901717898848398,Emotet,249,181,249,0.000379,
991cf258910170bdc3b8a15aca926d0d9a14509221a412fc352c5f75abc95797,Emotet,47,29,47,0.000088,
99204bc3360c3e4a7d82339eb460d4c1e322804f332934ffaba51edc0a53dab0,Emotet,139,88,139,0.000213,
99431201b49c295288ef11a10739a1e3bfe9558fb7542e92c194d979cdb3a3b3,Emotet,1083,972,1083,0.001899,
99468529b4ec53f8015ebb8263d08a0f5bae8402c8b93ebf765d98b4ee05266f,Emotet,248,184,248,0.000440,
99508d39c4622af8a7a4019e5c66ff1a28203546fd6190bd18fadb3a0393327a,Trickbot,60,44,60,0.000088,
9950bc19322c88c9436d93553605e265ff723f48723ce47ad707d5554813c7fc,Emotet,147,129,147,0.000219,
99525610c3ad2637db1ab737f1a9576bc001267f41071c3b288b17d0b9bb1f68,Emotet,37,23,37,0.000057,
99a3cb73c0db32982f5064e0c63b89bb82295c15ca9d07ebddae48ebf22942b4,Trickbot,16,17,16,0.000035,5
99af7caeed9579618bef7affddfad8bad7b12432499c30eecd39c1758936127f,Emotet,296,195,296,0.000484,
99b9185feb13a2f0b1ab0d773e414a967fcda2f5ac8635b2c642ce9d1a023f27,Emotet,265,182,265,0.000359,
99b9c7ea664f5a052c16f2f6e54ece5ed70cb04612301424f6008d9872959369,Emotet,359,231,359,0.000510,
99f8cc488ca9a1e4bfdb1ec7cfb3add5e6b4adad544308593fb11834c2b3689d,Emotet,145,91,145,0.000209,
99fdbb64980e81f6f9a8b94d1133b59c3370af2740b85b359a1c75f891cb02ea,Trickbot,1470,1000,1470,0.002334,
9a053edcaec6ee06d6093f718acb15f5bc21c5b8407a8bfe8b1b865ae8dba2b8,Trickbot,74,61,74,0.000138,
9a133b102de6b5488ba148502a0fd2565ab3f1baf33f55463b80f564b133c2a1,Emotet,38,24,38,0.000067,
9a25a522628ff7e3a05beae3796392fbc59ab4571a68a0e403b22a10de7b1bb5,Trickbot,18,18,18,0.000044,
9a448adb839c7e9a234afcaf125cabb53337ad5596eae391633c42bfd0993151,Trickbot,85,71,85,0.000142,
9a7f4bb0a5db8209377dc475c8f56c679552b35eff06751db8ee5f17a509813f,Trickbot,201,104,201,0.000313,35
9a9827fee5d2e23d9cd9d1c278c6e8eeb16c998e47c22da526f6b7a8c7f4c0d5,Trickbot,1933,1290,1933,0.003614,
9ac5805ba77f5d05d85f2008e46da246caad5bd0ad1e26b5490e3322eff7136a,Trickbot,1870,1232,1870,0.003116,
9acaa4999b0709f512e4c199564b37845732588ef1c34cb0ec5d1fc7e6bb1d20,Emotet,310,192,310,0.000498,
9ae0a4e80324394e052a23b4d2dd156a9572fce572e2bbe123d93dc5c5f12540,Trickbot,42,35,42,0.000076,
9af10d8de8c2e0d7c62d9594c54f64b59102028884605db2429d53cde6ab2f03,Emotet,240,148,240,0.000344,
9af2646feca06e28124784f8930fbd588552090168a3f18112be7b072cf67c58,Emotet,410,11,410,0.000447,
9afaf77ce0d9056b43931abedeb4a109349ad1f59c2b03d93cca0d770c2aa041,Trickbot,25,20,25,0.000051,
9afc31cb9dfbc97c44eec7c333d0a484bb1a846d82d50357510c858b972642d6,Trickbot,29,28,29,0.000057,
9b02a605cc3fa59d36786885b3311be1a176b83bf2a20fef7aaf6e4e740162f6,Emotet,393,211,393,0.000663,
9b1559ef564419388ed9c67da5641f9ac5a9660d79be2f212194118c77700663,Trickbot,1046,724,1046,0.001626,247
9b1e00fff150b5840d0f0de03b86255dbf77ad426f969ee15e5c6a3c66507f25,Trickbot,53,39,53,0.000088,
9b20887dce40eec53463da1e43c1faff59176db36b94ea1fb324a5133626c34c,Emotet,32,21,32,0.000056,
9b3bd7035b8f8b342d48ae94bfb091f64d2ae6cf531f1a3ca449df422c94e4c0,Trickbot,1899,1260,1899,0.003265,
9b60a3309884a11f07956c476303858116654dd2c96b10c849473a5708e74995,Emotet,174,143,174,0.000277,
9b6250cf9f0ec2460ffcb9294d14840e048e54070f6c5479f3121e63a9918a8d,Emotet,333,200,333,0.000493,
9b88723689a6359230b52b4ef4781f6f0da94fe047c5765e2f499b592fe45377,Emotet,285,188,285,0.000411,
9b8944d02ca2e0b5d58fbfda6aabeb89c402a7e89b3acaca00496416420f7971,Emotet,271,185,271,0.000432,
9b8d610d31fb4060472037b08a7f9e82d55efed17dc4cf334e9a2ccff3cd285b,Emotet,177,139,177,0.000322,
9b92009b8c263859a154afa34952fd43ea31b5a947a6d5ed9a13ccf2f8662eeb,Emotet,278,185,278,0.000407,
9ba24efa3e2cd8b131038b601d8467df4d7a064c51607b60c56980ab224123c7,Emotet,144,128,144,0.000236,32
9bb2d82a6ae939fa52252282791fb2f5f2189fa1e9fb8e607d4481cedd10cdeb,Trickbot,41,32,41,0.000088,
9bb733c88dfd489896ae31c59397d9feba6322f3ce55ddc966ba2a4541d400b9,Trickbot,8,8,8,0.000021,
9bb7d877cdc2bc15c5da38357ae0e5ad6ed4a107aff2efc84e3051ad4d35e6d5,Emotet,283,194,283,0.000566,
9bba87cb6add739e1763cc7f8f97630e3761d640957495317c297ce8e7c6b1a3,Emotet,12,11,12,0.000035,
9bbc84e502e7d8f6b6eb1f19ee27fc57590bb3d46b7b6f9f299fdc5ff80b66f1,Emotet,221,163,221,0.000410,
9bc2bf670d25d16b25683f93af34a75de3732a53ec119a8cde5f3bcf00326832,Trickbot,198,113,198,0.000320,
9bcba109b193649b69a520cc667acb6678ecfc30df32cfb7cb0bbb9d3313f28b,Trickbot,1209,745,1209,0.002024,
9be13c750e10e3937f12f305fc6d34b5b1b6dbf1f151a5a32b901e0358aabc51,Trickbot,1166,753,1166,0.002066,
9be9e852723853c486c91ead24397c8ebac2dc43313ba734440d0388c130b5f9,Emotet,273,173,273,0.000437,
9bef839f5926132e6eeb254673354e7114e038b1ec5d7cfcfd36bd9cae4e5233,Emotet,1163,999,1163,0.002063,300
9bf9014e9db112c79ac5c0cbafcd5d8b11db360904f981f420ff8ca367a816ff,Emotet,59,35,59,0.000089,
9c129da79a8fb3658fd590dfe50e99c541955ca4ed085d809c39f43d36a00575,Trickbot,1400,902,1400,0.002320,
9c12e688be582259b62562e4143cc0535b59c0485bd68aade38bf9905c2254ba,Emotet,266,171,266,0.000447,
9c22e1419321f4a2ced659362a31cea53c4c80e4e6cfd65c8ccd1e8deb1c71bc,Trickbot,1814,1210,1814,0.003146,
9c3c019719f2d0e740e83ad1d3bf0d3d3807ebc50e5f2a01698560e7b8c58605,Emotet,237,186,237,0.000402,
9c44b814dac07eafae5971e3fda8722bef713c02ffde61a3c0476fddcb63b97a,Trickbot,123,93,123,0.000179,
9c8c716a35ea344b8e0102c4ad2ef0ea0b3f8aeb4e9a743cb0b0ca0bb31b46bb,Emotet,981,924,981,0.001889,
9cb244603fb6b88ba3528500ee26a88428e8f93e7f761fe264b6bc1284a08d74,Emotet,158,131,158,0.000255,
9cb2798374d823b32a178025280bfea126adfd3c805be5a511f5a0c7f7b8e17b,Emotet,327,207,327,0.000460,
9cb38ff8c358af2404f8734a907263f1eeeeeb50e7b0113c09d2645791cbe019,Trickbot,1978,1288,1978,0.004045,440
9cba765e9b42a97597255ca35aed9e908199ebed38f38700a371dbb15fa4b737,Trickbot,43,36,43,0.000090,
9cd0a5efe7a6b1c06a1de7ba9103162de32ad1b10dfc6db518674c24457120a4,Trickbot,145,88,145,0.000201,
9ce41f03f0bcd2ae67d2e67b1274c0753a32b853de9d0180aa3b6910cd51cc91,Emotet,280,189,280,0.000413,
9ceedefa87997faa293e0d3af665b83b0e2cd36ef9cbe7b0a8ca5ce6d48a604a,Emotet,2,3,2,0.000016,
9d1fc6d9a736aabd552e46eeca17073382264a261b80b38a51e9244c7f9045be,Trickbot,140,101,140,0.000198,
9d4a2c87cfe87b7f2700d209a151dee156749b19a48c228e2811f866d962345f,Trickbot,2148,1240,2148,0.003951,
9d4ba9e5c6c06c42e7fe8c1cc80945f3cca57d438ec6603b7d85f18c4defc2e1,Emotet,144,89,144,0.000246,
9d4df403c7f8eb14d323a9e3bec9c0ec742ab5319bdb8df035876c166842277e,Emotet,52,34,52,0.000096,
9d6820e268ee7566f3f0f124b413a47569ccf5e97a0cdf3313f619f160cf6a7f,Emotet,1159,981,1159,0.002106,
9d8ff5d8ddbe9ff65545f8b2969b4087cca1671bb0ae240cecce15507463937c,Emotet,196,148,196,0.000339,40
9d921120b92f64831d844068510eec7a5c79cda8248d7b1dc2e58fb416ff9624,Trickbot,90,55,90,0.000128,
9da0c1f4915a60fc796e4e3e595fb11ac87833668a3fd1126a578071ee99677b,Emotet,194,173,194,0.000329,
9da269e9e7b1268c3b7e19b7707327bcc164ba3fe8466b876f6cd341a9b7ac22,Trickbot,43,36,43,0.000071,
9da2ef5986007dfbf8a22a295f879bf75bac25dfb9160d2202ed776389f70231,Trickbot,1810,1221,1810,0.003404,
9dc969876d0b552ca2645d1a75ef9814c714465a343210602d7e83c35a213aaa,Trickbot,147,69,147,0.000203,
9ddd84a9323256714cfdec753f2998a4419241c933c4a33478fd4f9894459abd,Emotet,297,183,297,0.000390,
9dedf4a2df78f2ede7fb602508ffa4c0680bbc0fbf4b2468f28784653ed265e2,Trickbot,1223,770,1223,0.001898,
9df725b1ff880adec8552c8d49fc894be57c21f07907d200528ca0e5aa352de1,Emotet,268,185,268,0.000401,
9e0a986575608fc2d3b88afc9f00ce4a1cc9cac5d876c601ee7ee0900d40bd56,Trickbot,17,11,17,0.000030,
9e189c42bbb647d3d729bffcbcbbf718759fd0f55c56d8e681120ddd7d0022d4,Trickbot,17,17,17,0.000034,5
9e3178fcbe69f18e6e3c8c71664202dc74dbe20fbbe2686a5e25da27a90de250,Trickbot,1162,763,1162,0.002078,
9e46fb8cc4c291f7364a68d16089dbc5fbbd2b78ea34b035398ca33cf041ab51,Emotet,177,145,177,0.000289,
9e47e29b44fa13e25bf0590f96a86111a3e751bba8eb67ef28218c485dc732c2,Emotet,166,136,166,0.000302,
9e617b0e1168f06a223546f5221453e38c77df3ecabff196f8ccdb4d6ad04447,Emotet,306,190,306,0.000520,
9e9ae65fe718a7c19d23b8e45a5ec51c8d36dce40dacd8aee58c1040c85b2d4e,Trickbot,52,40,52,0.000080,
9ea3d6233e3c4171c79f53dc5226985efb125d0052695c601a31cc36430dfc98,Trickbot,8,8,8,0.000018,
9eae8e6abfb057b61e5453c8d06b1a05ec4997759af7f5855280940222a7786c,Emotet,279,186,279,0.000388,
9ec80864d13d4f46cf0d50b0cf5c51a61cbb8d54f95c035d249d9833117a61fd,Emotet,984,935,984,0.001831,
9ecc794ec77ce937e8c835d837ca7f0548ef695090543ed83a7adbc07da9f536,Trickbot,75,57,75,0.000114,
9ee385c4b80413f25876f71b2e66b666de39651aaf9c01b88bff4f969a3305f5,Emotet,318,195,318,0.000570,62
9eebbeb11b52be800741d52a32c0d01259cac02f489658ae36a71c709f4a0b04,Emotet,86,45,86,0.000129,
9eedf860393c44d198f28bddeb819b881377cf0f1826cc1a3cfad345c81f3060,Emotet,300,189,300,0.000466,
9eee2b836fc563f3addb14d990160c8802d7e2046b6dc80a43e27772cd39c6de,Trickbot,50,39,50,0.000078,
9ef3c616b17edd0ea96a417d2b9355602877430fed9398b7db16243f228e68e8,Trickbot,77,61,77,0.000161,
9f07a144f234057f2de38a76d540e9562c153ee7496cf8fb8f869232444fe75f,Trickbot,1341,897,1341,0.002080,
9f1202e881a7ea742144268905635d0244ac38292e24dfebb2d771cad7c500a6,Emotet,212,149,212,0.000317,
9f357d6852977b099356b451e9dff04a3768e98a863c2f5fc91e64f976762611,Trickbot,17,17,17,0.000033,
9f3a39a65ccefb23c05fb2151ef02950ec2e9a441b9ec412a4d7779bf6dc086a,Trickbot,186,109,186,0.000256,
9f3a7efeb46f72dbdacb07e409a23cc78055eb7d5c0dacee9d303d1c49bc2540,Emotet,326,195,326,0.000447,
9f3b46664b46805c1df9dc2f40a52bae333a8312d8acd7148fb3059df2cb4889,Trickbot,1872,1235,1872,0.003414,420
9f3fd1821c012ebff0875bb399b976c9aec81771b3a5ca92b13904cf2cc83686,Emotet,80,27,80,0.000102,
9f4b4d9bac1de776a87d0f8aaac913a400ad1404156e25c969337c22fa218087,Emotet,973,943,973,0.001625,
9f53096b6fa669132a94ba4b2d95bf1803b685b76b49e82844625fd998fc9980,Trickbot,167,80,167,0.000227,
9f5b739965c6d96763cca8ab3a9a08baa7c2524660828dd3b6413b71edd669be,Emotet,150,127,150,0.000221,
9f6483a1be8e8fc661f1532dd26fd449db1d20e4ff2451fe00f46499660c5960,Emotet,345,204,345,0.000489,
9f6dd1100e4fcc914919c4878ed93ff043238fa324eee26cdcc270def3b77c00,Emotet,287,197,287,0.000482,
9f786b89210e01fb088da6b935624b170e38005fde0f14b54d387d3ae0afef79,Emotet,151,130,151,0.000233,
9f80b5d6dc1a155418079737f3f93a38c1333bda1d9fc3044d101ce4f92526e0,Emotet,250,177,250,0.000341,
9fa0e97416346d9b324e12b9d9e1f5084921e81f2bc4afda8b6e20da712a4998,Trickbot,1527,716,1527,0.002193,
9fc761dab2096e1f5981046780fb9940b63c01b40a6ff402013864a28311ee1a,Emotet,252,182,252,0.000438,53
9fd0bddf30f90a961fadc42e85d1d8fcd0a73c86227385362e4ffb69e80c843e,Emotet,262,184,262,0.000440,
9fd35da1831339d9fe747d63d29d71891346df00ee96148096226ef00c2f8f8b,Emotet,216,180,216,0.000310,
9fe3ac542b3aaef631ee61f301b1dfe6f2663fc4fd53b225b1786700c1166dce,Trickbot,10,10,10,0.000023,
9ff0d977078f43704cfd927137420c875065e830236fd1e3d6b2e3d9ddd3270b,Emotet,163,134,163,0.000255,
a019809c9e23f20884151e78421819ba507c04bee0c071c8b6957ba47aff4e45,Emotet,316,195,316,0.000471,
a01fdfba8e0efff6b1252470be99ae38db4689f50372f738c2e53babaf3c1963,Emotet,166,133,166,0.000288,
a02398d246c2b72d8b453c01de7f2a4cf4dc2748248da9fffb0e194aabd4575e,Trickbot,119,58,119,0.000183,
a028a439d47832c14e1adcc705bb641ce8a013414d207e8f50df23d7cec35b42,Emotet,41,24,41,0.000070,
a0536f7eb759331684f01d876a8f4015b87b2cb72907eb95f1a5e53bd4411ab9,Emotet,187,143,187,0.000299,
a0646344eba705722cde5b113755b36e63e68c0ae509187c1ce8816e3ebf4891,Trickbot,28,27,28,0.000049,7
a0752e384840a7f5bfefdec438954aeef4a9f347c539b006039cf4943e5e5e62,Trickbot,17,17,17,0.000039,
a08db9bb160ca7e071cfe58598b22218a245f79017cf384eafa0e17a25919250,Emotet,250,175,250,0.000425,
a091f487cf8544d5877bf14462d1bb1c419daf360a7e915a112703ddd4e6a16e,Emotet,163,137,163,0.000279,
a0a8c6715ab3c1121ca9adda4f44013c7f1612251abfab2d19f8a207e8792843,Emotet,8,8,8,0.000021,
a0adfb2893a1adca879cfe70813b2b314fa38a399f5d19a3724fb3c8c9e0c604,Trickbot,38,32,38,0.000073,
a0b10fbe9b2e8d2285c324ccedd2046e5e3ef61b7483933ca1039ecd132e3379,Emotet,1176,1002,1176,0.002409,
a0db26fd7eef2c16bac23162c2038ce3ed1434fbcd8f2027fd284e6cf93e6627,Emotet,324,226,324,0.000667,
a0df31e1d6b2512facdc5ac3ea6d7e08e97389b5ae74a1ad8511c2cb2e1f28b9,Trickbot,93,77,93,0.000232,
a0ea30463c6da0b53f5b4a5670357f81e7902265696088469d4dbf9744f5afa0,Trickbot,1213,802,1213,0.002512,
a0eca7719690460e619681852f748791ef97d8fc5e35e5bfe1ff67e6e8a50640,Emotet,1025,948,1025,0.003032,275
a0ff08bfb1ed39e5b80736a7ef810ad02061bead1a1a5ec001cf6275df1bdce9,Emotet,257,179,257,0.000444,
a1059b678e709f7dbcb183d6c1917f8ed82b63fe47d297fff0472f2f8d5fd984,Emotet,345,188,345,0.000530,
a1162af3b21b3533b2653fb0505f7b6a97ac437e977307a8a6396d6f5564e91a,Trickbot,1196,806,1196,0.002151,
a1287bbd4299b1ddeedb86d6756f49b780a0d1a96c7dfee30919a9cfa28c2821,Trickbot,92,78,92,0.000169,
a13bd90cfa35b2f25c8a16e8f5960b430ea291326fb84dc0a0543bfe35c81b19,Emotet,1060,976,1060,0.002222,
a14d9e1f31ed66143e0d4966e077b1989a351b76ef85e982576ed89975883a43,Trickbot,1178,759,1178,0.001939,
a15aee6f190922e5ce0c1c1015e17c93ed20ffaf17a7f87fa2489d241821c3a5,Emotet,187,98,187,0.000253,
a165fd674eaf4623071b36baf11252196098de9bbe8a2d2a770466ed75098c48,Emotet,215,171,215,0.000319,
a181fc4f53a63c34306a7c2be8db3e1dc311ab16509e03a5c57506d41ed7ece7,Trickbot,9,9,9,0.000024,
a18a0b5f7e92a4dc566f2dda996dee24fdfc8bac4406e92ad28237e6842faf14,Trickbot,56,44,56,0.000085,13
a192a1841f3e32ee40f4c870e9f7431eb2d70fe4c35ee0264a7e3a88d9970f89,Trickbot,1864,1241,1864,0.003358,
a1aa1350bc4e619030bb4b0a6d6efa49f98f196aee768a76fbd8d132cc585b46,Emotet,1055,967,1055,0.001847,
a1c041205313cc8244dce9fa24c0779f3d3d5a7de3e29b393745aed0c7495497,Trickbot,17,17,17,0.000041,
a1cf1e9cfa2e1cc22044321d00ba810c1b8530c9402b6304fb567f73167e4587,Trickbot,1393,961,1393,0.002307,
a1d9e8ab721717483702d8bd09ff4e4c68e2734cd25406b0a41bfe944f58558f,Trickbot,80,68,80,0.000122,
a1da9e4fe1a970c15d16fc1958ea7cc7f62e8543e2ed6a5e17b1720f3634d786,Trickbot,42,35,42,0.000075,
a1e93a41ad8f47d39bea4729dd0765bd93b35414b2c2cc961245a19c749a2978,Trickbot,8,8,8,0.000019,
a1f3ca4843db0d01d679d7d046ff6a0b11233dde1e7e304777779fa95de3c7c7,Trickbot,19,19,19,0.000051,
a207e2039ecaffdd67d90b3ad83c06820005be33a0a870a105a4e10ca7a281f7,Emotet,181,139,181,0.000276,
a20c00d71dc8dfcb1589940b993cd9c6703903e126feaca3c9a3a0def4d7bd2f,Emotet,1073,975,1073,0.001909,285
a21ad5c34ef39bceca4593324be7d25834b5b346b9d41b17e2e3cce63e47bc2b,Trickbot,1881,1232,1881,0.003271,
a2269ea055a7ea6dfc5065b6f69854b9702d94d97af43f8c2c50342f9cf62195,Emotet,248,179,248,0.000441,
a22b1c367054930912f4c05c0522834428d37d8715872a85b95ae331c3a3dc27,Emotet,967,936,967,0.002212,
a22dbb8bb66098135d99ab90119ad3d86978a54e5a71ae66ebfb102e093c5d80,Emotet,187,141,187,0.000345,
a23d1a84cac70725f82d09b8ab65c946979dfd36a4cbc626a606c90dff2150a7,Emotet,157,136,157,0.000307,
a23ec414050101d59d86882af4b08352b69127cd2cec22b9037ee2d5468293c5,Emotet,270,191,270,0.000462,
a267d02513508dc07fe8e7e3602007b84191b6bbf850c3d7475368faefab992a,Trickbot,1845,1218,1845,0.003249,
a2998ec868998c8175a8459d60155e0efbc50aac117283242eedd009777929bd,Trickbot,428,156,428,0.000543,
a2a596e4fc7dab6fd6b7d4159ca19da83cae2a49526e61f1700f88fa5c46b738,Emotet,169,140,169,0.000244,
a2a8e6b0de80d62d62dd31253f482fb3f2f49253b308967c514207c7c4d38538,Trickbot,81,37,81,0.000108,14
a2acd364f8bfe4222ffd1979fc36e6ff156d66c324b74de767ec8d577cfb5d63,Emotet,338,202,338,0.000481,
a3045710bb22a0fdfbc522230e3a0b5e1e669db67fad3849a5eea0784f5526c5,Emotet,356,197,356,0.000528,
a32992ef9f5f131a8739ff65e411e1c3a41d7c7dadb2241e049638cf7ba1a909,Emotet,13,10,13,0.000028,
a32d866b3044e1129f4f0bdaa64883d811d3e6f8e9808f61cf05b98fe9eace50,Trickbot,1393,911,1393,0.002125,
a3447c68e0005200596664fe9834e6c64887c519a9d03a62078fde9124442d87,Emotet,293,191,293,0.000470,
a34b4f0d8567d29a8eb3459e0580764b88989ae0716abc43eeb032c309871f2b,Trickbot,91,40,91,0.000128,
a35db32224466a9454c3f936ba216aa482e576d48a985a85ee61ee31b9ebbc26,Trickbot,74,59,74,0.000109,
a369dc666f171bafa19d3b88eb0c3e64e15c05ae87a66888ec8cda79d276daaa,Emotet,178,134,178,0.000266,
a3826685694755dc34e80f4b0d06dbacd0cb285116027ccfde6b9342e0a64e0d,Trickbot,90,62,90,0.000139,
a3862346010c7388632609fe095dee8657a62dd42264c6964395dab0b6878b33,Trickbot,90,55,90,0.000151,17
a39ddc510349c9593a81ca67b7b1ddbf536f5f6819b65ec5c585a40fce51ab90,Emotet,565,248,565,0.000832,
a3b07ff3a4771c65856e1b5ad3f2668182b8a29889786f7853a1503a2958ff03,Emotet,43,28,43,0.000080,
a3cbe6c252650aa3752cd2299c60caa4825a9432016c5c009a4cbaa06179f672,Trickbot,1078,757,1078,0.001813,
a3d919dfbf4b7fbf3a65139de1bd424c77358292a40fa384b1c98d259b3deae0,Trickbot,1165,731,1165,0.001854,
a402526b2466535294edd3fc79d51d29be3848f40807ca88dca5188ad567e0c7,Trickbot,86,61,86,0.000150,
a403182b29339ee2c8455873c1245f1798109ab5ee0f2de51a9f93a6adb86d7a,Trickbot,1430,867,1430,0.002321,
a4072e5e75f669fde8c4d6dd37fcbec867b7e1c709b55a4d5dc63467ec9e8733,Trickbot,133,92,133,0.000215,
a4098e17a6dfdbf291a298eaf7afe038cfbe72a78921a7c12e5610c010eeafe4,Emotet,142,90,142,0.000217,
a420b4ff03f52cd8c27322f8a02d5ca3bfc2f0defcfdcb73cf8491aca68a6f8f,Emotet,154,131,154,0.000329,
a42b96e42a382cbc1936aafa051fcc010a3b3d50d98c1f3c0d0c13d9f69552dd,Trickbot,113,57,113,0.000221,20
a4388fe82b99952d6259b4a3cb77f058abb411219a1e04c5f8ce4abc7e484f79,Emotet,183,141,183,0.000341,
a44a0e5470d68d96c5201418b016d75efbb97e70b9bf4c8b74e24a3bc974a090,Trickbot,17,17,17,0.000038,
a451bf26b96a2fa9a8165cd356aba86a42740d35502bd8808c46e9ac5f5cd76f,Trickbot,141,68,141,0.000215,
a4770b03722951518e39ad8b73adbdbaac1c0e5779f664db80aa2f4055c1f6f1,Emotet,256,187,256,0.000441,
a488d73b82df37665b5eef02ad7848e80205f6f622f81b92be1f3aef044c27b1,Trickbot,39,33,39,0.000062,
a48f1a78c5eb20195086b0e1bf67825987dc3ff616d3e1f969480831aa65538e,Trickbot,1368,835,1368,0.002364,
a490adcdef81a8fc2d05470016c91f17e2e1680540ac1264ec36d5eefb3c9310,Trickbot,47,36,47,0.000072,
a494a1e7e30c804616223c14e072531b6628bbf8956590c8fa9bdd03f097453b,Emotet,50,27,50,0.000070,
a498d19f34b8ac83b1a86d54f626085c14f3fa259f7b4738c7a88a4098f73ce8,Emotet,425,216,425,0.000608,
a4a67a9cb7c725ff973a8e1ddeec749712d3ec9cf734b430d0c9486414c6c4ed,Trickbot,3556,2023,3556,0.006191,766
a4bd520ed987c71b599ec8a96be249baa068dcf942dc8f92543fb36b1cebf9fb,Emotet,276,186,276,0.000392,
a4cb17208e869e830d63b5430468dbfb4a06659f7892aa681bad064559bc22f4,Emotet,211,148,211,0.000283,
a4dfd173610d318acb4784645cf5e712d552b51d0c8cf10b2c4414d0486af27d,Trickbot,64,51,64,0.000124,
a4f5f8c23014c7271a64bd1fb38e534eba30373d907d17f6f6f571e0046ebc07,Trickbot,1854,1228,1854,0.003028,
a52e25ac51ac2cc7b5db637f3662051eee71ce084c31e9d109656b6997a046dc,Emotet,280,201,280,0.000486,
a546ab2e65dd16cc08fcb6bb54958ecc5c909fe5ac02b738615d171e11cc9d7a,Trickbot,77,60,77,0.000114,
a5596b2658443fb8592e80c0fe2d2eca086aab8f0925f908c3f407c1cfcd0931,Trickbot,45,36,45,0.000072,
a56455dd216c978a1518dc99df5ba01cfcc494479442043a1cdb8919b827eb3c,Trickbot,100,78,100,0.000148,
a567d8e9dd424274c9efa4919c5776ae5df56bb83026d2ca595d0ac6becef6f0,Trickbot,1485,894,1485,0.002319,
a56e8cb64743eaa6b644520a9a52d7372fde613498abbc52f9ed72386909b112,Emotet,190,148,190,0.000293,39
a573c781543b04747f259278de09908b1a76b2afc6c00cc6bb1eeefa4df43756,Trickbot,68,48,68,0.000105,
a578b07eb06e3b7ec15267f92fc5837bbbacc80bf999aa0528bbfc76e742680f,Emotet,74,38,74,0.000130,
a59b18cb5b651aa55982c9d12cb6291dc208a9df4103a1229cdc93dcb866c73b,Trickbot,224,133,224,0.000295,
a5c49e85ae643b70a7f2d294c01dd545902c498275f4e3ffb64c85b6c1faf34a,Trickbot,1885,1222,1885,0.003518,
a5da1da9037c21d08a1489c36e31498392e6e42c504f45690a0dfbe62c415e27,Emotet,286,191,286,0.000508,
a60ef75490049415eec4d8468966ac70bdcc54ec30eb961958eeb5145c9d9bb1,Emotet,321,230,321,0.000584,
a6119f442c336a2b8dccddf9cc7d75b5119ec8c1bdd66198437bc34ad2eaf0b4,Emotet,161,136,161,0.000259,
a632df1c98ccc6db615b2e00cd5648734a5cf2c4d6b2bcadf680aa1be15c4e23,Emotet,1068,978,1068,0.002055,
a64985db9a9254c4c43c10761f74d21dedcabb96ad5c2d2131e140c339a910e3,Trickbot,38,32,38,0.000068,
a64d63f2cda8e98db424d8751e120fba8424e48f4beaff953aaf47604e2eca36,Trickbot,8,8,8,0.000022,2
a65c8bf51db2f49c4a01a877fedb355f8f36b3880d417d61eae61cfc469690bc,Emotet,310,191,310,0.000465,
a6764888e29910599d22eca3eb73ba7d739f9df0be4a4dc74edef8b6d28c2a72,Trickbot,9,9,9,0.000023,
a67915345f7a32e7c40c51469a983ae18b731a658c04e370f2674ce8246c32dd,Emotet,165,137,165,0.000307,
a67daff5c459e180287c6b2a633b67fb104e6b0d78dd96a13628fe923886ce65,Emotet,56,31,56,0.000086,
a68584b3149d3229d6a3b84a42a18a0ba39aed76fce9896be409567dd72e082f,Trickbot,17,17,17,0.000049,
a689c6bc1ab4b5152883cecf0479b621ea14b7f9e53fc4e6b6178069d9936437,Emotet,166,138,166,0.000266,
a68ada1a158b999728d8d23eac6e9bbddaf2a28bbceeaf31c4233588bdc7ff74,Trickbot,191,86,191,0.000290,
a6923411c4148b1e223d8deb6fb391012fb70b33a9f301d6037236520c5f324b,Trickbot,24,18,24,0.000048,
a6b5369fabd103c18be848b976c6a6a0fe220908af0a530cdfcb862ba921d2b3,Trickbot,8,8,8,0.000022,
a6b795f0a57479f1613ce204f2b7a0daf39290136dfb88173598dd38c8a60e38,Emotet,336,199,336,0.000515,64
a6b7afb0f68713f72a74e25ab37daadedc41f44180c86d14a740dd197072e1d8,Emotet,79,37,79,0.000118,
a6c077c59e1e767a17c3cb0c59e43a74ec1594b24516c4ce324eb8ff7f02eb16,Trickbot,135,63,135,0.000173,
a6c51d0705f4503b987b94faac136992bf6b33949905685771733546d594bca2,Emotet,350,203,350,0.000574,
a6d905feb45c443fcabb8253cee1949e20b447163265e6b4299939cf72de9075,Trickbot,1934,1292,1934,0.003425,
a6e16613af683f2555eed72e59af98af504a737167d8b178d12cbd8b1916f28a,Trickbot,17,17,17,0.000035,
a6e715eb6b059574fe6def8ebeb4c164b05ddf376356eb8609666d0a3d0a0d40,Emotet,195,148,195,0.000325,
a6f9ffe7915327bf78f140f19f7e3c2dcb4c127ed2c79e3a1e6427cc805e64dc,Emotet,235,163,235,0.000323,
a6fee108c44b5882dd62590d000b5b385fe049ce5dd163a7b19c92963d1dd105,Trickbot,106,59,106,0.000149,
a7169ace2b4d5189f4d65fc4911f83a24733cf5552cc9bfa0dc15b7efdff2032,Emotet,157,134,157,0.000231,
a71f004397fbc140d6fd0fe19c079cefcce4b691534522d5a44ce76128ce5fa2,Trickbot,18,18,18,0.000040,5
a742dd1829bf43e23262d378d8e5219c5c9da60c28bbc3c063274aad4b961171,Trickbot,3700,1990,3700,0.006193,
a749d54f5194ee39648e25c85200a8761efd7a64300a055b40ab31c47016e8a8,Trickbot,111,66,111,0.000178,
a754831e1f442160dc388dfffba63a092191b372ba8ea70f2221c98dbcfc36e4,Emotet,1107,986,1107,0.001794,
a76827258b0dddadce0a6ceb887cb0b7d1fb66da7a7a8ab664d6fdc63bc36a6d,Emotet,400,240,400,0.000565,
a7706e0d7026cc9aa5435d30736406702e890de942d061ba8bf05d48f65a462a,Trickbot,76,59,76,0.000117,
a771c02bf0b2b7587640f5393ce9e3afe7aaa7f80f142bb1aeef8d0fcae12f66,Emotet,207,152,207,0.000281,
a78189554471acd193f4cd6e15485b26c362a33a600eec54608852e7b29c8790,Trickbot,43,36,43,0.000071,
a78effcf20f9adfe87023df534ea0b9c38ba291803c73ff69fd317a0ba834727,Emotet,85,60,85,0.000128,
a7a19e739457dc835e04a4fb39c94b2831d193a5deece0d363f8795f192fbb94,Trickbot,8,8,8,0.000023,
a7a4bec0a3c9b6539ea826c03eea01d4dc41300ec798b43e5ae08da7f2c12d7f,Emotet,235,186,235,0.000429,51
a7ac6c2ed38dc68b60e3adc0e9e3e52e5a97899d89529d79f3ff0e95dbbcdff8,Emotet,26,12,26,0.000041,
a7bc756e08315e0954199c30500053791ffe54a4ac8345972b42f66102a60302,Trickbot,17,17,17,0.000048,
a7bfb00cabcbcb64e1a2a57257b08aac2fe98f07fe035f19641e6e78e4f9a4d8,Trickbot,18,18,18,0.000056,
a7cebe31c0a7373468df7be4c201ae237889bc3734b287ca5f35b72b57061a0b,Trickbot,9,9,9,0.000023,
a7cfae815cac1c6a616a465a4b6f69ce63b6620ca1b2b8614ef81fd447163ebb,Trickbot,20,19,20,0.000051,
a7d3c2a88d4036e24329359d1081d6824982a287c38ec2a5113cb3b18b79c162,Emotet,35,15,35,0.000062,
a81ab9440f9ab201e4983be79b8e022f544ff78d96e5d320718e03125d199eec,Emotet,953,927,953,0.001800,
a82a99ab27512a43aae6e5f337b9073b210e6508dc629ab10e059675429ffbf8,Trickbot,1869,1223,1869,0.003064,
a8341bf4255342bd5674aecc6fcfc16b4364404e088c62968de96e53b5b23cae,Trickbot,1157,754,1157,0.001768,
a85457484f51eb2a3c221169385097b986efb2b4906d9f090616dd05b9d15630,Emotet,190,147,190,0.000345,39
a859af1483a5d5c3485a28f3f0b700c56a8eb36949e10353882f38d3d22cb493,Trickbot,76,37,76,0.000118,
a85ca68cc9d22a82b252e15d5c3f258af6775c56fb89760a1e70f0e710613cce,Trickbot,9,9,9,0.000024,
a8727e910783011c6709e36245219b2b7c9c05a7613b5f91546bee9f0dfc1375,Trickbot,8,8,8,0.000031,
a88401e083af59d184957a8d67d6f094acf63207884adb255cf677573eb3a0ac,Emotet,206,170,206,0.000338,
a88f5c48e37b26b4df482415d620dde31507161880ba89f80c7dd5645b4316af,Trickbot,1899,1235,1899,0.003068,
a896efb0204d92a68bd20a5fa3383ff2bb50af1a58d2a048d1b8280163adb378,Emotet,977,934,977,0.001694,
a89f9dee1b8be51d7d666e913752f9f3000a851102b5bee9b3c856e49589c98e,Emotet,1063,979,1063,0.002106,
a8b046adb9ac1d19d2f76334b995a3d5c24f952889e51ace28604f30d92b801a,Trickbot,43,36,43,0.000087,
a8b4f4871dab91ed62862beb38b67f060e4571d6a315e7921cb4ca7885898e54,Trickbot,98,66,98,0.000134,
a8c34a35c117f018b6bb1c3cdc46eafb4ba7302e718f994b25f0503f55bf58ff,Emotet,36,23,36,0.000063,8
a8ce2aad5fcba637c5c965df5bb55d2ecae382b90d225a53731d8fc083307f7e,Emotet,316,200,316,0.000537,
a8ea25a295d779c1be00757f1cede66b04ecbb5cc9f2c682a02718b09f38622a,Trickbot,17,17,17,0.000044,
a8f5ccadadc10560f281503f4b446f09f6a12afc239aba736aa3d7c2cbc3d551,Emotet,232,187,232,0.000375,
a90a916a4c265f4ba0242876a1a9215fcec52fe9d6d03213c5cf4f66ecfa56bd,Trickbot,43,36,43,0.000067,
a90ae4acc3dd0b7b5f92bfe8333b61e747208a55225816e109b0ffee9ca00f8e,Trickbot,1344,873,1344,0.001958,
a91677930ad2ac082da1382de7b6e9d0adfc5fc2ca0379d4c9c35e92c3db07b3,Trickbot,42,35,42,0.000078,
a92625f94960998922ec7af5418389cb65d1e5c576c3263b69cabf1dd4beb4df,Trickbot,8,8,8,0.000026,
a928677f7ff7e94089be68bdf6f01c512f23699480dd7f4922fc451dc04b8bf0,Trickbot,74,61,74,0.000111,
a935b7539339ba55c90df39c9605424adc5b2ecec8135c8d79f40748c20fa6e1,Emotet,375,204,375,0.000515,
a953f284519f19356831b03e79c782934f3a9a60cd0ab044b102a0c7a90a4ae0,Trickbot,1176,755,1176,0.001808,265
a9550c24eb66f6e5e3823106d06b56c85c0d9b9b99ec4907c57439ca978f245b,Trickbot,42,27,42,0.000073,
a95ce1288d1f507831a7c257d2ee148f8fffbe4690e2a8dc8d96ce4886e094a1,Trickbot,40,27,40,0.000082,
a963dfe4fa8437cb53c27dc404d9803c332264b3eeadfc63596dfe11f0fe4da9,Trickbot,9,9,9,0.000023,
a96fd64d92b657be539cc74308759cdcf4bf0f79ec36caab5e095beaf1711f49,Trickbot,43,36,43,0.000075,
a97d7b9a56d67eab7e7806e29a85a3f387ecbd935b3c3b5438d6442ac0fd72e9,Emotet,340,201,340,0.000453,
a981254373f558c38f453e1c585fe97a60382e10720d08b863780f3cbac97f2c,Emotet,250,148,250,0.000325,
a99128e79e8730c739ef6059c5be1012dc0690595ac62ba8758fd40864046c7d,Emotet,82,61,82,0.000148,
a996c3ee4fbea31b6a38c7274e1fa04de2eb62b9cced3dbd1a795c7a25621ab9,Trickbot,70,53,70,0.000116,
a9971949341c87ec109c0d6cb7bb4aa3c3829fdcab5c212e1d35782c546bc089,Trickbot,18,18,18,0.000049,
a99aca9234a023bcc5905272c781563351413fc4f7643b9a06ccf2d725862830,Emotet,331,189,331,0.000579,63
a9a1834569311be4af0273aa9547145271db9ed83a60d25338c684f8960feb6a,Trickbot,17,17,17,0.000050,
a9a48a4e3dad9844558d733c4ce4506bc4825aa1a5c00b3f466341838d6e97e6,Emotet,26,19,26,0.000062,
a9b00d12f7fa52209a8ead91bb595522effc0ab5e4dcfa02e0d145ae7ea1cb19,Trickbot,1466,937,1466,0.002884,
a9b1c51069a1cde2f9ac2313f102f1b60cc2f171336af10b17c89219200ded8c,Emotet,199,141,199,0.000278,
a9e5329163cd7eff2ccdf037e955410dd58f9acff810001e8f815c679fcee0aa,Trickbot,1875,1203,1875,0.003257,
a9efb2750ede39824439b60c5d719eba7876cbc4cf3fd2b0fc886e3520e84629,Emotet,263,181,263,0.000378,
a9f40fd819bae4a7604370bbd795cc8077bb19b6069d73c013419a93d15363a5,Emotet,299,192,299,0.000461,
a9f8a51ede68effc0b57979ef7dc54fd03ac81e331c3c0c9a4a5fd44c5fad143,Emotet,173,138,173,0.000248,
aa0a18052aa46a75d0fb371673fd91d6caf7a11f49916b2f2223ac779795cf09,Emotet,76,65,76,0.000145,
aa144a50a047462991a4245b4a422d7d604db06badf84074a5315a05498e4118,Emotet,71,41,71,0.000102,13
aa372bb833ced6b89b4cdc98e20359a134de6e1d30a71a9e6fc20a0a68329eb2,Emotet,956,932,956,0.001763,
aa4ec392b60618efeac49128f05e70c405fac4e977740b4a8c2b7f4c5480af16,Emotet,313,168,313,0.000467,
aa4fa5a9bfa6d0dd8ad33481134ac63db1d2164c86be0ee391952fc3ff66e367,Trickbot,1063,739,1063,0.001772,
aa55e19529c9b6c9a3a548ff8ac05e05a7c88a241d171c3b3881142d945ed6a4,Emotet,175,139,175,0.000282,
aa64e15b912fe52162bdfa1d065e79dba23be68df0b60b41240245ef31c1518a,Emotet,312,190,312,0.000491,
aa8b62ce50796d51486ad0d867f589f98a1cce38aacccae088efba073e7e000a,Emotet,259,187,259,0.000366,
aabf54eb27de3d72078bbe8d99a92f5bcc1e43ff86774eb5321ed25fba5d27d4,Trickbot,75,57,75,0.000157,
aadfff6643425e6894e386527b0d5ca22268d0b5ca10734d82123c11c4441a36,Trickbot,117,68,117,0.000177,
aae72e8a3d317a33d56eff98c43f961efe79ede470eedac87fed6c461c9b4cdd,Trickbot,136,65,136,0.000209,
aae95e8f2169419538976f474ede4a67799c9a8658924a09a23045805d23a806,Emotet,1007,941,1007,0.001890,272
aae9e9b6bf0816154f8cf45053397d241d40dbe11c20992f926ba387c16dd7e4,Trickbot,17,17,17,0.000047,
aaeec8e8075496539737406f2b81152aec6e113c2ec5ae0c4862ea7341dbb651,Trickbot,18,9,18,0.000030,
aaf7a5d4eb2b3fe82052994558f166574a2c60ab440bebf2af5729e34a2a9179,Trickbot,63,51,63,0.000098,
aafd7ad64cc558d62786f1f02018bd37dca8362650d2755415d0fc405adb887c,Emotet,65,37,65,0.000093,
ab039613e71f3f5d0e038d3101d3fc5589cde0d2037ad3bb22cfc46a675bb904,Trickbot,54,38,54,0.000092,
ab042b84e1cef4d67e811cddaf0b7c919262823fa75502e38e8f6e55a0b654a4,Trickbot,18,18,18,0.000046,
ab190344685f4225d11e488a5aa99ed8237b3621cfffffbeaa7541df7c7faf2e,Emotet,35,26,35,0.000059,
ab1d8bcbac29f96d6c3405074a171716c7e797e81f8b18748845f7abe4f833b9,Trickbot,61,48,61,0.000118,
ab44f46c06c84e0ae5d34f4a98aea729fbfc5e76fa3e6666f5c24f49df17c183,Trickbot,82,70,82,0.000143,
ab457f07c1c679f913c2faf596a73f287aa76baa61fced06c3ac01c201c73f31,Emotet,150,130,150,0.000286,34
ab4cc239e0e4bd947f933ac943b212faed7e9fe8da65c81e4b366261e80d54ba,Trickbot,83,63,83,0.000124,
ab54a95253d82bf0746fc261e563f99ddfc5577e14ea773a317ba96262e04f7a,Trickbot,1200,767,1200,0.002068,
ab64e8d3cc488e90642f0b95d4d5368731eb0b5997df36ec9ef5039625178d36,Emotet,61,28,61,0.000090,
ab6c6e29d9718b05cd876ae1bdc886b94ad3b296bc6172682fc97437ccd14c8b,Trickbot,74,61,74,0.000116,
ab756bd759d5681134e0a3a17e67ca57c6d9f6633aa34abe25467e969f49ded6,Emotet,19,15,19,0.000049,
ab8b95ffb790788bd39da22ec06724716872560abb7db50b6d2cbb07d44eaf78,Trickbot,1451,871,1451,0.002292,
aba6017fd6d1c8846a4a0f6e0089faa6871cd85fdb49580185322823a213c833,Emotet,34,22,34,0.000067,
abc409f935bfc1f15c5348ffa59446eb9a2d83da4c320aa8709b71103ee16645,Trickbot,14,8,14,0.000040,
abe27ec65f3abd4c0ecb9fa0974cab24e4d0e8e84e21afeddc8dbf4320bf5c48,Emotet,248,178,248,0.000376,
ac00aabd272e9eafc441a6889ea8b6ff68d833ff46e85a108f721c656b1ef174,Emotet,192,138,192,0.000323,38
ac1a71a3111d5c4a7f65a5c161d9a498b5943693848eafee02150d39ca799360,Trickbot,83,62,83,0.000145,
ac27e0944ce794ebbb7e5fb8a851b9b0586b3b674dfa39e196a8cd47e9ee72b2,Trickbot,88,75,88,0.000147,
ac330fe7bd09b7cd04459d94ef412f48979e58df9e4d4a847cd8827e03d41eab,Emotet,335,183,335,0.000494,
ac35a81fe5446f89e7e02ccda429de3bc670ffc0b837e6023e5038573bf01bb9,Emotet,69,32,69,0.000104,
ac3973b3aaa102e819fb3199ed522f1c6b0f3cc973fc448643586a239d5740de,Emotet,171,142,171,0.000300,
ac43c3b9dc02ed4455c075fbd7941019ecf5a40296bff1f9ac9bc6a8f96248e4,Emotet,291,187,291,0.000437,
ac48f9454bd10349e30161a946272267aaa3423cc8b8148193c607536cc1f44f,Emotet,294,192,294,0.000434,
ac4e20a74e488ff6ec1eb70e813b66c211fb0f529c341e61b1e20b4af8772c6f,Trickbot,1248,802,1248,0.002037,
ac56b41b6ab8008e0406a57498b381cc2ebba435f0f913d942da89ef73e790cb,Trickbot,131,98,131,0.000246,
ac5f1fe1531a74ec905b518ee42fdc2c85701a74c5c4f9b9c9f5cbeeb7865533,Emotet,139,88,139,0.000194,28
ac7398a3515816f43425e5b5a445ad826a5c453e3e06c02fae48e34c6a43fc79,Emotet,1127,980,1127,0.002118,
ac7bbb7ae089597af0eb9a148d3072d96debc0ec4f8846816ae8d25d4c76e8d3,Emotet,54,34,54,0.000095,
ac8587f6955784f9a2d6cf70bcdce024122c8ec7b459b7e9c8da99dec5d125e0,Trickbot,1872,1213,1872,0.003237,
ac972fc95f96bf7b11532e14b52d6f051bd07592f2d858242b0eed2579fd8a3d,Emotet,317,224,317,0.000538,
ac9e83f73f170d2fd86e22d9a8f8969c0d7ddde266124e3352cbbe6548362231,Trickbot,8,8,8,0.000019,
aca020a8579745e8c1fc99168c1841bc6c00f2ad99a6fa832a6bc6e7a1cf3a72,Emotet,176,135,176,0.000245,
acb0cf7ff3b7287159653532d22c486d6cccc0cc617b51b09ba23a61d5b540bf,Trickbot,54,42,54,0.000080,
acb4d04f46d1c7ae6cccb02ed6b94455965e3f949e04e40e063baae80d385bd4,Trickbot,99,84,99,0.000142,
acba7ec5d6b72a6d2b25dd347e823dfbb0e4a1d2cd6ff0532d378af8a194c8d2,Trickbot,51,40,51,0.000080,
acceb81529c6f02f9142d53ac52555340ae99473fc22019a41fc46c6f2d5b7fd,Emotet,1062,979,1062,0.002220,285
acd369b6e48728e033a72ca968165f0bf811d800fe05ddbc4f70c895e319c7d7,Trickbot,62,46,62,0.000105,
acd726d29712e766c99ee370984775680939de2d0c69870a278aac8cf3509771,Trickbot,125,59,125,0.000182,
acd9a674b7a95f4c7194fc20c3ba8a7deb209a20acedbb157bb3264b893c2ca0,Trickbot,98,66,98,0.000183,
aceb1963d6897b6200c82fc84c037191268d34f7fbda5d44c9bd1c418f45ac2f,Trickbot,1886,1234,1886,0.003341,
acfdcf5a6a7f801ce232c8e1973de019f811dd896c2b90309f8524a4b70ad94f,Trickbot,1553,901,1553,0.002508,
ad0cb4d40ead3fe7e941f86ce85757909b5db2785d6fd39f4865abeca1f5e98d,Trickbot,108,84,108,0.000176,
ad261263e32d4bce3745a5cfe78b2b47d37e022e20f3079af2fe3230761bdd35,Emotet,195,138,195,0.000352,
ad2bde485e7d4982b470fe16be29ca49ea259d5454019d66a256cd407503c3a5,Trickbot,1979,1354,1979,0.003669,
ad341da7e44f8fe1e39f8e17cc608905203ddc9d634ddfaf4d7fe138657d82e7,Trickbot,1910,1308,1910,0.003367,
ad3e214c0572c3f0955ee847902e99ef137e71fa6167c2b4d6ae6225cea897fa,Emotet,139,62,139,0.000197,23
ad47f19127a947aeb88d6a12d5e871f8055b2a58a398301a716efeffcdaa6684,Emotet,410,221,410,0.000576,
ad6bcd12a1930210c775d70f734a1844bd9db9f612bfc332c8a4b9ed69666354,Trickbot,550,164,550,0.000723,
ad781a68dae95442f30065fea96de0d2e35572d14c60ce12b8549d7b3d64fc6e,Emotet,180,139,180,0.000264,
ad7e53d6eef830c51bcaa9a2fe3331249e0c1988aac02f69629003b78078841c,Trickbot,17,17,17,0.000041,
ad92ae3c388ed509cd593943b0df50603684e84b908c815dd90a465831e6b459,Trickbot,89,47,89,0.000133,
adbd60217a5198c59007238dc4bd5623268a77146901f2a671a38038cbb0e3f2,Trickbot,15,9,15,0.000030,
adca223d8b8e2272c25724759792b16632126e03b71da4e76e7d84ee93698519,Trickbot,1356,836,1356,0.002096,
ade5ad038e8ccf28e49c61d3cbfb6cf909f02139210efaa8b42d7135470abb8b,Emotet,297,186,297,0.000403,
adf0824996c465ce80005cf9c6cc02a065763e9c75164ea9dd009553eecaa0b1,Trickbot,83,62,83,0.000143,
ae07a3da4bff769ea29286e68769ad2cd93e9813c9722bd523a5721a806e8c8b,Emotet,34,22,34,0.000052,7
ae282c98d8d2aba2d64d843fab4a48c3ecd28ccf0f79df4f304290df83c80a86,Trickbot,46,38,46,0.000100,
ae5a53372d224e0b0713f513b4506692b446e72189acde5394e1a1ad14c89cca,Emotet,180,138,180,0.000336,
ae80cbf6024f11e0aee00932a057c411c2342deac931ada67b0ff0f6c619ff92,Trickbot,1899,1225,1899,0.003143,
ae8e0423a736d31c4f9969b323957bf33e819aad98d5e6c99e247911e554d350,Emotet,218,140,218,0.000345,
ae8f9821acb9aba3b5738a7260e867828ebd42d1476eb68a361973222cf41bcf,Trickbot,1871,1218,1871,0.003208,
aea0b9c1957b8109b46801731909a7e19e54fd4ecb0fa43da24a51ceef2683c1,Trickbot,80,61,80,0.000129,
aeb4f4a6db78cf2fef322b17d34cf98fad6a958fc84eff02f45e7dca6deabea0,Trickbot,42,35,42,0.000066,
aec1445a53f1332af15e4af584f218292423da8d68cff5034fba6794b7c7a44d,Emotet,522,336,522,0.000753,
aec74c423de20e8c3d299d3c49f31d03075bea8537dc5a070e60593e030f0c8a,Trickbot,8,8,8,0.000027,
aecde790f5432a3747daf650b15fc404f7bd1eba7c6418708243be9b414be3be,Trickbot,44,37,44,0.000079,10
aee1528d29d413c1314eb0cfd504721151bb9aca6e70ba7dac6fd0c803d715e4,Trickbot,1389,870,1389,0.002538,
aef870f3a1f2b5525aefd5cb48dab0c96f7936976fb500227065d12d5c9d9535,Emotet,464,325,464,0.000721,
af12a62b8902d384778272f3b653d66f169447cb4e1162fb3e330860ca5ad3c4,Emotet,329,182,329,0.000447,
af261303deaf4fbbb111c36c3018dbfe585c2fe6b8f71b60d29387d71b4ababb,Emotet,1073,980,1073,0.001859,
af271cdbe2ac640198364283a7de68b99e03b933f18d95bcff978c0aa16c44f9,Emotet,146,129,146,0.000246,
af2987170a83dd9997c39c89318ff58192e04ab8accd1c7ccf1e7297dca1615b,Emotet,257,181,257,0.000418,
af33b8abc7b91d1838bd8bdfe9a604d479722a543914392dd9929b35e0fab14a,Emotet,196,146,196,0.000279,
af341d9ba639f18176dcd3431114130e768c32041cae01867e489f01e3667d6c,Emotet,69,35,69,0.000127,
af573ad66b1a14ea277381bdde5de637d5383b3c2f6d88807cda7329a6b81600,Emotet,40,24,40,0.000064,
af5f9b71356f0bfda48a12dd77fab586334565fee05c903055619733da2b6afb,Emotet,977,928,977,0.001942,267
af89c36d119e006e0254a103276593d448fe4b12c3b8ca548a0783a695af1586,Trickbot,62,50,62,0.000106,
af93fac0bf44e113d1761b8bbd5efa1a4bebcd27816b751d6142da32fa58772b,Trickbot,43,36,43,0.000091,
afbc10fa7ad926202b3bc49bfaaee5fa62df5630eff4e59e4314187972db9693,Trickbot,42,35,42,0.000073,
afc9cde4ec91462ff57a8ecd44b2345df9ba5c8d17bc024b68b4b833a62a0117,Trickbot,17,17,17,0.000039,
afd97a216200681376514ea0fc66cee4c8e5d54f8366cb1e99425d1ff54d07ef,Emotet,1005,945,1005,0.001805,
aff8f1fceae9048f1415af538cb0c36bb23a85ee85175791b1a99156344cb0ee,Emotet,209,179,209,0.000348,
b0007d27d1d92c32d62f359007c2b51ac8ff3ae6a7df3d3cbed149423a48f96f,Emotet,79,24,79,0.000106,
b0097359dacf49090cd96b3aef71a7583dfc208c4acc34b6799ff2d3cab16343,Emotet,1074,973,1074,0.001840,
b01bd54aaa1065aaf0c91f2077e9f2cc5d7bfa48c11c0edc9cd74c2fb98412f0,Emotet,76,26,76,0.000114,
b01ee281b949ae4a5309a0ec7982b12501cdbfb87548875c3d6e6c87ffe88dc5,Trickbot,100,85,100,0.000147,22
b037ca122cdf33ad638b0a8a5a3f06543b7d62ea058e96d3b37d7617ee5fe92a,Emotet,3,4,3,0.000012,
b05aeab63efe72431854091921fedcf4954bfe46376bbdb8051198ab8c470aae,Trickbot,75,64,75,0.000148,
b05d205091fee0c2cb401a5799e6a386cdcedfa9a9640385e268b6a4332f71b8,Emotet,1055,977,1055,0.002007,
b05f444ca115bc2fd70588095f43b3873de423d6a6288c3a2f71ae5d6e11ad10,Trickbot,8,8,8,0.000018,
b069b285afd817d128c976f33d63aff53508b71a22d22ae0e0756cf18db8f270,Emotet,363,237,363,0.000641,
b06acc00d4baa437f7f6c8a20d1296b0cac63ee93288ac94a1c345474daf2ef1,Trickbot,14,8,14,0.000024,
b06e743f04904cbbd0d36b25f708c64cde061204196ffd04515dc5729a008e63,Trickbot,53,41,53,0.000095,
b079121f6fd69a22f10930aebcea0fff37d42ce2ccb2d2b16748fe0ac9792b38,Trickbot,113,72,113,0.000166,
b086328d1665c8e0ce333097ed0b2d61f1c5e60690b6b229025d908d25317eac,Trickbot,1832,1215,1832,0.003332,
b086f0f82bcdb73bd1ab7ff7192da58460b71647689dabdbbff2222fad8fdeef,Trickbot,42,35,42,0.000086,10
b08aadf0f4f5e7a57da7952323543cca9d3514464b2c5b614bb31de270374ec9,Trickbot,125,94,125,0.000189,
b0a30dd235b6ca17a1083fb69bdc4fbccf01b3d45d3bddbf53e2bd6313cf7ce9,Emotet,160,135,160,0.000248,
b0ac55521618580db9727a16203b1688b3da8f7b1d62db9678eaa3fb3b3d1723,Trickbot,74,62,74,0.000144,
b0d341312f9111fbfd8eaf55eb76d65cea97b578b31fe25b3a26616903285384,Emotet,158,136,158,0.000230,
b105a6fbc7a569612d842b289d83e3cc04f575fd390f1182cc7ecf912fce2083,Trickbot,80,61,80,0.000128,
b123bd1f9befbb2249bba1ab926c0d7a67af628d04d15fe8760d11d3e738e47b,Emotet,1113,962,1113,0.001965,
b135f683d302fa532c0b4f06e2fd7435c26c7f026305e57e7e6dd84e1e4963e9,Trickbot,17,17,17,0.000042,
b140d1acbc5c8465f997da51543c9b8c687a26e1668751a8af4f911cd1d9d941,Trickbot,77,56,77,0.000144,
b142aaa92b37b2362d6021c3ee4f2974e2bd86f88da5ddfad97e9c4e80355b9b,Trickbot,180,75,180,0.000278,
b15d1386a0fb7549db14e144d7897aa5a519a7bcaec5f429e63dddf94387a408,Emotet,157,139,157,0.000342,35
b1739ce6935b4575cea8ae3d84ade0169edbdd6f638e86d569e892425469d4db,Trickbot,28,27,28,0.000070,
b1e69fe60380a67b98879db52b2a9a6db85bd6dbb0e38f03459df83fae1a8979,Trickbot,1916,1272,1916,0.003258,
b1f2f2635b8cdc65d14baa46f15562b3ae7701107269bb1bbb53557b56286c36,Trickbot,81,69,81,0.000132,
b1f92ad3b145091f7cc0c6bae0bbca93fb6b82e6eb43f6326ea4e50edd4f38a7,Trickbot,104,71,104,0.000148,
b200f03bcc4a9985e5f5273daf835ba2d1fc8da454d3b05c640ffaa389b604ee,Trickbot,43,36,43,0.000069,
b20ba4a931b7153ad813b8b673094c95e6c2a212b13da509437c8771dd4b2a0a,Emotet,299,195,299,0.000471,
b2252bddefadb012b98aea1246eee969986ef1aae2f1b0c148f42b7ae3dffeef,Emotet,289,191,289,0.000424,
b227e3f8a9ef8dfa8d6cf7561e408cbbb72d0103100e68cced17616e8a86e879,Emotet,1041,950,1041,0.001718,
b238e020f12159e6f986f92d39df1e1beb2b75ea4623977a64a69f84693e0584,Trickbot,8,8,8,0.000019,
b246def39f70f92f2006a514fc9c968bc532cc6b10ba96a7c6f8a36fa02c36c5,Emotet,143,127,143,0.000245,32
b255d2049b7976618a692c76b9795f76ec0f222468bfd40decad7fac35dc387f,Trickbot,1389,855,1389,0.002137,
b259073724ae1f03d3b8d9707d30101a97b3c43645690255f0bfca6c1a749578,Trickbot,39,33,39,0.000060,
b29832626f02e25864f9197d753093c5612985121d32187f9848f44fa4279c4b,Trickbot,219,118,219,0.000285,
b2a726a868dc768930e9506e7d0c0bd30ec2aeb6c456d6cd1337a00b73fc01e2,Emotet,952,926,952,0.001765,
b2b40f211b4aa07a2fd4a415871f31c0ea7670aa26965eed55c8f9eba43e0a65,Trickbot,8,8,8,0.000024,
b2b6289109114b2bf7de530ad5360d960fca5f429ae07cc47b9a27744a142f2a,Trickbot,16,17,16,0.000036,
b2bec8fef4a6dd4f74ffb494e7386a8cd4dd5c179177782fcffb1bc519042342,Emotet,1065,981,1065,0.001807,
b2ce73992ea4959dec00b1715ab1eabe0b2ba465e698c84808353709513bfa59,Emotet,150,130,150,0.000226,
b2de0c27403b24482ea756c0b2b8e4d35189d39e60283638b942e3f2091a63d8,Trickbot,37,23,37,0.000059,
b2e49da72fac0b235d295537586d7c46a23575ab8c88eb4e2ed3ce10d28c6c32,Emotet,309,191,309,0.000451,60
b2ec3b41a03587b58ffe3bc686715e4a3b8ef37f02bef71884aaabbf4e9bc8aa,Emotet,365,210,365,0.000541,
b2f12d09f5b431968d7582206ff8b50fef20f760b3af11b84fd32ce498f995a6,Trickbot,122,87,122,0.000176,
b3066b782ae6fda514a0c667a029b62f7ee6cb81bd96ce32a10b0628f7263f62,Trickbot,17,17,17,0.000037,
b31f793e8e5b095bc0254ff0571846c6d5bf5370a4eda7a20b7d471b4f2781df,Trickbot,8,8,8,0.000019,
b3300c0096644bb023f8f366c14d027a717622b3fa22a84bb4698251bc6a590a,Emotet,74,38,74,0.000119,
b336f60c30cbe2cf70c83ce04f5ad3fe2a5b402d2fcb3ca12fb6685f310eac86,Emotet,1141,980,1141,0.002034,
b33a7b5297e0c51e3eb648c3e5f7549ae811a929c536131f739027e3334b2b52,Trickbot,1339,886,1339,0.002731,
b33eee998f966e96198ff361288db2dfde741f56b3fc1e4ccfeab8c0a750c4b9,Emotet,189,146,189,0.000317,
b341f2186ea64c70a93bc50c25b214be1ea3110e158307e5ab3a59194cf6bd4a,Trickbot,1374,845,1374,0.002613,
b351891fe47a2a3ba3833e30eb8bd112ca4c8dde182b459b01838c67f1993bbf,Emotet,348,199,348,0.000540,66
b3660101d3c25aded77d1a9694b16e311d8e708e1d586e9baf0bc988552a378f,Trickbot,77,56,77,0.000154,
b37ab8cabdde856c6d23489050a75383c896e15d5d917becb53d3ed036415a94,Trickbot,1444,908,1444,0.002787,
b3806018b2b436ea75ba249e07945d26fe319f809c99b82cd106b9258446b780,Emotet,1065,980,1065,0.001981,
b38b5099fb1bff3c824ae5187e4fbd9fe456d26a46b7e31b3495772f87614524,Emotet,164,91,164,0.000246,
b393e7cf4aa68f3756797f2bfc781eec14ccadf48583986035dad10eca917603,Trickbot,17,17,17,0.000039,
b399e4c264cdefa2cf11f69ecdb7c914c30ee8320dc96b0b1c7dadc5f880c51a,Emotet,954,924,954,0.001722,
b3a39136881bbe782b82f15f670c77ed0d18929f13a66521dfb7aab7f3f93600,Trickbot,80,61,80,0.000115,
b3a5d2909998cb94f5c5cd657b727e65be7d67eacd371c7746482c1a14502a07,Emotet,276,186,276,0.000389,
b3ab1adefaac78234319b8fbcabdbe780203b4e9642dd0da0f469dd756772419,Emotet,161,136,161,0.000247,
b3cb8fcb82207992e1ceb37b99f6b978e236880e2677a2b8489f152ba4257269,Trickbot,80,61,80,0.000117,17
b3cfeb3fe9b3ee4f19f331520f5d26c20e1e79bcf07025bc2d29f17c41bf8a31,Emotet,341,238,341,0.000494,
b3e090985801ad1b5359bdbeaed5c8eef334d3e7d97bfcb58a32008e92d8d6d0,Trickbot,56,44,56,0.000093,
b3f3a0a4c37f4c4103767115ae51834fbb360a7ac108f0449b08a86136685e70,Trickbot,45,36,45,0.000066,
b40356985df7e0065d2e2feb32fd5d0cdf15fa3aab000a3e4f8248cdadfd92f4,Trickbot,64,42,64,0.000092,
b4042f4f1704b4f2c5455000c9423700b9fc3ae2792276b065d9d245bfbbb948,Trickbot,45,36,45,0.000104,
b409b01a8fe1e51a9f7fc0ea4e04f80f6083bb5c815bedf59e7f27f086454d20,Emotet,363,237,363,0.000840,
b40a23b1da449c5b195bfb649638798acf124a2a1e1957ef0fd7ec4db3fe820b,Trickbot,1405,857,1405,0.003423,
b421a0108bf27c8d7572ec10efb191cfc7eb7e1fe53eae2cab19a432f0764967,Trickbot,1287,864,1287,0.003065,
b424ddc69cb2ac425dd274d89fba9c3e65898f2b53c7138977aaf5e7a13af8d8,Emotet,41,27,41,0.000079,
b440326e28201242e70bb9aba6f1c669c4c5544d526c077066f0d17f15c68345,Emotet,183,148,183,0.000261,39
b44bbe30ce8895b320d00659de217a8a3ff438f5fea82b7c4d334818580f82ca,Emotet,1077,961,1077,0.001799,
b44e45e563ee47415c0f9d328e498a2ce510d606dd3b570db20e2cbd5673cb11,Trickbot,1253,813,1253,0.002122,
b4753c21d53df4d6183feeed99769c21a00f23cf71d0bcda65cfda726e6e7a59,Trickbot,8,8,8,0.000025,
b4875d74f30ffc2d3f7e499fc3cee750cb94ba7b3fefa274c12257852a4fdd7d,Trickbot,83,66,83,0.000155,
b4961f5ea2b77c8c620a833a106f5d76611767b01172b92aecdf32e3c4620109,Emotet,214,146,214,0.000422,
b4b91d6cb3eb005cffd9384cc1e92b30659c2bfd47a042fa93dc284863dd2003,Emotet,1083,986,1083,0.002046,
b4bed178a0833a1908fee1e2f3471130759d6125874c35a4d44061bd42bc8e1f,Trickbot,191,84,191,0.000270,
b4c619d17fc86b39bdad1cf76a416eab966d5a8a46ec8b25164414d7c970f447,Emotet,10,9,10,0.000027,
b4c86c3ac199fd034279ab045f58bd31110b2a9f0a55cc03e0294bcf61063f4f,Trickbot,1911,1269,1911,0.003287,
b4cffb6365db5ee635646169421120a23f42dcd0f5f8106d24a1f7dc3e8121ae,Emotet,367,204,367,0.000607,69
b4da1ce940d0b9847c2e1f2ecfa5fb1380982ebed139481fd442161053f42bfc,Emotet,257,181,257,0.000459,
b4e66c3753762854d867aa7d91597ab1c500b3f527cb80e7dc48210e6c801bc1,Trickbot,46,22,46,0.000067,
b4f69109b53b1997f5b6e6df5d7ca9843621b7c2c78e403b671e57586a758774,Trickbot,1361,847,1361,0.002171,
b5067d3ac9d7399042abe5b2f9199e568b8466466b25a2bd30608c7392b6d8c3,Trickbot,118,91,118,0.000175,
b5159c12d1b95b847e38b0544444fb997baf0434b59603b50acc726ad27db154,Trickbot,1279,776,1279,0.002071,
b528ff1315db3302b39392955ea7a409947a29523c8fbcd970548b5de2c19639,Trickbot,17,17,17,0.000039,
b540091f7bbab858d4055c37ba85bdbffa607aca5de95b3acb99f1f0073552c7,Trickbot,1904,1244,1904,0.003448,
b544ef32dae801ace0cd3fa91a2c74a5069226a74d4953d772d5f0da6d86fb71,Emotet,189,150,189,0.000306,
b54630817baf7b9d180584f6e65e4c8c2d2a0748100281a1a1c20f0ae85a2df9,Emotet,1099,981,1099,0.001805,
b550cf15a875451eac57265f09e2a1f435b89846434c2d2921acae6fa8346c7e,Trickbot,9,9,9,0.000023,3
b56395ac70cd03f759db1e6639f52c21a0ffa8dfdca8c349065780eddb2a8d5b,Emotet,182,146,182,0.000304,
b56cc0df3a652e4b3cd27276012cdfe5b709063854a59fd40b8c35bf8d4963e0,Trickbot,20,19,20,0.000044,
b575ba480a8eccbd851a7f3430c9975ba80af05b3b8ad94d8c5ec1d150fbf80b,Emotet,292,193,292,0.000406,
b57e3641b939027a0b80d7ce05a8575c3ee7596ad1a38965dca3899a74e4ae6c,Trickbot,1245,774,1245,0.001999,
b596f3ec07969adf495e060c2a5cb7e54308441c0b38eef40b1943faa47bd9d9,Trickbot,78,67,78,0.000126,
b59f74aa85eeb8b4da6b460bae93bd7d3dd48ab404461c95a24edec604c34f3e,Trickbot,16,17,16,0.000034,
b5ba5fcabbda76be05fcf9a5463abe68f6ee8977861b29c8290cbb4a4a167c25,Trickbot,74,61,74,0.000122,
b5d3b302ac68972fd9e38c607963b05883a0eeb5f008505514d0cf0634d2ae74,Emotet,977,935,977,0.001781,
b5f80a838d3b4cbbea9f24b482e65630f541282ac2224f3421c01f5d72f698e5,Trickbot,77,61,77,0.000149,
b5f877da5d6af32b3dd66cb2c9ff4bd4fe2ffbffa7ca2dc4a2c6d541396abd15,Trickbot,95,64,95,0.000192,19
b5fbce9c7db714a57da9c4cde8a257667ff29cb9d341f676c91324e75a6151f0,Emotet,64,29,64,0.000085,
b616385b474e8a765a2b510007e8fac99f8f3727667c78f5df727b897b41e813,Trickbot,73,52,73,0.000125,
b6443dadabc0432a7c31781ba0bc48679de619e7e68af7b843b0a3f01add69ba,Emotet,950,925,950,0.001828,
b64882ffa51f62d57c57dac5e5fe6a49d212bc261ae8f54d20122fde02dbdf8b,Trickbot,1809,1229,1809,0.003513,
b65e606c9c3b3bb79ada588b0e8d9345cd1f7aaca6a717127a1764e79ba7d647,Trickbot,82,60,82,0.000143,
b65fb16bc5214b980c8c74bbbf8597e7782dadc586740ef2313949aabcb712e9,Emotet,294,194,294,0.000473,
b6603fe29f330aea00de05cab44d8a77336c9a70f8f55660cce2961d41befe13,Trickbot,1126,759,1126,0.002138,
b667749bb428cbb850c0b516786ff510cb118dd87bbdd2d9df94ea3c6eb6e6c5,Trickbot,65,42,65,0.000101,
b66c4044e9616e9abe2bc848f2a26d7d313815635689f02bcf9bc5ab5367de4f,Trickbot,19,18,19,0.000039,
b67150847467cfceec25206ab0efb7071942e24749caf83ecc5c07e9eb9b7bc7,Emotet,69,35,69,0.000124,12
b68bc4475dc9a952030bb3c18d2f752b4fbe81a7b34450b2e44d47b5040f4526,Trickbot,59,43,59,0.000122,
b6d6e5df5de0e075e850e37c3295b178bf0689cb86dda459560fc293247d457c,Trickbot,8,8,8,0.000019,
b6e1f873b74b44ff5a8a0844344c10041bc8c0cc74bb33ab0eeb07b060579d46,Emotet,274,194,274,0.000486,
b6e2b334bca68e3de412f640c85f970dcd911f962cdb1d5aa63465e7572a7008,Emotet,150,131,150,0.000300,
b707e8c34d3db71e2a7a23e54d4110390f3be4dd3c65765b0917d394fb1279f4,Trickbot,121,61,121,0.000172,
b7240f05db790f54c7f7734278f3f049d965a89c1337731bfe8351e998cc5319,Trickbot,17,17,17,0.000039,
b72ab549eb4695b1c2f20cbd3e60ea79b2861d70b56881905d145e9a77ec1a2e,Trickbot,38,32,38,0.000065,
b77653ce67b212e3dd92d4695e16c58cd688aa01aa8056c6f91102ede8a9734f,Emotet,242,178,242,0.000403,
b777795dc869d2c4ecff59d04499a9d8f64aed8607cbe7ab37be61a606b7d5e5,Emotet,251,183,251,0.000393,
b77a57b087aa79489af170d8a10db620ee3ff374861f73eb4f78f6b519bdc1f3,Emotet,268,185,268,0.000442,54
b77e284285eb5092f6ca339eaaf62040cd82acd49cfab6ada88957e1b1897286,Emotet,371,207,371,0.000611,
b7a2f60d7a69552bd262618036c17cfa6a876a74f1913e0a79864a8b56ea0367,Trickbot,77,61,77,0.000148,
b7bac9d82a9c15707d23d37798c8957f47bf1d05ef5e92800795d7ecf6ee89e1,Emotet,1108,998,1108,0.002003,
b7ce214cf3887acdebb75cd18093b8b859ad56bcd7153b99639b025a960873e1,Trickbot,1184,759,1184,0.001941,
b7dcae45d6f3256887d59279de49aa1a1beea63d99ddd3db11e766d463414cc6,Emotet,1124,974,1124,0.001984,
b7dea672e29a319878c23922b4a90dd104744a42d8ca2a86144595278404ea93,Emotet,166,133,166,0.000281,
b7eb233f8367ab7fcf30357c35dac0b76fb7bada5ddd69d9c534f8d884e3bc72,Trickbot,170,91,170,0.000230,
b815f9691ee352543ff3605dbee3b37f9489cd0c67ac206a0f67e8c3e4b3c30e,Emotet,1052,976,1052,0.001966,
b81de3cd3c82d94432a27d1a903ef6751f4718a01228a1a75016b05ab85f5dd3,Emotet,143,91,143,0.000213,
b82b55f1e12376d760a235c0e7e1374e800a554164f015d5f673f782b096708b,Trickbot,1818,1222,1818,0.003300,412
b82c59a9a86d3eb97426ed4deaf5d9df607da02d070eca9a5a3fc1803da6d450,Emotet,249,187,249,0.000450,
b82f877377a2d1d1cf6d1d9d3a396ed1283ad501464b7b2e73252b62a12826f4,Trickbot,8,8,8,0.000033,
b832e4f24e0d549e65b9b5777f27b099f2d18e5720dda00a8f09cdde11870df9,Emotet,286,186,286,0.000488,
b84276e289b6eccaba97f30c8f239fae8a974ba7d76990b7fd542586f2926de4,Emotet,171,138,171,0.000302,
b871f57b641c0f410a0ee7872c1a36f1f6f6830e739dff35d34e89e1c9b21329,Trickbot,17,17,17,0.000033,
b87a6bc4da52841aa1279018e326aecb4cdb0612bf66377b906cfdd13351928a,Emotet,306,190,306,0.000498,
b8970f264c300984390abd22541259511fb38091e2ae9ea33dba601c2c721ef7,Emotet,192,139,192,0.000267,
b8c632b90575f95bc162af9de7101ce0e6b4d62d1f605a36b7a2d8c4a1b7b462,Emotet,327,221,327,0.000519,
b8ca2cacc7a8e5667d54f816d05de25bd364d5f4f078503f394d31f2f982d762,Emotet,293,186,293,0.000414,
b8cd0fd3f9d5b69fff150847c44aa4ffb476d21312fc166a71a8ca2d6d5836e3,Emotet,369,234,369,0.000636,73
b8d920f9ed995b396d164785437d6dc6e5978045b9a77547a80c9c3ad8c77176,Trickbot,42,35,42,0.000070,
b90386edf6c9caffdf9c00319041e7fc1b5735dd14a92ba1b3656fabe4719803,Emotet,958,930,958,0.001658,
b90f481b0e9264c67cd9d4986b2ace00dcf07f8a2c46a65c66937f10179f1e35,Emotet,221,148,221,0.000309,
b932be5349af54ee70e35da018a7ce2d85f49115f4c5644632df2d3f992076c2,Trickbot,8,8,8,0.000022,
b93d8a369c6f73da706b458bd83ecfb7d48dabba05ed9ba727eadee434d82e6a,Trickbot,2923,1251,2923,0.004643,
b93eec22d26fe26074530344fe0a6cb46b492594ea894a0b5d835b01876f2eb5,Emotet,401,211,401,0.000543,
b94559f28c65fa4ed033289cf9221b9d97f34f442a5dcb527fe0a8a21709c5f6,Emotet,32,21,32,0.000059,
b963c7e62347bfff36b4127465652853d80207ac38ff23aca86c0c43b7efaeb9,Trickbot,133,58,133,0.000186,
b96b817fb7ce67d2e09637740b3d07564894c2bda0c3ea51561bb89fe8da9e62,Emotet,1059,981,1059,0.001933,
b9734716439f2c6382a710a7327d384c8de9f1a7219f7ae2c7e90c7ed60cdb9a,Emotet,1133,978,1133,0.001852,294
b9aea5743225f91c64ddb4702b443c7efaa359e3b048062bb53e517076f14b5a,Trickbot,75,62,75,0.000129,
b9b646adc36e765273fad1beb8efe9ca4a7f16a9559f6494a961ebd24c738b9f,Emotet,148,132,148,0.000245,
b9ed2454a22a6795c1afbe3831c9802d3d106ac20b950238aec3a1954f939a18,Emotet,373,242,373,0.000520,
b9eeaf22cbc11cca34200c1b06c14308a86e3a7a28f415a7e996efd590f299d0,Emotet,52,34,52,0.000078,
b9fa6404ff7747226be4550a3ae8605ee70836c06adcb614f829684a1d84a623,Trickbot,17,17,17,0.000039,
ba0513faa28b5fea868d89b14d6471431247a1068e6421e188c9b5fc415e0e5a,Trickbot,17,17,17,0.000031,
ba32ab794699676d01f8b3c969e9caaaa5cb355b46b4dcb4deb8fc878be02fe1,Trickbot,26,13,26,0.000055,
ba46a502a63a397975c8b657d75be19de1dca6283f6cc29ed3622cd2c4355a72,Emotet,1176,1005,1176,0.002495,
ba46f4fe398d46e395fb4f9790e6ac7652a538729783315032dccf588a5fc6f2,Emotet,295,187,295,0.000405,
ba5ffec635059232e02409551763832dee643ffb7d085d0ca9f7c56ed042c7b8,Emotet,294,224,294,0.000449,62
ba6a005569e9ed4b3d357090e809e5ea89f1a1a22c703f11afd7c58da3be28c8,Trickbot,43,36,43,0.000068,
ba765971a3f26a664d176857ffb5a4153a7895862f6d01fec4de48a2a452f5b8,Trickbot,85,71,85,0.000125,
ba9096795df871c4502d2fb7db3b8a946dcc84c8cdf4ff6f63313887571e35ec,Emotet,353,237,353,0.000497,
baab88adca45a5ebeabb30cec401f45ebb5e8a89dba560cca935e52f1c1ed554,Trickbot,42,35,42,0.000070,
bab297cd383c44c7a712e9ab4a4d8b12d3aabddd7b6ee3815b106b5d417631b8,Trickbot,2014,1389,2014,0.004053,
bad07d3e095665f5b325bf649f49d9a7af9d6d9f834cca1ff33ca4370670aecf,Trickbot,77,61,77,0.000126,
bb136757318edf6f52fa320ac6f5abf91c18b54531c825f722b3abe29da9acce,Emotet,1190,1013,1190,0.002098,
bb37abda0b60c19a50efd2e7ef24de1327b4864aa0afc0967a2fc804aeda8c10,Trickbot,59,45,59,0.000091,
bb42f3a247793e689628e2bb5c1e70cf4192d0370803eb345f5a9d5750d762a2,Emotet,155,133,155,0.000309,
bb438835edc5864b4616a232a2ba52de036e15d449a210d429c0a37e558e3fb9,Emotet,49,30,49,0.000088,10
bb6443098069a85536cf6ce2b7a2c26ed7171fc163dbee91eb54c7ccded6eaab,Emotet,3,4,3,0.000012,
bb653ca3739135340f96574a447bbe9c43e369bf402c1f82a761bec81910af4e,Trickbot,56,44,56,0.000093,
bb8b644212ea2fd32eebcd97094ca6220688a2ee363d096232ee6fa8cc539dd6,Emotet,83,37,83,0.000108,
bb9843156bf9b336c298adab89fff5854775c657f9dbe0148e37681f94be78d4,Emotet,1077,983,1077,0.001788,
bba291a39ceff13751f1f63df6d9a1a748bd3e4fe84138e68e7eea041f907338,Trickbot,83,62,83,0.000123,
bba2a60ce7ceedd7e919ad6e0313c06af1317ad140734e1856850b1f39188781,Trickbot,80,62,80,0.000116,
bba9ec2cba76c4f0fb275761285f0b13d80e11c15f8cc6c7bd3d419facd89b0f,Trickbot,41,34,41,0.000087,
bbd2fd0401528f104e055daa737a6eae6ace76c5c87fcee1e762e0efa58b8c1e,Trickbot,1189,768,1189,0.001882,
bbd58e83feaa4353afe109ae6d3a5b9a24f7a7157fb247727bfc367b91f4ba28,Trickbot,14,8,14,0.000031,
bbdc0d6fd775b5789858cda3cea0c1272c16e592fd6e9d6b60f886adb3de5e87,Trickbot,81,67,81,0.000134,18
bbde9e0ad6916bd1488120b9745bb29065ca58920aeb1e7e6ba4fe8efd3b33d0,Trickbot,25,22,25,0.000049,
bbf078b84fe939f8b3a3d297c72b9240749bcd59fb0a31e6098e822f1a83fd60,Trickbot,37,14,37,0.000051,
bbf95a1d939eb58fbf59ff12dd2128eb5b0be4bdc5f37ca598980c196408edd0,Emotet,160,127,160,0.000228,
bbf99f1e43a3ede1c5a2ab267a6c088c5cedd793b727156633d0b4aba8d75f7a,Emotet,1075,983,1075,0.002073,
bbfa4732d6d5417115f67ffc756184d59b6e764a9f3f031b075d299a461dca67,Emotet,274,181,274,0.000373,
bbfc9e9c3380669ae2eca09a818617003a294fea61281b602d2b72ec31a940da,Trickbot,93,50,93,0.000135,
bbff20a15caaf2df7ee4ce442db0e98cb7256ef53676330e1231030b517ffcf3,Trickbot,18,18,18,0.000035,
bc037ebb5a7700ae5f1e3d698d9762ea275572e0f33d7706dfb211560def35ed,Emotet,387,202,387,0.000522,
bc0d08d8bfc9ee8623c39748a7a56ccdd073878fb10330ce63f78ac4d224195d,Trickbot,101,85,101,0.000162,
bc1013597ec02368743eaa5b29aef1cd2b2d3dca5d9687ff34926afcd269d831,Trickbot,17,17,17,0.000032,5
bc1a546a6de0fb79d19261227598cb7a896fce8e39cd29cef01db43fab72b6f2,Emotet,172,140,172,0.000243,
bc2479707c7a0f2eff704a9ab15f03f3e7e25b6b60faf77da52c1b03ed8f770d,Trickbot,257,144,257,0.000386,
bc29d2f413cb4c49aae246fa64f419a0097eaacbfef7429561c711947c81b64d,Trickbot,17,17,17,0.000032,
bc2e4ae55f0e3f4fc9c4625ecc9a3c755d986d99e4a93845ba5dbbc0e8d4f347,Trickbot,108,84,108,0.000180,
bc82d64805842e448e44bebe49fcc7a20f44e5489ecd2ac2fe17b5ac4ad1e4a9,Trickbot,7,8,7,0.000020,
bc8688d5b0e091c4090beab1221867a5ff66428dbc82492fd6b47fae60d85b58,Trickbot,1167,756,1167,0.001953,
bc87f4f508607026ebc8d10fe7bc715e814aabc54f2cb3238609b2c262446a75,Emotet,140,127,140,0.000228,
bc9b380094b602973e2056eb7238115700a7b8467eac5d20576b61a5d3a0cf95,Trickbot,77,67,77,0.000138,
bca12128c34abc61c7a123196851673acf8222a58e6ece14645f9e7542cba59a,Emotet,26,20,26,0.000045,
bcb56515902e77e02fef6dd49f512cc839bfa23d7cc07f7264955f017b768fbc,Emotet,225,176,225,0.000395,51
bce00213f19d3ba5d9b88541daada260c672c456006d25ebd7ea949fa8695047,Trickbot,1259,802,1259,0.002167,
bce327c105656a9beb98f30802bdabe2847e18e8afac5309570949fa6ef0410f,Emotet,333,203,333,0.000567,
bcfdbf2a995e4fb0220df62868d9ffb8c3932da087ab071a788e9a2de3d9f058,Emotet,1067,986,1067,0.002124,
bd063b4bf00f6ecdcba32a108c8de327e3f6bf651b52ab2746968356c2a5ad51,Trickbot,42,35,42,0.000077,
bd20bc8bdbf5b8666b3d8350d1f7dcf1a4a9048c6c114ec5b59a73fae92ad34e,Emotet,237,149,237,0.000324,
bd39e5cc462ecbd4a0a7caacf1a901fa5063f7f607917dd934b569643460927d,Trickbot,53,41,53,0.000105,
bd43f1af7c4c8ac997ced2669bc03d54184f9c949023948981a9bd386148a10d,Trickbot,17,17,17,0.000034,
bd6b078f94e66a94e51d3241c0c26251878402d1eb603c1b83289f6d9c573a22,Emotet,278,152,278,0.000492,
bd73b1d617e83b9316486519bcc6f3bfc47f6f5268a2194c4eeb53dc26c446e9,Emotet,56,27,56,0.000090,
bd8ebd01abbd09754edf57a27899b10c3d7ccd19b7939b0e68249e1b931dc063,Trickbot,82,60,82,0.000125,17
bda303ddfe0c77f0ad984c430f9708b4afab62c9eb7ff1c1fc1497d5c33489dc,Emotet,1138,993,1138,0.001865,
bdaa2d4aa5975f7b5c0aeacc93d041195330f7ddc37abe1bc57b3c3eff042349,Trickbot,123,92,123,0.000180,
bdafdb490876aefa0d5a59af7593af22530766501c1b63238fc8dddba81ac369,Emotet,293,198,293,0.000412,
bdb8e5cab255af33cbd2f31aad32aee9a012c5000bf8bf8dbab037b07463bdaa,Trickbot,3153,1669,3153,0.005340,
bde8de50fac8292f624950dc3f8f91b709f3ad1c620afd0225b6c3384b537f1a,Trickbot,1406,890,1406,0.002222,
be03d44da0edda1ee63fcb62072e356b11e42678cdf7c35a6835ced6df653e32,Trickbot,1538,258,1538,0.002047,
be40a2df7703acb9fc7ad3f3d074ecb7daeb23757b72e1791fac188961736f3f,Trickbot,9,9,9,0.000027,
be40fa90d021a68f26117a764c927e7a0ba009b523eb6556498249a9d48a5bb9,Emotet,278,185,278,0.000412,
be69b40db0574774015ab02121e1e8f7b3e9035cfe0dbff6c67c6b34ab53b54c,Trickbot,1933,1244,1933,0.003428,
be6bbee22af0463c14025355a1817a2812418332ca89a419f201d4eece1dd581,Emotet,297,194,297,0.000447,59
be9a3c3d13f069b4aa6ed021a38d33fe2b3d00f48deab523685e1c42b0e06c5d,Trickbot,3545,1950,3545,0.006503,
bec0cb7c5516da0523dea3b945b601ae69f66dbdb4ccda7e5a0d923e00657427,Emotet,253,160,253,0.000380,
becc7430093a9e542c79a868c47569bac86da30602afaeb1377443efbf3abfab,Emotet,1074,996,1074,0.002016,
bed8df4a2f0daf63ac8a19f7993a96185b779b52362f75cf840929354d038f75,Emotet,1061,977,1061,0.002089,
bee05fae0ed544c7f22ebf8585803589ecbd69f7006dfbaa7f0f09092e130c21,Trickbot,41,34,41,0.000095,
bef6d6e528a820bdca538c5d10a5f673e1c350bce4a79aa4fcb541ef711c9dee,Trickbot,7,8,7,0.000020,
beffd70fc9a8c22b03366c45c60b55e0a2e5cda89c79c613bf4358593ea6a68b,Trickbot,50,39,50,0.000096,
bf08e8d99ed4637c9f38ab52e40335e65a452920566c6d544b68322f3ec1e846,Trickbot,28,27,28,0.000047,
bf0ed35eecc60dea3f98df4ee15160ac97c7985ca3f177fc05d937bbf06cf54c,Emotet,149,131,149,0.000214,
bf105afda4cac281e0ebaeb58ebb4f9592571d9f2b2670955cbf8219db30af22,Emotet,240,192,240,0.000404,53
bf19ffb1a55cdb87ddfb9cffb7097cc5c8cf201172ac0b3de0afa3a3ecb98b07,Trickbot,1964,1240,1964,0.003992,
bf2f8d036361eb76cf37a6d93ae8230ef6b014500a7624b5a0883dfe184dd219,Trickbot,1411,845,1411,0.002107,
bf2ff9b64b4da1c401e365500ce55ca32c1d708ad5f2366fe93027df3e9d8fb2,Trickbot,1914,1239,1914,0.003186,
bf5379a87c88913837ce003453733713813e49c561e97a614feea1e2cd507835,Emotet,194,153,194,0.000285,
bf605d3a08feb6847e91c76e9f281fc51ddc4f3c70c69929ab5db4bb449a3ba6,Trickbot,1928,1265,1928,0.003559,
bf90a0cf971b18d0563d23dd36f08936086ce9cf407d00bd234c1a3607916061,Emotet,1092,979,1092,0.001868,
bf98b3315c5734e560bf8b3d4d453b187dfe203b8cbcb2b6803160e3a6b710c5,Trickbot,983,190,983,0.001301,
bfb72a47d4f9c232900db3e9735a457724ad9e739ad1158a98cdd97069aab580,Emotet,275,186,275,0.000401,
bfbda203501d2872b57d21d584614fcd4acc2b9bebe9b5c8c9d07d558bfcb904,Emotet,31,24,31,0.000058,
bfc8fd4bd212478eb451cd7f1667db0afa7966025748e2ebee1abaa808a07f0e,Trickbot,177,75,177,0.000258,28
bfcf6de3a729591075280248022fbf60a1e67ca4701167d57a1423f6a03c892c,Emotet,1067,979,1067,0.001761,
bfd7126d2746e118bce545a4e8d70c92f3a5b9ca0751a292dc78697dfa216e4f,Emotet,145,91,145,0.000223,
bff0fb1c0eb61adafd235983adb8d8985f6225a89f5adf5fdf676f7b001bf3ed,Emotet,289,191,289,0.000435,
c0073f6bbc66e9719348a6843fea6a2e7b454421f9d53fd61766e0a716a48e3d,Trickbot,130,100,130,0.000262,
c01c1d1ee710e17a048e9a4940cf0c3d411b89bbdd6a19b697a4681590522004,Emotet,1048,974,1048,0.001863,
c01f05adfb2e4e4133a7e90ee04d72f0f0528332757a308cee498a9342689b35,Emotet,284,193,284,0.000471,
c0213f5a65750d1888fbf2d6b7a17efcde06acdd9be20959eae3521937cd58ad,Emotet,271,168,271,0.000481,
c0252e127c8fa0f1adf781085ae423bf0baac116a7f5cef202d7fbde1d2c4d33,Trickbot,46,38,46,0.000105,
c02aaf58ffb4a6b26719402e6ce5f362fb45606013a4771911782d62c80120d5,Emotet,298,192,298,0.000556,
c03f2f6c6323992c535c716baa8ef4ae0bcf186560aedbb094fb2425bfe20d17,Trickbot,118,69,118,0.000228,22
c0434a109e770f037282ac9a728c033b8a5f65f8a19e2750eb46a9834951a9ff,Emotet,148,129,148,0.000286,
c0444cfdc891eac77f8cb85069b8a852b0ebd3047b48c903f491d1eff169eb67,Trickbot,122,92,122,0.000211,
c0516a4e7de3dee99c30f6670b99160d31d58295ce68cab71c954cc55a5bd54e,Trickbot,14,8,14,0.000030,
c051bd5a76bffa064c9353f933e8ee4010ba46aa752169a85ed782ffab527ecb,Emotet,267,182,267,0.000450,
c0531a29b464874cd687a5f88e58760ca07d92e12661a62a2a89b510e532010b,Emotet,1112,988,1112,0.002038,
c078cff226847d7fa24d344fb669498a0a16e16c609025f4242771087b51d3d0,Emotet,50,29,50,0.000086,
c08c6005cfa780fc13a8cefaab811ad47d39b20ad1dbf3269b6635309a38e1ed,Trickbot,3947,2096,3947,0.007136,
c0abaa6cf7318360c27b64c2d02df66ee3d63ab5dc87ae34719dd9e751445e42,Trickbot,8,8,8,0.000023,
c0b80c996f7313be91d405d4b0fe7433375a3c231dcb533cf4af0dc806da8d21,Emotet,290,190,290,0.000388,
c0c4bf321d1ac6e26b3992f69dfec1c68de410cda499caa22d1d7e8035362aa5,Emotet,354,207,354,0.000481,68
c0caeffc24c9416819b4c719b9413082d2ebd9b3f8d103e90772ddf2873d7ae2,Emotet,361,186,361,0.000487,
c0ce1fe0e48950bdcf1584ccd4d96df2f65163b0ede76a71e2e7d98fa67c2f04,Trickbot,1999,1275,1999,0.003409,
c0d6211779be94827d2c54753f16ff7130734bed9d48d974843f8ea503e800d5,Emotet,42,17,42,0.000063,
c0fa9fb2a4cec65aef614f4fe8c1c2f6967468959a190dd34f0bbfa7fa70a9f5,Trickbot,42,35,42,0.000084,
c101fe5f1884b1d957e68a6756bdc72a93b6629d150866e59f1650bb966e3c65,Emotet,39,25,39,0.000061,
c105be9e94d7afce32e7fe5adf32f01f0736cb01414327e80cd3212da6ba4c37,Trickbot,14,8,14,0.000027,
c108b1a0f9ffad33ef0a719ab363a898f21911126443afc89f193db6332d919d,Emotet,191,149,191,0.000263,
c126f1ae61f0349e84ceb177885f388eddee37f8cc819d235539388029cd9713,Trickbot,196,109,196,0.000291,
c12c822886f2cd58f043c57e36648f32477282e1c9862cb3e1e0acb30a5bbc3f,Emotet,393,236,393,0.000584,
c13619d5d9a30a758099af5cef900746ff21e067ea009eb7b90b5afb199b0d9d,Emotet,966,935,966,0.002227,265
c13e9d26c52744efdb39d85a1f596597dc16c5cdf79052fe8dfb562f7abb2914,Trickbot,18,18,18,0.000035,
c155cb2a38e7740182b1f47cb39de693d13e5d7c08181dae7e5799b4e35497df,Emotet,136,89,136,0.000250,
c15eab06af47f91f9532622f1f48fc83af925d2a356e7332425999b148c3181a,Trickbot,1921,1252,1921,0.003859,
c167c1d9d528e178392908f750500250a16d2a912639a7b56ebdb43b57f7fb93,Emotet,160,130,160,0.000315,
c171197dfac2c2d216c6468a8d8a82eb977a57909756e0d7486225ee6595c953,Emotet,197,138,197,0.000384,
c1772d8c0fa6feceba63ca970e61cc8fb908f6e9f67665f0dd7785db4515fef0,Trickbot,16,17,16,0.000030,
c1790994f32aa1c104bbca7ff17b6b8710acb03030ee1e4351547603e9fd88e7,Emotet,223,183,223,0.000342,
c1819441003b00b177dd395998f9f9be3015eca84eb07379f6cec4f02884f3cf,Emotet,94,49,94,0.000136,
c199095d316e608f019b5bcf6e589a06b3b1aead0abc2b5c2b6ea70177bd3cf3,Emotet,186,145,186,0.000290,
c1b94546ae4bba749223a435d4f427f08e1b068919c7d6ee8696e3d38fa394e5,Trickbot,76,58,76,0.000131,16
c1c559bf397cc44fdb9a52dc2cbc809d2afca98f8f67d27ce4aa7b87d82be7c6,Trickbot,124,93,124,0.000226,
c1d283d4a58f3946130325244ac4e995fcce846cdbf942a0731219b0f7e94997,Emotet,321,233,321,0.000470,
c1da8eda3b94407646981691414e5fb1ba61ac11e0609c5f3a3857eabda540c2,Emotet,261,159,261,0.000354,
c1e75b1ade4a94c836c1f1c0372b903f5287ea34dbb27bf6f7df083a8c887c2d,Emotet,257,186,257,0.000369,
c1f6f8635fd2dfa1440fe485d1ac0ad8b934f3779a4bb999028ce71d12ea5494,Trickbot,8,8,8,0.000030,
c1f7f56e617f9da8665be3733efb54c576a6259cb1922061b5f4d7bf2fbe5455,Trickbot,1182,748,1182,0.001904,
c22dafd04cbfd2509ff85b823aededb049dd5df4726aad1669dd6892fe442fb8,Trickbot,9,9,9,0.000027,
c258247bb941499e89b5fac7d00ef1c70c2de91e673e3523f7e396fb591c3b70,Trickbot,209,100,209,0.000303,
c25e4626d6450e35b1c3cdfc96b492082868cae7cb25d5809361d028f5da1fa8,Emotet,195,139,195,0.000329,
c25e5aafbf23e9101a763b4a7417ecd665b812cfa787ee11554227f381173acc,Emotet,176,141,176,0.000264,37
c261ea67b722b959fb9adbaf1004fe495324705dd9c0de97b42c0e9daa08604f,Emotet,182,138,182,0.000250,
c2760b3a1221d2c7062c3716def721265a36ea3dc1c1ee49834b4ed8813d9428,Emotet,255,181,255,0.000473,
c288f89d11f400492ad860b4da5a2b2783d9576a81b58ead905546adbc492767,Trickbot,1186,747,1186,0.002362,
c2a89a51753fd6e2aa17d516b4646f848b38835fa4c4897c31840050878956a3,Emotet,376,231,376,0.000626,
c2c7722e164574e9aaa7ab01e808ab02497fe70967dc8faf16632a97b81daaa5,Emotet,205,150,205,0.000343,
c2ca9fef8f6e5c4b584d58ee821d5ad9849c64b8f1e0bb7d7b97b703b748f82f,Trickbot,1123,717,1123,0.002103,
c2d096f049e670d57537c86f23756d79aef9d08d0c46845a608d32e7b50fff8f,Emotet,394,209,394,0.000662,
c2daaad0220fde4ba5753bf6ccca8ffcfc229946697304346f8250973f799629,Emotet,970,939,970,0.002136,
c2e54b7e09a2015b3548560784833fdf0bbb146653fdba893b1850e86d276f89,Trickbot,1926,1253,1926,0.003735,
c2f8284cb93d78e3a489b279ff8eb35fd9caf6b345fa0eefc49430eff0ba3bd5,Emotet,1065,979,1065,0.002140,285
c2fb62b0c70cc51cd508f235188f12c1efb4a534df48bca8092d0a9e0a059a57,Emotet,234,172,234,0.000467,
c305ebba4a998304919ada152c3eb3fe4037baa4526a9c16959b43c754743277,Trickbot,101,54,101,0.000181,
c3300f08667cb3cfa80040e367172ace300092071dbabb1a566766f905a41247,Emotet,258,181,258,0.000513,
c339756037de8ce45cafc4601d6dd64268648cf983b4aa7bc03aae0daaef0d81,Emotet,1004,940,1004,0.002275,
c35079233d0bda50bcba28806b713b0cd629a917c11ffc56f3a4ef7b6a382b53,Trickbot,17,17,17,0.000056,
c3597113c13fd937d307db855d1a48ada39a0a0d7e292213bfd877b174b91164,Emotet,1042,973,1042,0.002454,
c368745cde7be79e82780c18baa26d376946c0852f14cee8fea805e2019b2101,Emotet,1057,975,1057,0.002413,
c370cbfd24022030b6e65cb49d93625b0dab7a8de5d9d1d5dbdc2e6b69cd508a,Emotet,1049,974,1049,0.002302,
c371a79ea7acab2f3b1aa4684a01347c0c21371f0d1e95a75109c4c221371220,Emotet,256,186,256,0.000382,
c38891d44255f8a1716c4d344cf930f6760156b37accbe8b54172c68e05d0ed2,Emotet,204,167,204,0.000339,43
c396aa4194907adb73d8d4d8e59793917ef1139cb0929c086229f6345ed8b09d,Emotet,992,939,992,0.002399,
c3a67791791b5ffc6d32f0296f55953ca00cea2f94cc7540d58e3be93a9780ee,Trickbot,1918,1272,1918,0.003645,
c3a90123ee08f0406100edc2ba07ba0ab67cbc5211902eff494b19382cebc40e,Trickbot,70,42,70,0.000104,
c3ade74855d6bebfca5fe7b562f56cb6244fd6b24afddc3c7aab714ebd79a22d,Trickbot,17,17,17,0.000038,
c3b107ea0a42d09fcc9dd1074e760e5f6e86a041895723b241cca1e585bfebfa,Trickbot,80,61,80,0.000117,
c3c5a33fad5e82cf2d8561ae1529232ea5d14bfaefaa9f2790f15e20d4b6247a,Trickbot,8,8,8,0.000019,
c3f27948d65ccefb214325b5aeb64d5d125353f1e12055aea4f3d42b4966064b,Emotet,356,227,356,0.000503,
c41d2da24bce2891fd6344c64dc16059af340eb6a466a2a637d6396f5bca9e30,Emotet,43,24,43,0.000063,
c41ea3456b549cbf256afb1534e8ff2a70065208a2602490280937163255d08f,Emotet,1117,1012,1117,0.001881,
c42d21fff1f7ba2a8ba1b51d952b538553fe1c1dd42f758f0f10a7997f70a4eb,Trickbot,8,8,8,0.000019,2
c441e03c4e5699b73cfd81e18c88aa9b04d6c12cdc0a18b2b569a44b1e7d8ddd,Trickbot,8,8,8,0.000039,
c44e4fe153ad42ba1f232d22b0c23af7aa1d8461190ac4c9c9c1bb1f1b304b33,Emotet,280,189,280,0.000508,
c4830433b533a4c86aa4746e10fede940e7cf20bf175e043ec80ec7d72406dd7,Trickbot,176,77,176,0.000313,
c488452b5dc08d5d8c7fcacf83d41bbbab0792d6be901a11ad4645c1a5f4ce5a,Emotet,435,252,435,0.000799,
c4cf610af9ad185ab094a1c66aa092ef46c363ca1f5a704710ecde82cefd7a99,Trickbot,1237,279,1237,0.001974,
c4e2a0e1340a9dae78a4edbab285133bcf1a9ec75fc6fcba28cf4ca72dd6d1aa,Emotet,414,238,414,0.000832,
c4e757f191815ae43458be5409a6bf195484e6a45e0b4017d45637eec44f4572,Trickbot,8,8,8,0.000022,
c4e89dbfcf95529a5ff5ee5612dbfe7b0ad7902a9c3aa22bb68d4abe3c37db2d,Trickbot,93,70,93,0.000137,
c4eeddf306530a4f71ea0bd10e8d8f4a27173e8e580f24c628ab22880547b30c,Emotet,1084,983,1084,0.001795,
c4f0aca00b3d794047cb69e41560ca9b26309849c7f488826f29319dba9dfc16,Emotet,69,36,69,0.000096,12
c4f65f09aafdcef2eafd05e12e3bfa85085a0e165216c623f94731c6a406fa1d,Emotet,280,187,280,0.000421,
c51dc0e94b3734bbd54895d9ef0b24b40c1e9df086ac34fce4530f13ff9c8226,Trickbot,8,8,8,0.000025,
c52165f555d2c406bfd4835a8ec67249a3e60955049049e9426f1a0da4f30136,Emotet,1054,974,1054,0.002094,
c525cb2698a71940489b83f40a1cd5814c3b4119671288911dfa25f06b0169b9,Emotet,171,143,171,0.000295,
c52df6cc55982c19e89b79d322d575169e3adb87a61e1c738e7ce6bfa18d9116,Emotet,1057,974,1057,0.001834,
c538492ca02f14bcd5aa4ab8ce29fbc18b14ad994827c769d4ccfe9f33481990,Trickbot,92,78,92,0.000146,
c53da8dbc9aff9154158fffe338d8d488fab3d4d4340078f70974c75bd129151,Trickbot,94,64,94,0.000174,
c54ff280ab331de0d65e3e41f787e1ea6e8caa058631e28b1432b92acf667517,Emotet,41,25,41,0.000091,
c57533b4be68531a77245dc33d6faaa3d8dc72a0bf490def8cb23fa9831c8681,Trickbot,53,39,53,0.000090,
c578a91a80a7a444c68fe6cbc2d4a0edf599ca43eed10124b9b3ab335bc4c5b0,Trickbot,8,8,8,0.000023,2
c57d42a6afb08afbd7d138676b265d657d7b23f42671b662a7817791cae40f11,Emotet,210,155,210,0.000373,
c59251e76148c05cf854363b4ff80a2873dfbe3c2932e6f1ac673e827ac83b41,Trickbot,1213,790,1213,0.002057,
c59d1661f1aacf050f848d7fe3a5946d2d6ba29366cb11b64d45fc3d0500f759,Emotet,355,226,355,0.000599,
c5bee1f88fdf6e5318e98e2fe1458403e44fdb67714ed45608ba1fc8cc3d1259,Trickbot,80,47,80,0.000118,
c5d296bdb717ae3aaaf86e519c5241f4eaa884307a0fa0948d545b39a55801b8,Trickbot,93,71,93,0.000141,
c5d39fbd32357384af57730fadf76a58cfb443e2ab438058e600784ddac54bf3,Emotet,56,30,56,0.000081,
c5e4e25e7581b41428ab3bbd9961b16dd76c18cca1f7c20dba321e95d1fce53a,Emotet,185,156,185,0.000335,
c5e5628684b68e35f1050a1f8843112ccfae7075ded8f97fa3d3bcddf2c67b7d,Trickbot,8,8,8,0.000019,
c5f31c27ad4e728539714f73b128dabd926be711dcbd35e09661173cce283604,Emotet,78,71,78,0.000174,
c5f337e9fc73dfb0c1003f17c17abb72b41018aee20ff3679d2225f2ce074896,Trickbot,112,82,112,0.000212,23
c6099df3b806d410307016395abdfa6d50ec4180ed69d7e96d67d23eecc54963,Emotet,33,21,33,0.000072,
c639b4d305cd978624de5b494f11a2ef8872bfaccf867ddd64563ed0a145762c,Emotet,73,38,73,0.000161,
c6622f7080585616a5670986186ef93b0909c046b40677f440baa8ea047bfe4f,Trickbot,1246,796,1246,0.002570,
c67ba01cfa634e5bdab8459d110798a0b705ebe7ff7401f54abe1477a1842a48,Emotet,443,244,443,0.000855,
c6956ba0b2c1649230a1f6d23e3649a9f60607b8958c6ff765a30d07eefa4452,Emotet,283,191,283,0.000542,
c6b8549e7954a65a4f08d8b1f15fad378bdf049f931900799a124b2eaf1da709,Trickbot,74,60,74,0.000167,
c6ba7962dbfba091995d4d8cfe55129aa7b4263069c34c425967947574e6da3f,Trickbot,20,19,20,0.000059,
c6c7e775e134b3742835b2f412033152be6e8c45ea2504d5582dd9a39783b457,Trickbot,1924,1264,1924,0.004030,
c6cdf96cf1f539d99e791a025f1e6ec839edc7d53e2a5628ff02ef37a7ebfbcd,Emotet,404,291,404,0.000759,
c6d78529f5559ac9d210ccdf7b534d14cd63f0c27e34c0ab017a7b056ba06421,Emotet,302,187,302,0.000515,59
c6e384e8c84687252d534701edd63897705ba5a8dc41b4bfc281cfee58a95bba,Trickbot,85,62,85,0.000128,
c6f3cf959086452f793164a49c7fd3d9db55a74f9d6c0c4eb1bdf65f0632fc0f,Emotet,194,150,194,0.000333,
c75a3862a2f12f9668e7f687a684a9c070d1ffc593fe1d83ffff129e0da433a8,Emotet,115,64,115,0.000175,
c75da45cad0bb5d775419ef6ad50ec614ade590bcbaec4b9da2fa2830a05bc6d,Emotet,67,34,67,0.000104,
c7671f44dc6d1181bba976f82b61bd5f07ad9b531ba0193b6ea98d42ea287dce,Trickbot,8,8,8,0.000024,
c7720cf668a3d1a1ce05e33a1d3ee1fe62dab86185097ba93df5a0bddfe2f90c,Trickbot,3550,1929,3550,0.006883,
c772cdd135e4c78df0746ff8e9545b0d2a458c129411bd3de6423c28427a2cce,Emotet,223,142,223,0.000356,
c78171c1226d5a48208d34dd20683690f0fc5c203bbf41e240f62f627e291f8c,Trickbot,17,17,17,0.000046,
c7ac1f0158321556f5700c92a110718aaf301a94f2dc291163301e6f404afca9,Trickbot,8,8,8,0.000029,
c7bdd6aee1da6b34bc2e7a66f501cf7f89e9a2eed13659ecd53a9a80b0747ce2,Trickbot,18,18,18,0.000049,5
c7c8627a3a9a80c02dadbc3b00ffaa3bd102237ab9da73f3cd2ed3b49a4cd230,Emotet,179,138,179,0.000321,
c7e11f1aa315713f95c9c34ccfbd358ab335cab1014503a582dc5be534a45413,Emotet,1186,1012,1186,0.002254,
c7ff7e892ed24de6ea12a9860d4f42000b29e009c21ed4abd0224aab95010257,Emotet,56,36,56,0.000146,
c818f88fcb1f8f0580930b172bbf8c1ab8e36ffe2d695e6cedca584d12c163bb,Emotet,153,133,153,0.000377,
c82193c56fd19142d9a566caf9bad49362a52e543f43eb5576aad9fbab36eb33,Emotet,190,138,190,0.000465,
c83154f442fa5cad9934ece56370cb4a55d93d6e454bc76cc99522442fc9c780,Trickbot,42,35,42,0.000107,
c85e7b8e2eee4dba4f0ae67886dd930691897ad9fc2874d596941082c71cf6d1,Trickbot,83,62,83,0.000205,
c8781c38c7a9b921049963a276513cf6057d85766e7517ff5eb6e4bc4d0c397b,Trickbot,2928,1829,2928,0.006389,
c87b99b9697e201e6bb35fc5292de2345ae2d684a8bdafcce82ab068bc15f415,Emotet,171,135,171,0.000317,
c87e6e33135d486716dbd2831f8de695ed2bf60c22a04cc41c637782230f9a9f,Emotet,143,91,143,0.000268,28
c88ff43d4507c8b9c0af1ad76d1ed5baa517453b8e26b0e1c9ebbde3ea763ea9,Trickbot,17,18,17,0.000043,
c89ad0e49ead75ed41acec2407b0996ae2ecd98b7a86b9b6cadb68274c272727,Emotet,216,147,216,0.000396,
c8b91975471250012b7be5894d669b8bb321ae99ab288f7210da6ab9d7af0b48,Emotet,1059,982,1059,0.002003,
c8e087c40a3c31a09128ed3666a8d78ef87a96042744f859d0283ed7f6436a2a,Trickbot,9,9,9,0.000023,
c8e1b24b2ea2535516543a85771ac1f30726093133f7957b8131ec5c4e15b36c,Emotet,389,277,389,0.000585,
c8e778e03d41294b3cc18561d76ef996f20aa515971f8f582fe4b98625e0f435,Trickbot,171,71,171,0.000235,
c8e8f0046189852ec969626d5226e6c6ee51c4b205da91472d5e649a735dd79c,Emotet,1122,954,1122,0.002426,
c906761eada01b61c5c20a38410d34f767369102366a51b3ee083c09ab0ae838,Emotet,1002,941,1002,0.002319,
c90af2159d39d4697c22dcc99f640a7526a3245b95332db00edf3f86e86f0b81,Emotet,621,542,621,0.001407,
c90fa244f12100dc138ce0d5ea74bdaaa957b346ab7f3da7edbc7347cc117859,Emotet,234,155,234,0.000471,44
c93708fdb82bcb44c2874176eb21b149a20facca96c32b08531b4995dbd60a0c,Emotet,54,34,54,0.000109,
c96f72945919cd77814c1dcfd530120290e1eb8774a379e18b4b6c635fd14e6e,Emotet,284,186,284,0.000500,
c987a13e22f30cbcb1648a76f9a469a76d9c4e2f84eff6000d769a4a8bdbdf5a,Trickbot,8,8,8,0.000026,
c993355707a48847465bbe28c42cdeb65d1f3c07c7e0f788abc8cc08398e516a,Trickbot,73,58,73,0.000158,
c99b8d9af15564c2083e10dd562c1c3b7f3298afb9ab205e31dd70290e7cd332,Emotet,11,10,11,0.000034,
c9a52f30d6eb292c2502fba0eede37642367219c5caf67b842d92439d908352a,Trickbot,42,35,42,0.000098,
c9a58894c183ef06fe69f4038dfe82e3a589614b90f24e12049014a807464b33,Emotet,154,128,154,0.000301,
c9c19de688cefd8fad130436125907b9fbd4fc9cab60527a367d6347d2ae1d98,Trickbot,1821,1235,1821,0.003674,
c9cf5ab529bccd08650bb50df23deedf6b6f5ccb728d4193ef637ddd565562cb,Emotet,258,184,258,0.000480,
c9e40b62a197b841b3d7ce2984001422a3b755b14fad8b448d7ef2d4852f405d,Emotet,974,930,974,0.001880,266
c9e98081daf3df78cb0822608501da1d83620a7f2f9a325d2f0f52617aa11420,Emotet,585,272,585,0.000873,
c9ef8c7ea3979f79af72d7d7ccecab451567540126a2aac049d3f96b89b0fac4,Emotet,19,12,19,0.000050,
c9f761f54733951546311515a544a4187b11955a6fcb37011dfc6a7f77ffbce2,Emotet,256,160,256,0.000431,
c9fc114f70d759622870335b1a1e57ce1218c2c0708c8dfaf3e85220338fa856,Emotet,45,27,45,0.000073,
ca0c7c9812f20fb3f8f2020b8a8ba58bdf7e87222c14e7ee23bec45c2502c855,Trickbot,17,17,17,0.000051,
ca198aa447389f79c1901220c007873b52bcc604bbf9969150accae52f0463a7,Emotet,289,191,289,0.000501,
ca1e6cc15a0cde12821a896f78f8ce2d99ce88083d9b0b0427574189669d9a95,Trickbot,17,17,17,0.000045,
ca3133dadc22b722097f8ac218f9d0770a39c8b31ae4f89c36b1d2f0c76d1627,Trickbot,1242,774,1242,0.002391,
ca3c58802fce17000dd82abba5bdc053d677238ba3ad4bb71dfa729bff7d7734,Trickbot,1921,1245,1921,0.004112,
ca4480fcdb80a6767a870105e165bc37923cc3880116c7ff972895b06ae88372,Emotet,1076,975,1076,0.002241,286
ca7affa714f6281228d48e0d0d6fa61e1de1a4182fc567a54d404765159f06af,Trickbot,1211,773,1211,0.002463,
ca7f71a99c9c6427a5421e2f3d80666ad0e3040fbd8c6c3b9ba6deae4c9c158e,Emotet,1169,1003,1169,0.002664,
ca83294777b426c0c1d72c055f63bc40950135a03f048cac0c51efe82cdbcd7c,Trickbot,76,66,76,0.000144,
cac2b8dd29f8e8928bce3f45ae821d2607b24000c5e9b6e4f6bf641f3d1faa53,Trickbot,91,64,91,0.000166,
cacfc797e05d7b39a16e72ed5f7668fcf483d147a6bf95ce14f2742e9c9ca0b4,Emotet,190,142,190,0.000350,
cae031cb5bf12ef6fdbc7fec8fd15a137d19d970b7dc6cd0219ce9f066daaf8f,Emotet,36,23,36,0.000073,
caef4df6797e718c7d975f8b2497a0fc3382e1a1149aac50f66d3ef6391b6eea,Emotet,51,31,51,0.000108,
caf6edcccb53b33333b99ab3538d381f2c92989bb97811c7aa49bbae943153aa,Emotet,301,199,301,0.000509,
cb00954e11f3a83a56fb6e701b9cd3bb4349405fa3f8d8e086be5457e31b585e,Trickbot,1192,778,1192,0.002197,
cb079df6dcf0cb1bee90c155cf4264553d1b864ce32a7656d24c8e45096dd97f,Trickbot,25,22,25,0.000051,6
cb617daf75b1bb7433794380c48f0be76a71b1f2d39921a91cc91085739926c2,Emotet,300,189,300,0.000454,
cb72b20acd2ac5311992a9723a592a9694afa4ec9b875af0d0a9aaaadedb035e,Emotet,71,35,71,0.000109,
cb78def7805f8845c34dc2eaff68ae013656aebcaf1bd6385c33648d4dad4dcb,Trickbot,94,52,94,0.000131,
cb89e5b5f834fe99e284604b24ee600818b303554454a054edd9d44130a28ad1,Emotet,332,191,332,0.000494,
cb90b05535b95201a8311d4bf36d6bfb6ee0f613d8f56c61ba44c73acea73763,Emotet,1071,979,1071,0.002453,
cb9ed5d545859f6a0f2f17a5a1c099ad59560cdf3126f8820ea1b89c8f7556b4,Emotet,318,201,318,0.000581,
cbb65b29e907fe4e3ccf5777efe0d0ab2f49952b98c0493975fd3becba17cd48,Trickbot,123,93,123,0.000258,
cbc34f7b67b0f2209efc2e3a6d128d866ec8c4646c3d05a5665bf7b434dbbc3a,Trickbot,8,8,8,0.000032,
cbd26b4ca3704c194c6fc98d6309e992fa6cdadebd5bfdb7e18a1afabd0ae946,Emotet,311,204,311,0.000606,
cbd41fc1c0aa25883f73ada855e5fdab6ea00e71a970ebf4727250e6c0dccae4,Emotet,67,32,67,0.000105,12
cbe27fa93ecc275d6279d831430f0cd0b6b474e1628c2e95bc5ea387a06cac67,Emotet,967,929,967,0.002273,
cbe8bbaa2f46b026ca5d7c21cf4ffba0e04c96cc286df76461bf3423c01ba14d,Trickbot,64,53,64,0.000132,
cbe91b2ff19703549794a2deedcc8266637dd49c3095a1bf201f4a0c0a38137f,Emotet,171,147,171,0.000356,
cc058d156858b6441d543701424dd54d7569fcaf3fcfb52a28505e5df792f9d9,Trickbot,134,99,134,0.000272,
cc081a54f8bc49c887d57a34ce9c9573857e735b2c1f75416e9650911579ab99,Trickbot,9,9,9,0.000026,
cc2b5934a53425b01e6adb1b51b6a089a5f33e049c45bf1aa1d65a82ef4a8b4f,Trickbot,1917,1277,1917,0.004048,
cc32eedfe5cbc97e1c7c69fa0d33730544e6637c0980083c29e0464e55774258,Emotet,1061,976,1061,0.002102,
cc3991057cd36f6cea8d7168e3668a7f9c1ea1400804f8158ceb7c8f7187eed1,Emotet,1077,981,1077,0.002454,
cc505fbf8a5dc6fc25fe3963147f9fb9929dfcb32d3afd39f49eba52d6e145fa,Trickbot,74,61,74,0.000168,
cc6c6fd6bf9d95f16f3580649d791419f77ef6bb5f239e9a68ebeaca386361a4,Emotet,207,146,207,0.000405,41
cc72f0ec0bd6acfc879c7a7a3ea961a2f714ede4dc7f4a72991bef3ceb25e983,Trickbot,18,18,18,0.000056,
cc79b7e05cbada7a2212cda7f99becf1f704f29952e843ae2f032c8043f55cba,Trickbot,106,74,106,0.000181,
cc7ad294cf8140af0a1f6420132e9fe82c88b8cd516d747810fa4e24bbefca19,Emotet,142,88,142,0.000232,
cc7dfb0b5abc84f266faef20d028a2941bff0fb133caa551b6556bf0b8176964,Emotet,39,16,39,0.000079,
cc8d5173fad51f0f30f42a577d0630909588c76cd1ae2edadc5739580be0aee7,Trickbot,119,59,119,0.000202,
ccbd14c255a1fa1918cf432fbe6abcd949328c4f83fcd02c57b7c1a177d84cef,Trickbot,8,8,8,0.000031,
ccc52a2885cde79612ef8bc9c3047dc4a6cd1c8f70677e3f472ae3aa076d6c54,Emotet,389,212,389,0.000550,
ccd9bb56e89cf21c7961904acfe3367db7e74ee1fbe876380c7712157ed97ed7,Emotet,156,134,156,0.000276,
cce23bdb9f42d596de6ff1f1d5854648f90e1c00dfc1001211925e20cf74fb63,Trickbot,96,79,96,0.000145,
cce2d65c9f9364337a1a359c9c1fc6d2ac21b6d2c307ece6d1eb5a5f6c999616,Emotet,972,933,972,0.001604,265
cce8a61b921f23a07e6d4388696f5df4828962851a9bcf4c71664ab12d1525e5,Emotet,91,52,91,0.000142,
cd087f7df9669908b75c3be741abd5215234073132b3da2d691cc4516806278a,Emotet,282,192,282,0.000553,
cd0e22d9a3701b30f241b94a4f52e2e79116d2cf9c4e11e4e6c442f6465d36cd,Emotet,93,26,93,0.000147,
cd202ff783e877c2f3cf81d41c0d6d732110f716c3deb0f82f668ae09fe8acb3,Trickbot,1379,851,1379,0.002637,
cd45af522412430665f254c38ce0e29b76c4ba441da1c79863b22e4e65419cbc,Emotet,276,190,276,0.000534,
cd530df01c32e24a71619e5339c19befd5234b29ec43b168af946615cad5c30e,Emotet,32,21,32,0.000077,
cd5d732135171964de5b84541a29fb9f8dcd2e0116310b4e49da51054302acf2,Emotet,273,196,273,0.000505,
cd97d0e322790d430354a36d94df887b7afe743e39a18181c8152db95924bbde,Emotet,365,195,365,0.000665,
cda58d99c956424a987d9232cbff776233b3c1e7bd801461dbeee08ea0946f0e,Emotet,212,181,212,0.000414,
cda99d9277b3b982db98b7896280ca67dfb7e7434ef99b1a31f4de8e3faf4d81,Trickbot,77,56,77,0.000155,16
cdab71bca89470503a5c3e1b41e5f6fce416026df4c8030fe3e4529a49542b29,Emotet,1329,989,1329,0.002599,
cdec17530db325b98111da137b96a70bf9e7c348f07481da1f4f0a175b738b5a,Emotet,180,97,180,0.000285,
ce18cff0518914eb60dac41aaefc8ca55c28ce9c3f440a75b4e6f36e6a35d310,Emotet,192,148,192,0.000347,
ce1fa93eb256d10384a3954fd883dd9bdeccd5756253680ee92e11f6c270aea6,Emotet,26,19,26,0.000060,
ce289a90c1e798ea8739f4019fa2c4b4e3b6617dc45e1f56f32dc9ef377f5f50,Emotet,90,19,90,0.000131,
ce663ea7111ff311b25912c86b14dc7e6c157e74c6076344380f3b8f82b5fdb2,Trickbot,1158,752,1158,0.002506,
ce67c7a2f54de8146c48f8f64c21befe0fa659d9c77ac3b8bce8dc50fca348f3,Trickbot,101,85,101,0.000219,
ce6c9471d6be7d1974cc4d586b34aa074c9c8ab4401c12bb553bcd2b84d5de3f,Trickbot,110,54,110,0.000215,
ce76e8dd907533ed6e42abf5785a40ae8b0743f0b565fe212b653177076fa12a,Trickbot,1268,787,1268,0.001991,
ce7cdf9c9b7e85af56340ff3da5428c7ab816f71b5be1e658a45ded7a10ab671,Trickbot,83,62,83,0.000122,17
ce8cfe5425e45ec1270bf28de06b0f74f6a7b6dbbf5b3061fcf7fd0755c95ea5,Emotet,148,130,148,0.000284,
cea4cd1f049791eb1585b9201ebd2457aa0f710b52bfb574d309daea860a3940,Emotet,19,15,19,0.000045,
ceadfea8ea204382f4ce75d7f15a73f412ea54c28e49828b1f5358ee4d0b831d,Trickbot,49,42,49,0.000081,
ceb3c85e421b6683112cecff0ff3c8c097067d24a60bb383ec353339ab1f2f2e,Trickbot,17,17,17,0.000035,
cec010bf6f4c93eddb613dcc20c7f4e4159cc25410f20bf5e91dec4129cbefc5,Emotet,162,136,162,0.000232,
cecc92a9ae643b176cc93416f6a4e0a7ab7af642c005d04a6cdc3d97dfe43fdb,Trickbot,1303,847,1303,0.002060,
cefd1ce275f5926c58e38b4bea8d5890cf0230064cb6ae398339a95b02ee1158,Emotet,968,929,968,0.001700,
cf12df363c74a04bb4bfc6f49285f10bea94d7deabba90f6a4f99e52d13c5c3d,Emotet,85,39,85,0.000125,
cf4b267737b0ba1c8507ae8011ef55b82e12133ed58f5609f966a513d8dd306f,Trickbot,1304,852,1304,0.002117,
cf5a5ec96f052d0e8a7042f81b0ae30c0ceb9c9f8b57b117159c26c077b4b2f1,Emotet,349,227,349,0.000599,69
cf7dfd248db1698556cce7be26462f928e85006edf101b19c7f7473dc58fa443,Trickbot,43,36,43,0.000081,
cf85f92e7a11cf30756e94a2885aea549f56b5a6d8bc5defde77253f69a1c7da,Emotet,69,35,69,0.000108,
cfa78c149f3aec9841fde7de8d473fbd36dd96abc924687b8f910ce360613dc0,Emotet,154,132,154,0.000317,
cff034d2c1166a63532cc47294921f627fd77d71a7cbfaaf70396c9ef61d00a4,Trickbot,57,44,57,0.000120,
d03fe574f8fa6126c74541f11474d9559c6dd8ce949e42fe5c0ea66dd8d4043e,Emotet,182,145,182,0.000263,
d0533124b5f62f7c9f00f7abd811124d5ea77127740d6c169277f6806ec8532d,Trickbot,851,735,851,0.001563,
d063bb86015e4800b2a136cb32733bdf3b3da9e5f92dbb509d6687b4e6599f14,Emotet,217,147,217,0.000299,
d06432486e7e9c2b8aaef4f42c11cf8efe19689638a3512ce931a23bdb5f2b4c,Trickbot,1139,771,1139,0.002051,
d0743ea0c508742200f22a4c737139616fb9b30aa30dacbdca7897b490315a38,Emotet,340,227,340,0.000547,
d0914246549b38e743f7cc224b7bd260d72ec43045737213cd40428c8b4d373b,Emotet,340,186,340,0.000580,63
d09930615db707c98b720e5876b167235fd45342f57d999d681cf3639f4ac9b9,Trickbot,83,62,83,0.000154,
d0a36cedb15d83b7d298d856b9fd0543d4f74850f094a1d2fb2f8e93c993003e,Trickbot,9,9,9,0.000020,
d0b3278d31d3a21e3419691dbb30eb12fc61901b03542450485a7821ea8f72ad,Trickbot,71,58,71,0.000113,
d0b594c3f41ddb9d954b20dd462c48fd7aa2945dfc22a08444e1d65c02d61a48,Trickbot,50,39,50,0.000074,
d0b6e28b1e283a863925b59c370759e5e9551b1c1172b9ca9f54a94ec9ef32d3,Emotet,345,236,345,0.000494,
d0c14c31beb582ed3060cb9ac041e9bccbc4e8165aca1bab5cea75a4d7deb251,Trickbot,57,44,57,0.000089,
d0c85f6702fa99d2bb75a7786689ce80515934d5ea4a2073ab6d7e55a4b14727,Trickbot,1922,1249,1922,0.003290,
d0d2f089cd36790b4dd5f593b643ef1734dbd3cc97ac91a02f74b345491c8856,Trickbot,85,73,85,0.000132,
d0d7d61b4e9189b929c4fc72229c80c4544894ebbd2b571bb7d5049d309824ea,Trickbot,28,27,28,0.000056,
d0dcd8debfb01530ba1b953ed7d3ba2587e3fdee4f0596a7ae203d98be36a7f4,Trickbot,325,74,325,0.000412,44
d0ebbf36b021ac8b466b49af6526fecc39674e7215f258193b78442fd144b37e,Trickbot,1186,727,1186,0.001733,
d10fdd4c6b1c12376affdf20376b2e56a3ef9c7e880807ddeae8d4e62dc7b257,Trickbot,8,8,8,0.000021,
d11b58432e75a44c84fad817de8a72973bbc1b282f3645400f6a0899d02e378d,Emotet,495,335,495,0.000712,
d13cd2a38abd5eb938f609e51a9820e7d4b2fa0309e043b5e5c637f3af4f657e,Trickbot,1303,859,1303,0.002030,
d14742df5ebd85f0d4f72148d6be7d79ef86f078efc85ac787fbcfe55d9d3681,Trickbot,1180,783,1180,0.002021,
d16d241f2ac7d6942be5726917c6a1b3e2d7ab068d9078f037273bcdbbfcbd69,Emotet,300,198,300,0.000556,
d187d957bca8246963da6a0cae3aee81f3ce8eff15058dc9c60655d778ca10c6,Trickbot,1844,1223,1844,0.003196,
d18aaee9b78a76d3129a206b6f537b7750aa99357d606d27cdfc3e0249caf1d6,Emotet,177,135,177,0.000289,
d199c0494ad62aa9738e41a7fbcdb6d802d2d06757a260fe25ab11201abb0569,Emotet,180,97,180,0.000249,
d1c50f45be0d06c78ebd0a15858290e312f9f468de8180d7456fa618cd61049c,Trickbot,91,68,91,0.000143,19
d1c831dc0fc7b39b59481f4d5b521d4c5854300e9033e3bdc85a5d8d29859487,Trickbot,82,70,82,0.000155,
d20d3aff6dae946c77b2ce4a75f7172b3dd6d590986ebc1866d977b66381ee92,Trickbot,80,68,80,0.000124,
d20dd5277db06a1cf9818423d373faaf7fd81054cdf8232ba4542e35f7e4bbc7,Emotet,142,90,142,0.000192,
d21b8a6d9728a4d0d51ab4219e0d11b092a7fa7d2fdfdacb51ada72e585a228f,Emotet,333,196,333,0.000511,
d233c8618f3af4e19a38e376a6bae4cbd3a424ae0c958fd8a8b9a8a655ea81a7,Trickbot,67,55,67,0.000120,
d236069fbf9a4c65a80497de5509b993908fa192902d2b62349a3560f10c5293,Trickbot,1866,1216,1866,0.003165,
d246e1de6186aa9b3a78601dce6099462913c37fb66358c8a654d814bf2a7fca,Emotet,135,116,135,0.000259,
d2474e695626cd7b58887655c02ad72cb82a0316bb8aeee4b9f3414229591045,Emotet,243,139,243,0.000322,
d248020143340da2ecb89fd0b08523ceb4b3d828b7bdf9c7964df2cdbf1d8f83,Trickbot,77,61,77,0.000112,
d250bf9f6b8aba1d3cd4fd10aa681a6b9425098332dd6ec5baa005e5613fe9ca,Trickbot,10,10,10,0.000022,3
d26fb42c95de1e1b1accb5224f796929222a58a0ee5339d7bb40bf6607556670,Emotet,293,197,293,0.000401,
d2752dc480e0b4806f64d082c25fdef20b3120503a68247101ca10b0c1c961f7,Trickbot,8,8,8,0.000026,
d2a6791af96d96058b6dc79e5a679e35c430d700ece53a102e2f374d1d0f7ff0,Trickbot,43,36,43,0.000068,
d2acdbe1286be90e8f69b3e4fbd472e1617c682d5491fe8d4c03f031bfac58d8,Emotet,16,12,16,0.000035,
d2ad2bffc5ddc7d3f8b029afb1a69f341bf0d005c9f4cdd242596b268fc933ad,Trickbot,56,44,56,0.000087,
d2c882eae1f97fd10671453f1e7ddd2301f4daa9d1516bdea9778d04b104aba3,Emotet,56,42,56,0.000098,
d2df5f030b2b8d3dceb4a304079a99e58dded99a7fa5705befd2bc5731da1d83,Emotet,173,140,173,0.000261,
d2e006ca1112ccb001c877e68bc683626ae576bd8030c7f4e57494e37b9146ee,Emotet,45,39,45,0.000080,
d2efc17b48ef160be7360b7e814c4102bc596a2f385eecfe9a29dbd9f3922db7,Emotet,301,196,301,0.000466,
d322e0420493532f6825578cf818b219856089998db4cf15808a56403da6bc00,Trickbot,42,35,42,0.000079,10
d323a59387f248c5e6e2d1325489570eb74a1d7b4c9318d17fa4bde1253da48f,Emotet,164,135,164,0.000279,
d32729612892343f12c2b2da293db0037928bee673b5703a7faa6af9d2ceb375,Emotet,468,326,468,0.000745,
d328ed4ba8574e11f30962868dd260ed84da708ed081e31f5065dad0ad299c37,Emotet,23,20,23,0.000038,
d329e90ec19492b90f5156a47bfa3420a6b95f0eada97211c934854478da37b3,Emotet,189,144,189,0.000320,
d338bd5aed2a7b77b24d8ce18dfbe284fb89f689ffa5f4820816f7fa9faf57bf,Emotet,199,147,199,0.000293,
d34cfab78f630a7586b12e3cddfb06affa01ada55d06b81b28d372eb02f758b6,Trickbot,1275,867,1275,0.002095,
d354eb1404fd3c9f25f9111db56d002cba6e64d6dc9252541dcf2ff7b4303528,Emotet,61,46,61,0.000092,
d3611b52f3662288d438bca5d9fe7ad394f954a33d155915645d7526caf91e68,Emotet,960,930,960,0.001887,
d38415c13c3f90418713063dbe1379f070ddeb4d953266783e55154d6ef0341d,Emotet,33,15,33,0.000054,
d39ade648ff640d4fe6fe723a29d2b86e9191d1c94ba85949fb19cb6f7853542,Trickbot,849,748,849,0.001470,223
d3a1901c41343d320bf9781f354fb4e4f8651ccac7f31fa4bf4ecad8df4863a5,Trickbot,1993,1273,1993,0.003430,
d3b0f09025d7c1599869c3e010826ce7f629739879daa0c3ac3987cc9e8941ce,Emotet,1071,979,1071,0.002042,
d3bb47fb961a415f8adc37b8154c42ee2214cd81c8fcb56982980eacd3b6ea86,Trickbot,1948,1275,1948,0.003323,
d3c20c6d27397c5f928acf1c549f869bd1362053d6d6f0c2a7acb9f33b52f803,Trickbot,18,18,18,0.000040,
d3f5cc2135a3af424f4b75393535917063cba5c7e9d19136945f8efc34f8ff3c,Emotet,273,186,273,0.000366,
d3f7f2947a71bb47932327b3119d69fbc4501f256a2170bf2b254d7d346c33fc,Emotet,1013,927,1013,0.002182,
d3fd86a8ddc02eef5b501cde87af6165fb4e6426841fc74ddfc7e035819a47b4,Trickbot,81,62,81,0.000128,
d412efa9f58b2b4146197fcc47190a1ae89ca855022ec5754e6db6d16350d503,Emotet,345,214,345,0.000522,
d4579979697b753e6829557f1b5f69776b980e57297c983813d1d4717b1bae22,Trickbot,1556,858,1556,0.002415,
d45b72c810a6afac984c1fbd9010b3afa691a997aec9795369a5341fff448067,Trickbot,42,35,42,0.000070,10
d4681190e928ccbabcfc556feb7d46b23e3776291b0dd98fcb59d6862961522e,Trickbot,1145,752,1145,0.001932,
d490c3c5be897ffec5ccb33bd79dfb15b211fbd561d28da707212558e026406c,Trickbot,100,56,100,0.000140,
d4a1be05e2b16c3c4749f516bf309f951646fbb78f7fef7ac9a9fb5e3cece2f6,Trickbot,50,39,50,0.000076,
d4a5ef6150a6fadf69863d0a51183a127f26576d9500473409e8ee205c11a4a3,Trickbot,987,755,987,0.001936,
d4a93125fa9a5923a837d40ba9d985c0b5d10f6217da6a1c96107513889a0d6f,Emotet,1168,984,1168,0.001974,
d4b5368b9e4059608f8458f70cc66b704324592dbd36171dfcebfa14d26c601c,Trickbot,104,72,104,0.000147,
d4ca6af01b29c254ffa95a364ae0ec134dc8acd498c515ab28ee0dad9a6b0f37,Emotet,51,32,51,0.000095,
d4d063f9aa8d7c49441c4cccae7492cda1df80c2bec8403472b2b428ba2659b9,Trickbot,17,17,17,0.000031,
d4f691308172ee48351f0f4ce53bf923fd6c3a3a1dd4233ba77ae8583d6eda0e,Trickbot,85,73,85,0.000154,
d500abf8ae750428f40bc7888bc96e8c536d317f8d09711cad3770b4a106fe80,Emotet,57,28,57,0.000074,10
d502444891a15f060a7aa8e2d78eaa35e41346ac02c81ce34eb1aef8597f32be,Emotet,260,157,260,0.000359,
d50887888385ddefcff3506d6b860f20480d983ef4ad4e8c642723fa59d93cb1,Trickbot,1929,1269,1929,0.003419,
d50e9683d98387febeffd9ddbc702638027f4fec8f78afe4940311e37aa2068e,Trickbot,1168,766,1168,0.002082,
d52acdfafbc978d0786512d4f0721788dce5f1e7269a5af185f32a0ce0cca061,Trickbot,127,89,127,0.000204,
d53a894b6f55b90b46b83983afba1d1820c97b70222fa17bb151704f19d71de5,Emotet,156,133,156,0.000278,
d55540f9aad3a1321e79ee0d966577eb3f10b14291d028c0e47ce0ad65b6034e,Emotet,292,194,292,0.000398,
d56a0ae35249c4bf6ec609da23d7f2e67a87b14a07a9c1bca69047cfd4c2f68e,Trickbot,28,27,28,0.000048,
d57cabe78dcface0a37ff4f2919b0e926db376d687802be90ba084c960eaedb5,Emotet,264,190,264,0.000438,
d57f5bbc5222c8a7707dad3967cf2e20d59be4ea2a1c53c4968301ef4bed8b9d,Emotet,272,187,272,0.000402,
d58d27e09187357c3ec37521cd4b7e6c7dc13979f82072229b30e6c7ef87d008,Trickbot,42,35,42,0.000084,10
d5987946589257305132eff03482befb72eb6341c4436a17336bdfdbcde5d09c,Emotet,186,140,186,0.000270,
d598ec28279ee51fc60a40d85b89858065f6513a3b7ce134d90e04fe67903ee7,Trickbot,17,17,17,0.000037,
d59a033cb4b7f53065b4b094f27428fdb83fe54e7ba79e21831c86819c21bc96,Trickbot,1913,1257,1913,0.003166,
d59d55a5dafbd0e01f5a4b3c070df1394eb8b8c06789bc6f6ba46785715c75c8,Emotet,367,230,367,0.000539,
d5b13060b336c1f7ad88934ae2f233ba7185a37254c5da440dea6f00c7d6a17f,Emotet,253,179,253,0.000349,
d5b2fb872a43be430fa5ad950fc6f89092f048ae88170a6fc6697793ec489bbf,Trickbot,62,50,62,0.000091,
d5b6a1566b5bf4dd45b6142e88d1a0ee061d3efe97ac2541d4514a49856b7761,Trickbot,1934,1269,1934,0.003238,
d5bb7d842d3048934120a352d2f45865beddc3f425b196c4c5d65017b848af00,Trickbot,8,8,8,0.000025,
d5c89d59daa060a6c3a64ff4c35b1cb589995ccb7e6c310cb3ac68147fa6cfaf,Trickbot,1845,1229,1845,0.003524,
d5d611cc6db035491d45d644963ed0a07fe819fd9d7d22ec9a9fe18d5f557105,Trickbot,1451,873,1451,0.002257,318
d5d8200e16df8dab79ceed32e859031399fabe142e5af23124682ff44c564af2,Trickbot,93,77,93,0.000153,
d5dd95a0d9997c1d848e7bf71ba4631a2d3d4dbbc7615491001c37feacdced33,Trickbot,83,62,83,0.000153,
d5dee10bbcb72da2aeca88e7fb94d081154a2c3bc8d26963e27a75c09a12ab35,Trickbot,80,68,80,0.000135,
d5e4b8fb1a498e2567cac773b4d9c2b252e4e7976f6db2d97fb23a89a969805c,Emotet,1136,998,1136,0.002155,
d60dabcf39813703dbfcd2396d1ebaddeda4473812d5b3d47ba81135c634a453,Trickbot,1061,254,1061,0.001360,
d6122af2a2a02588a4281f8d492b3ea3d6e8e18edb629dc68f63377eb73c8a1d,Emotet,300,185,300,0.000453,
d6520e59d70750a15c44b1f496582ba119d3c84f9ed6940cfd184bdf452d049d,Trickbot,1936,1308,1936,0.003764,
d6576b1c400ec4a6f0498206c5e33c2a13a7a7b32501f864b72c7433e95412c4,Emotet,97,81,97,0.000153,
d67d7a91ea3fe85e3ef58ee2b8c3e3b14abd41bf6b160745d35a14a5ef95f407,Emotet,176,144,176,0.000255,
d6ceb54258a9cb076a7f00cf632a18cb6e3a89d50b589c69a539e1d4554b2b04,Trickbot,345,85,345,0.000466,47
d6e40d9c59626f532a06ccfbec0608fbb5c297a49780cbeeb562190e21d7ccd7,Emotet,280,192,280,0.000507,
d70f2acd8a2371de7666254a4fc8e905d1cab68f5923effc1e7656fa9fa80bdb,Emotet,358,206,358,0.000573,
d715092d0768706bbdf4e99cfe2c43fc50892ad0bca0bab3380a6843f29db959,Emotet,260,183,260,0.000470,
d7192ecab28553730e535d04c784cd24e9ede0395407f1d4575462bfab05bb15,Trickbot,1341,862,1341,0.002053,
d71f4746a77b88473b89769ee58b2aed5b0b9de6ac567d47866cac9ce165a476,Trickbot,1215,771,1215,0.001896,
d7320daf4ffeb2965327dc10eee218a1b0d0b2de6e4ddd9e1f4def9d18670ade,Emotet,139,88,139,0.000186,
d7697672abbe24ea9bf4cb4bda3f35387d9f1eb4ff65d73030245c561a58bb69,Emotet,992,952,992,0.001701,
d778d9cb4290dc4870d5257a5e8138918b57c95ed753ce823804a71acc14b93b,Emotet,145,91,145,0.000228,
d78ad09ce76315dd357c73b47bcba2fa8d3b3fa399bae8b0e4b614859f87ace5,Trickbot,1907,1306,1907,0.004051,
d7a89e4bd1247bbc0a2049266983f351a7d5826aa11d78f86838cc64c8d2a554,Emotet,166,137,166,0.000304,36
d7aaa8c1616327b1ec7830e1b47f2325422f84b218d5a9d050140a4bb1c29507,Emotet,374,232,374,0.000616,
d7d282d4c4d3359e3ceec6fbb364fab8cecff3ed848a7dfc0950476d9ec2ccb2,Trickbot,1806,1209,1806,0.003227,
d7d58dc6412020196e8b3ffea05a97fd65b6486716bdba8215486b5ef1d52e17,Emotet,184,143,184,0.000322,
d7e577cf86a36120e419385dafcc74d7e6333b3026e09c64427080cca04bc763,Trickbot,17,17,17,0.000035,
d7e9e8c7cc1f312721b6f682f43f084676fcaca72c48171264712671c4611eff,Trickbot,1915,1270,1915,0.003365,
d7fc8666dc71802ef761e5b1b3d772dacd23bb08c7e0db9ec13773358a721518,Trickbot,1575,724,1575,0.002244,
d80dfc1ecd02f1f55756e962d810cffb1f06b27731a7199a53a3ea902ddcbdc4,Trickbot,61,41,61,0.000099,
d83fdf8685269e9816ade956f3d8eb3cd6cf1a07892dc02a66019f55b82b92ea,Emotet,1062,979,1062,0.002054,
d841bd34f4d7462f421f76e6ae2524161ef34f298393863721e065a24ea18e7a,Trickbot,43,36,43,0.000074,
d8584d4a9a7e3f1273f690f47680b599ad70b1cea3a782f31da063b7497291cc,Trickbot,108,84,108,0.000185,22
d85a74ac059195b4ae7e022207ae70f9c4ba7b0d55d4d5178cb13181771a4c6f,Emotet,277,183,277,0.000454,
d8905b0e9a9008e9bd58d53fc0010c1eedfb30cdafbf5517752fcfccaaa0c26c,Trickbot,43,34,43,0.000088,
d8c40ebbef15aa2fa2f3f9b58dbedfecf59fcdce914d74e89fd8f93ac21572bc,Emotet,158,136,158,0.000264,
d8e9491e36829d721d6608bda5292d49c8617091d2c482151974bd52e74e1d8a,Trickbot,1160,734,1160,0.002028,
d9010523d11de7dad07082d871663c4a31a51ee1d20928e2b96ff53c5ce4db00,Emotet,167,138,167,0.000310,
d91083849c454d3a1f1bef3aaccf626a6b665470974c73fe08fb304f8c002750,Emotet,321,193,321,0.000458,
d9199358e6362a768188738c0dc06f07f30d5e42f487e3b4218edfaa81de977c,Trickbot,2687,1794,2687,0.004868,
d91b63992b178a0f3de7171738b796701ce9f54cd8f420639ab4bf32751aae0a,Emotet,303,189,303,0.000429,
d9383825c3385c824176161db5fe781ab78080bfe2d843db79ed01a3be2249e5,Emotet,324,231,324,0.000474,
d93c9855b9dadcb38b4921ba84e413a1090b68513fbea20d7fb2871281426908,Emotet,277,185,277,0.000389,56
d94862c2d9ae3906f10988b35f7adf821a05ed740f3359215d77f20e7a37bcac,Trickbot,519,163,519,0.000760,
d94ec25425c50a5e291d8d7687ed0fa87373b8e21592c64179f9e886c4cd373c,Emotet,205,154,205,0.000304,
d94f6b4076c27a5fb591003d822e7e72999cf6c56f9dc1fc0da28eb54f659fb5,Emotet,1086,975,1086,0.001790,
d959bba93ea3558ef61c66426aff1e34d80a9a4300a5100437532bfbd2b6945a,Trickbot,74,60,74,0.000119,
d9611d9e23cbca2c0b5d4dc35dc1ea529e4a5261cb9b358d946351751e37103c,Emotet,328,225,328,0.000513,
d961dbfb9ca048ac6baf5007f41861e9979ec46b05388b974ad809b3adb43648,Trickbot,1327,853,1327,0.002135,
d96618cfe55b255dab1808c88e272c011e5012967587f36f3e3577aeb32182b3,Emotet,38,24,38,0.000060,
d984ed6351f6070b84fa7a4d88cba35ecc3a4894e46b0f30aecbfc31ef02f71c,Emotet,162,136,162,0.000253,
d98dbb956dc93b40168250c76d50fc3604ccaf0fb4655fcf5f2d954d5724d5ef,Emotet,173,137,173,0.000276,
d9a59b629d1a2366a970f59fab4b5b895cfaae2f3b087aee93762fa981b20d13,Emotet,167,142,167,0.000239,36
d9b82c9a3ae804a6df3a5ad5ad16092c4f6b62b6ea4354ade7ce916d98f5569f,Trickbot,8,8,8,0.000018,
d9e2b31d4f010f7b29468df391585db1302ac2fa7851cad1931cccd5067cc1ab,Trickbot,1900,1241,1900,0.003312,
d9ea528993259ac0a9fc2e3eb7e27ca3a84148236dfff2f220bae3ac41b454d6,Emotet,118,42,118,0.000161,
d9eabcd5c5ca031bd13275a6b75258a14dc044d921b8204ea596ba11f201c38d,Emotet,53,32,53,0.000087,
d9ebd519d136a0afb460fac75b3e531c53a30f35b818169d9caaa6c6913e1ac2,Emotet,383,243,383,0.000572,
d9f276b1d67bbd0d9e97c4f179c77d477816e43ad592d6c3fc0c1b0824a2867e,Trickbot,132,60,132,0.000195,
da06d87851a05ec080f9bace0f2fb33cc765d55f63f78d89c92f770bb6d16ef2,Emotet,264,185,264,0.000399,
da07e58874f05e79258f82da288af0d7e3437c789fddfca48e192eb5b3c4fcf7,Trickbot,1880,1216,1880,0.003581,
da0a1c2d507c8a7a263833e52edb3c314cb4b13c095cde39f087b5300145d883,Trickbot,21,19,21,0.000045,
da0d37ff79926c46fe1028b4afebdce87ed88c0c703829d0da2346ce34edf748,Emotet,296,195,296,0.000440,59
da1a2f0e08dc55d7f53bd9ef20c105f4dc27465da96c83a397b4e8bc36ae373e,Emotet,238,152,238,0.000325,
da25b1372f010ff41a099e99fbe45415f80dc9903b8dfe2f5ef752b5a9062c20,Trickbot,122,73,122,0.000197,
da292752f4c2333178bd50fb16938d798af4266d8983787928d5a77486633728,Trickbot,3024,1669,3024,0.005647,
da2e2a373dcdb8e0e0b626f265b4a07b583c78189205465a1019ec8dc5e4ad5b,Emotet,309,190,309,0.000428,
da3e15826b39a6f13ff3e216472153be0194d8595202da451fafb256a50248a1,Emotet,34,21,34,0.000063,
da424b1d1745d02d4e0c63788cd6145330ad7a52cd8411cd14a5047b2828639b,Trickbot,187,79,187,0.000310,
da43311fe4fc252f83dbefcde6b35c9561e5e0caf586d5943eb70d97a8141829,Emotet,35,25,35,0.000071,
da43feabb10a3e1a75f2778b52eabb5b5f6ec6c5fdaf8a784ca826afb23c7e2e,Trickbot,70,56,70,0.000130,
da526451cd89a2065a90435cd521ffde73f6283afa170bff9cb46f67169164b0,Emotet,203,152,203,0.000287,
da5547851cb895546796f21e4d4bd3c746e603900bb5eedda234324ecf14c607,Trickbot,48,37,48,0.000076,10
da5f91b132a34ad734681551597f488ce7ace0e0724f78b78fcaf12179d20f33,Emotet,331,223,331,0.000540,
da6af2d360e9d3e3c33f956c6e48a5658b3b96c213884bcb7af722e00fc8a6d7,Emotet,1067,991,1067,0.001835,
da749c0cf803d879ff440de2a47e00b879feccc1311e2ebba4c92f82d6c27ab8,Emotet,20,12,20,0.000038,
da808ae5c772778cc2b45ee19ea86daee8c94886d6b7780bb9683363fe1e3dca,Trickbot,42,35,42,0.000081,
da8e85ee30babf6ba47a421f7df20284c138d5915fdda9b096b3e2a51e605409,Emotet,177,139,177,0.000278,
da8eeb2df6857ac505b4657163101eac08a3aebbc06d5345df874c635b223dfe,Emotet,1138,993,1138,0.002352,
da9e7ec7c6498816557c327c5c8040301e811d9b8f8f334d1f1af5379376a9c2,Emotet,117,71,117,0.000192,
daa6da0604dfd39a7ddcd18662131d6d95fdb57354b14e8c4b8525e00ada2f6a,Emotet,249,168,249,0.000445,
dac0c7604d0009aadd88ae66d20e3b15a77eeb84f3f5439d5a40dbbb01ce5de1,Trickbot,17,17,17,0.000034,
dad319cd360b74302072ce891b876f0d2f5f5977e76fef5381b96e75a886b38d,Trickbot,118,69,118,0.000202,22
dae388a5b9831d8ed606b185e23acd0770ee0fb31a3d77aa19025bf1a5587263,Emotet,1066,979,1066,0.002000,
dae5bbe0ee7af55427e1e9dced24061dbcb701a53aff04217bdfa8cc260d6683,Emotet,158,135,158,0.000282,
dae6cc52c84bceea0a6ed0f84c126684c9d077da31dd6215f28d8e3092cd0681,Trickbot,45,37,45,0.000095,
daeda7d6bdfc8585cd40c0b6ff5c1b2c65e439904a48d12a66a969e3d6396fc9,Emotet,964,933,964,0.001587,
daf5782f4cef040d1ce9e0695ef5e9858fe2ad868b44e88c4faece80e205f1fe,Trickbot,42,35,42,0.000070,
daf9b0878e611bc52d9cd71aff55ee4ce1dd6d71b2e2208e6d9a5856b801d659,Emotet,252,182,252,0.000360,
db15ff881848484ccb6497891f2157aeba8c9851a43b6ba0c1a460f543e4e34a,Emotet,42,28,42,0.000063,
db19494dab839432111f213bb1e3a08da753efbef526c840ae1ae549304ddd4d,Trickbot,1365,894,1365,0.002455,
db27458ac25defae4a5ed99c00e79f8a7e88fcc16d629e16aea0e30be95e5099,Emotet,1102,989,1102,0.002087,
db33c5d79798bf8b72a50f55ed9c1f3d5871e441e2b93bb5577f0985698cfcb5,Trickbot,91,78,91,0.000139,20
db5794255ef6c3f576d39fc8b69ec3af020a1a30dcacfbc25c6fa176fe40445e,Emotet,1103,983,1103,0.002576,
db5dd95782cbf505851a445849fca96c87dd6181720863765b9d5d69894132f4,Emotet,296,185,296,0.000559,
db691d793b16848ab823683c6f6ef0f9843b18b03fe86a7c2c49e825e22da643,Emotet,32,20,32,0.000087,
db9b85c701e7670e6a2196eba32abf76ea74ba1dd4be403ee9b7ca592b46155f,Trickbot,17,17,17,0.000061,
dba804f594533cf90100161f83cdff6c43e8a106bbb7207bc8829efc1c91b567,Emotet,276,194,276,0.000535,
dba8d723e8d4ba82b503667a5947b9e6dbfc2b50a441ad9b2f62b37ef6b40471,Emotet,142,90,142,0.000300,
dbbe1154a2bda72f9870b30b144cf0562896442e17123c0ff319f9bd47d1c1bf,Emotet,341,198,341,0.000621,
dbc027e7be6119ca343d17b929c17a7d40af49c7c96a32843d21c175ab9cab73,Trickbot,1241,775,1241,0.002163,
dbfb4f5c9552d2163880d5a1ea4daf011cdb1c702886498611502ad5ae3e2d31,Emotet,293,165,293,0.000466,
dc428499654ebc8b159661ece12aba1407bb11bc3cef1ac95d68afaac34e0381,Trickbot,1914,1279,1914,0.003333,432
dc48b740a09cb75154bbd35c7386f63b320324187159ff897806ca2e0b5ad19c,Emotet,335,186,335,0.000557,
dc4e7929c6621c247473fa708eadc8ee25ef275c0901dbac4b64da3bbdc11012,Emotet,298,195,298,0.000552,
dc63e4aef1ba40d2c78e697b9be92fb057b608ad944dc62f5318548370f8c779,Trickbot,8,8,8,0.000023,
dc685999c08e81b153e840e16ba7062bea1f3ff5441e529f5c31149430370333,Emotet,277,171,277,0.000465,
dc6bbb7aec6f17d36251561ea773fa9785b18bca11e555fd96a2d56a463b7b37,Emotet,201,151,201,0.000336,
dc77da7a1e5b9c856624ab0d1309deed85b4f876024157f2759fab040a2a1710,Trickbot,1913,1311,1913,0.003364,
dc78105256fd7fc9a3097e97f53de90d3ebd39ba3a00882377b898b29cc3ba2a,Trickbot,18,18,18,0.000041,
dc82476f686cf82bc542a9ce987361874fbbf7bc238ff155a245750eac44b854,Trickbot,1916,1220,1916,0.003063,
dc826bc3b94c750080e33975b26652ef5e59b0655c1340bb8a946917074476d1,Emotet,158,135,158,0.000234,
dc990f402794fc010ffcc136de1bd827424b45f2666ab8b5c783fe4659e7f555,Trickbot,14,8,14,0.000028,3
dc9cd1aa476d9f982d85460d46a16230dd2ca0a679ab3722c27e01253b86ab65,Trickbot,1308,811,1308,0.001968,
dcaad899fc535b6de5c81a19292f3b59713b5346da9c064b5f8c77b060a8962f,Emotet,89,58,89,0.000139,
dcb6a98460e39c51b02f7d47f77c4254022f98093283df4a9fce7a9ff1ec60e4,Trickbot,1923,1260,1923,0.003503,
dcb97baf2edc9cd21a1b7bbe27599fdd7ca23411ba92b52f6fdc7ed234f8b378,Emotet,227,139,227,0.000329,
dcbaf667a0694c3da3fb2426ca9a07dd3564a34bf326c24b5959b7839ef3f5f8,Trickbot,108,84,108,0.000181,
dcbc8a4afadaf6d5132b1848be86e0ae4006c56bcf1c265ec00175dfdf1ff861,Trickbot,767,209,767,0.000988,
dcdadd49b417234a659ea680728fc3a2fd8f54fd2937dc08e37177a41a07ba33,Emotet,599,227,599,0.000804,
dce6b197ad2397da2edcb3c5f7db01bae89bc19d49d755554f9a9ae6b7e91582,Emotet,6532,3550,6532,0.013508,
dcff10be51a9cefed367d2a5dd319e531d518c37ac7cdece97bb0cb44132178c,Emotet,170,134,170,0.000305,
dd03dc5b556f2009605a10d41d42107292d9c1bb97cf8f4a355da8efdcb55f84,Trickbot,7,8,7,0.000019,2
dd046e197b6a5e9cb1801be9d90c9e7dce8f44763ced00de77a7f4c7becdb8ef,Emotet,21,13,21,0.000039,
dd0c509faf3f5b19805e3b700f4aa9d11c3f131ca5dfcf865b8409600b12f766,Trickbot,90,52,90,0.000124,
dd236cefbfe9447b3d1387d5147bb854be5d14bbd19136b5466c0fb5f2e08852,Trickbot,62,50,62,0.000132,
dd342aadc84bc40be359949bb1686fb980c6669a2565ffc4d66458242bcab376,Trickbot,8,8,8,0.000033,
dd41837732dcdc8e4dd6807a41afac6f9ace064a45c76f406cc5fd4d4e947f63,Trickbot,1945,1268,1945,0.003578,
dd87131a4a92bb76240f340cd530489dd31992ed5a2e102b80dda286fbd411ad,Emotet,181,138,181,0.000303,
dd89e57513612ebcd917d6644b97a92fb074d5dab7da6bd7e5ac4bd93ba20219,Trickbot,1209,782,1209,0.002008,
dd8ca5a40f3de32b88cfd51e843fc40ceb95c2d93b6d6eab2a31f77bc4a3bc11,Trickbot,124,93,124,0.000184,
ddb71f7ad407010884d9c57dfa1bd6c7a8b4f9604a5822674b320cec2e891136,Emotet,305,189,305,0.000416,
ddbc421afdaac172c89a06133bec9f02c450412b15e50832cdbad2cc759fda2f,Trickbot,189,97,189,0.000309,33
ddc910b0ad32a30ad4b0d98da9ff8d46e60d674ec66891f200a8dad6339d4f58,Trickbot,1289,850,1289,0.002184,
ddd1b8e1b36baa1ccda2a57b427c34f9996aa8e059db2f0dca388b7838fbb8a0,Emotet,241,190,241,0.000353,
ddf2956c4a89cafa79f394ca9c2c60b81712f84dfe3bb0c021c3edead3580d96,Trickbot,82,70,82,0.000121,
ddf596fd77d9ba6e441dee4b6a7125d2fa8254dac5c5ed59db5861613ea03b81,Trickbot,1206,781,1206,0.001866,
ddf867752fb55f1c39a150610dfcf4c4ec8dc784edb692cb1d0a2870054061d9,Emotet,175,144,175,0.000267,
de1a3b100486ce263b6a43060df93fda0ca6ee7a08df051e37e39d4cb4cf0e73,Emotet,13,10,13,0.000025,
de1d56c11a96a4cf6eecbc6158deab0fae22bc6d923c7b98e300b5fd417a5221,Emotet,393,216,393,0.000672,
de2973cdba44be46f8dcc829e19679bae0eea3d8e70bb4854ffcdc2e66842556,Emotet,268,183,268,0.000391,
de29a037c6d00d61664bab22db63617427438fbea267f233f54d4b3585c62b9c,Emotet,305,188,305,0.000465,
de44d25281542afcc23e43ee2cf903f6e134ed8934fa9dd1e02e161d3a34969a,Trickbot,47,37,47,0.000079,10
de787303076569316d72cca380cce5c5c2a106eb9e5e0fa8196aa228f5a99fa5,Emotet,205,150,205,0.000389,
de81e8d0589c3f4a63340b4a35c0e106df18adb4287b992aaadffe00ce43da95,Trickbot,1975,1331,1975,0.003735,
de9ba0736015447b14b7efc2cbdce83a4a11cce9f429e1a0b40b5379e1246980,Emotet,377,232,377,0.000619,
debf4dc3f6d2244565b4857b91b0fab31202e7482bae4a48a127a7ada86aa0ba,Trickbot,15,10,15,0.000028,
dec275d4f2bec67052882fc7afc81d8a89b95293b91307f82c14eef699aa8481,Emotet,262,181,262,0.000476,
deca3be654504d28d58507d7d847b1bb35c9d23535c008ef7ce27d9ad1a23f5f,Emotet,374,227,374,0.000531,
decbdb959db0874c1b4d18a8b389ecd2229a4c8f0bc6b74f97d8741e6d594348,Emotet,270,188,270,0.000478,
dedaebe49b54eb07ef25a029d519269bd9dc5b4435818bdbd61314dc6a8d73ec,Emotet,178,135,178,0.000268,
deea861b4160cf895c8140266c5b6c6c39ba1e2c03af360eec31b0f5e4fe57f2,Emotet,218,134,218,0.000286,
def320f90a82863cdbac66b599a6037ce15fdea4b1e44bc6791d544fcbeacc52,Emotet,361,274,361,0.000709,77
df055b5b5b96311965c1b1aeada2802ffdf0d3242321b1620116b3166c335514,Trickbot,1835,1235,1835,0.003321,
df112cc5fa355befb7771f5a3a1d1f815cb54c5116c5aa089e59f4000dd4828a,Emotet,322,204,322,0.000496,
df21119e0545611e68d49b6f6cd859c258eb2ac0dacf9577040053e7516a8668,Emotet,208,153,208,0.000291,
df2c17dd6a94278823d5faf58be34e5deaa97eb30b610a22241feeb4bfeaf2af,Trickbot,57,43,57,0.000090,
df35cb0c2264b59e8b99a8e79d0b613064255da5e19659697f46368d9ef50692,Trickbot,38,32,38,0.000072,
df493447934f4ca0056f999558c5b0b9954797e5cc186d82f048c5c0b8a3c8ad,Trickbot,243,39,243,0.000264,
df4fd49dc53618d7f3a14246f90e97b1061d976bfb86cba638bf32d47b0765e9,Emotet,185,147,185,0.000262,
df5660262fe1effd13e95df6ffc1df9cf898f741987ffc8900235c182e5b6668,Trickbot,18,18,18,0.000044,
df5e641dc7f95c7a1d67a2a39b369f82907c46483bac2d7d1893a6b276c4ffeb,Emotet,179,145,179,0.000316,
df7fec0ef4f9c0b6916eb450bd285eda5e9d7b3f532e34ab5fa3d6cce43842e0,Emotet,265,182,265,0.000393,54
df83ff64a2af1b57f82cfdd9977abbfbc1831f88d5a9b8dd484302a48a0b93ad,Trickbot,77,67,77,0.000136,
df8de65b3cce5e60de0564665a4c27283b70226e3341c455c10f0df7712413b3,Trickbot,1226,801,1226,0.002055,
dfa400cd8c03b2be30cc72090d6c17e47c5553137c0075d15a6a56c62e1af886,Emotet,153,130,153,0.000230,
dfacc69f7de443ad19f0618ade2c7122534d3aba0804dc40324ce9537658e5ef,Emotet,254,149,254,0.000344,
dfb7ad2befc5f9f319cca60900d04935df09464985074be477468c6b402762c5,Trickbot,66,46,66,0.000101,
dfd5923037e0b18a1d414a8098708cc99c49a2ab09ef87654155d0dc624b1662,Trickbot,9,9,9,0.000020,
dff3fc7bbd28a80992f750bad6820bf44c929c317628386234ae72ede6e7523a,Trickbot,125,76,125,0.000212,
dffea76140e0b971e522aa248284c3fcf8487684da308754870ff0d111c58a50,Emotet,185,143,185,0.000275,
e001ebc994ac57e377ed487f0bb880f7223cabf96554390b9f3efc8540baf873,Trickbot,42,35,42,0.000075,
e03aa98fe52fafd5d90778733bb2d061d254c6d9bafa35bccaa63c7fdae348cf,Emotet,1091,985,1091,0.002221,288
e049ff90d49f5dc7f848d293c3a1e1413fb9678f7f46804a2e4f52ea04ac7244,Emotet,162,135,162,0.000257,
e07cf3eff3c59d042e35eae1cabde7edcbb578aa93bdc0caabff0fc335f28b56,Emotet,248,178,248,0.000344,
e083e9cc0ff5c7394310f3d17f9207cb82edd7422d539887cdf019e9e4cdf829,Trickbot,43,36,43,0.000074,
e08a2ee1f4734f961fc45caadc74ecff20ab066e1994f15c28e916dd8779942a,Emotet,170,137,170,0.000256,
e09330deb1b4efafe84deb5fcabda3f80ab8f7f907c82300243186fdec13c437,Trickbot,1382,830,1382,0.002224,
e09737712a7d3fd81d944f1c90ef736676afa38bbbbb1beddfd7f14729a8ef4c,Emotet,144,90,144,0.000244,
e0a56701ed8bfc74195cc4732d7ef6c57bfdebfda6b563aa01709e5362a63a67,Trickbot,3604,1969,3604,0.006173,
e0b0ad2b946e2fe547bae545b3b4fda9e206a809f5c7ad11bcb1045a659374f4,Emotet,69,35,69,0.000125,
e0eb41ccb2f33576f65ece6072b8f07af7b93ab847f3858d1b75468ed41fd2da,Trickbot,1247,784,1247,0.002048,
e103df1bcab8748156f4bbb936fcc7e18773fd87efe4e507a8c60bd0aa12af3d,Emotet,263,181,263,0.000401,54
e1105507bf19994a28d5bb5dabb4c524b2f8932cf220ed62acab9310ed587cfe,Emotet,272,185,272,0.000414,
e12aa5e96b5ec37e928a06c5eaa173fcc1d0de0b5129d4797c6a69e8ad550244,Trickbot,8,8,8,0.000020,
e13d53a2fc22699cf1cdc847d2838b3bfa32989fe4a6540bf5c044992bbe1f8b,Trickbot,129,39,129,0.000164,
e16481514a4575893c3a470cada692edb5e844c1b9c9477fc8b79f458e513613,Emotet,261,182,261,0.000463,
e198e309ec3b575642118710f66d18b14b772290de4ae380919c352065d50f8a,Emotet,970,937,970,0.001843,
e19eeaee888d0b9b2e319982bbe8dedab886a3212cd2c852f956f09ca7a304cb,Emotet,56,23,56,0.000075,
e1a0f639ce36c10ebdc64a4abb4bb4d8bb9a659564bf61ce8136ec91df7c0be6,Trickbot,125,93,125,0.000184,
e1a657fe051c7a884affaf8e1c837316a884c8d2338964fce93c80d8eb8403f4,Emotet,3,4,3,0.000015,
e1aea4783971eb572847acc153cb5f9e039c4bc7ecb29e524f9bb89dbc7be6e1,Emotet,302,198,302,0.000465,
e1c1ae192cadef4edf6ac8f6ba1bb363c603da9b9f0fb6231dcabf3d66ef916e,Emotet,304,189,304,0.000479,59
e1c7e157e4222e9193c0b9ceab59458f0663f817e63dfd7979a6f9eae1f738e2,Trickbot,69,37,69,0.000102,
e1cbc128c225ab9af4d97d45af4ccf47a28256b6ef374bc5bb630c2b5ca1c4c9,Trickbot,9,9,9,0.000022,
e1d04becf743f654ab81930e6c4408d103170bd340a04621e5a140e5bf2796a3,Emotet,206,151,206,0.000362,
e1dae37b338ac5cf6eb7b406968c94ac8c3035e7e720473afed51888885faf44,Trickbot,924,253,924,0.001185,
e20083e3262c4a509b7c087da8efcf420b38fc4a2b5cb7d1fc7518a96f4c7aac,Trickbot,8,8,8,0.000027,
e20818d5831348b24926909acceadb72d381d82c98cffb01680dacf583f564ef,Trickbot,50,39,50,0.000090,
e2278f7f09a788d6feb4827183ee3f155c41efe1377c9d77ace231494589bafa,Emotet,11,11,11,0.000025,
e229db558b2ac4056112c732330d41663c64e23029aa6e9959271685c573b9c9,Trickbot,96,50,96,0.000142,
e2380abfe2aeec39be358d496bb666f75828baeea1cad2726b0c8e5e83dff161,Emotet,978,928,978,0.001824,
e2662759dd74916ec1e7af24476bd3f9051a9f3839899f1fb41ce841fe2b1a8b,Trickbot,1206,763,1206,0.001840,270
e277bfb8276c7dd57324ac8c2a82b2c313e0a98fdde4f116b4f69110859e4500,Emotet,202,152,202,0.000301,
e28128ccb068664a3b46aa9eb36e7f0aa1ab856415f2917fc1a28ce4b43bdb3f,Trickbot,1215,771,1215,0.001856,
e281d367fa60972d04986925c5005b21c6cf27ae73654d799646c7528fd20594,Emotet,3,4,3,0.000016,
e28323ab72fe01bc966a60fada6b7b87527fee5380c36c03002d7813c6f96e48,Emotet,255,181,255,0.000395,
e28ad203f757bab93d15977c174420f816e1b2b63e323f44e5c341525b74a272,Emotet,253,181,253,0.000372,
e2b08367810b17c0cdf55c6b697e3748cff2766eb37d1fd519db95c6548d7dba,Trickbot,74,58,74,0.000127,
e2b0b15d07a5f54679d27573a1c677e57fc3ff6854250c13e0af52e69027bcb7,Trickbot,1956,1300,1956,0.003230,
e2b7f41a61f2f7a6a45ded164adb18a4d172a21334797a229c0ae6c74922059c,Trickbot,10,10,10,0.000023,
e2d24b7fa8949841feaef655ebeafda227b0b998938875ebfa6d670ccb40264e,Trickbot,19,18,19,0.000046,
e2f67c27c532cac3f33d6485102d1c6abe22216b0b1fdd283002bee9679cb80b,Trickbot,629,258,629,0.000832,107
e3012ce475402811cfad773974e29b4c83f7d4608b93a22dadc53055b2dea13e,Emotet,36,16,36,0.000056,
e30abb1d83a512bdf4a615511d0a329efbac42cd3d414d736e54d3385e92c6e2,Emotet,46,28,46,0.000100,
e30f1ea0b6e3b7fa083270a1de65103b54ee7c78049282ae17060435dfbee051,Trickbot,18,9,18,0.000042,
e3205eee1721b5a4c5502086866ae642964bacb38efafcb9eb08803085d9212a,Trickbot,1858,1218,1858,0.003095,
e3243bddabce2f705b1d05231dd5c613a1a5908e488c3ec3e91b44facf9d66d3,Emotet,292,193,292,0.000425,
e32b3b1ea3aa838da937f1f3f355bcaee28b7cf612bce6bc0d800f2709661e90,Emotet,13,9,13,0.000033,
e344bca9e7c89d3398af7cb9ebfc1d94830752a5ccd04acddb2cf091cfe8a283,Emotet,251,183,251,0.000357,
e3647149483b92ed7d8e502ed13f8c368c989b5686cb7ba40ea2989484064c16,Trickbot,3578,1932,3578,0.007204,
e382b2dbaadf177cc2d72d757d3a622abd73d29bfe7479e57bd406f568dea3ac,Trickbot,1437,926,1437,0.002144,
e3a52761372d66d083cdbdcfb7b1e718f106c7abe9c2cd683c6bd4c7bd8be7ca,Emotet,253,192,253,0.000396,54
e3a647dc9766be072991529cc35d4b0e34b31aba8d06c42347d32ef0e2afd214,Trickbot,42,35,42,0.000090,
e3dbdeb2ba6bfe38748e848741b0bff4c3a26e88bf98741afa70527acb8a0675,Trickbot,153,80,153,0.000208,
e3f80e17374d4a80fc77105ba781a65ee2be9657fe8ca8d7de8e2286904cdc09,Trickbot,17,17,17,0.000037,
e3ffe9fd5d0f9c32a14c66f904bd3a848e20b4cbde8250dc177f7a9079f88887,Emotet,44,27,44,0.000068,
e42577e12fe128b90e79a4c4c4b486f819139bcf50cceb20eb98467a2a1efcd9,Emotet,314,194,314,0.000438,
e429bfaf3f5e617066ef42034e596567587e76b0095b9608f2cf5af83c7a9b7b,Emotet,995,934,995,0.001895,
e4493cfee82819c0b2475c012e4d521ae91d3e93756d98c667a5dd647cd92744,Emotet,283,191,283,0.000446,
e45665f44e8227a6e55d39322bb1c80e5197688c19a6ddf82dd8e6042f28c394,Trickbot,1161,760,1161,0.001775,
e4608197ed040394d9e6da7dc7a1c00a8d9a6a46ac83ee365bb23bc26e674b74,Emotet,1107,988,1107,0.002101,
e47621f0b995f86f7be801b85a889d458bc52b1edda12d9c7064409a2c4b1511,Emotet,1055,960,1055,0.002091,279
e47e108bb8dd1480ff1e1d4ab50d1089dff6b6508e1ac505059d20840d3649de,Trickbot,111,81,111,0.000214,
e496c19918b94bd3abe13d330573defd32b680ed463f17ddedd57ccc30fb0d2a,Trickbot,1274,807,1274,0.002316,
e49bb0105ceb07bed1e5f5d0f2f505f735b825be29b9ac08aee502389736b02b,Trickbot,53,39,53,0.000098,
e4afad1d987477155f67eb38f99687b1b7b62f4c5226f63136d38a72db1c7715,Emotet,291,198,291,0.000433,
e4c1e3ec9318ce2f250abd99cc5b78c065d97f0032c785581fb8111a85ac8664,Trickbot,1443,870,1443,0.002248,
e4c6c26389af4e811b7882562630e625b98fe3798d5fa9a8ed90afce5a6e674e,Trickbot,1797,1186,1797,0.003312,
e4ecea72fb48f34e5fa6f0b65197d3492460961619c44052f664db6a3731c0c0,Emotet,288,187,288,0.000452,
e50375f4eaccb53f223e58c91104d8dbc044801b7ecd8fec0177cfddf455ca9c,Trickbot,1205,819,1205,0.001914,
e507bac4702434c11b480cdd138985bb36e33f571b367cc71e453fcf137c1aef,Trickbot,8,8,8,0.000025,
e5131c9821c0e22aa42b72cf18c7863e86b980d7ab5cf6a773baf831b276aac1,Emotet,456,216,456,0.000621,81
e5211949312f74e76a3745756602a69944cd816d5294c89bc067cd393e577d5a,Trickbot,74,61,74,0.000109,
e52c41b4ff8bb9196318589f13976722afc2c4b67a7da567944af9566ad4f883,Emotet,62,47,62,0.000094,
e54bc2d7eb679717a1a16b93006701d13975c6f89eed9a2e0c01030f8fec09b7,Emotet,285,186,285,0.000475,
e5746a283f13019693a23fecfd1cfd2c4fcd4ba626704a4f0cfb5c7dd1fec24a,Trickbot,42,35,42,0.000077,
e5850c0141635e7cd480d2c7e8be6af42777a12d7e2867bafe7c1ea910e4f7d2,Trickbot,93,78,93,0.000143,
e5856762b9327c2032757e1874aca55e7bf80b60f4a5b77f34e1d9b5a44c6639,Trickbot,1198,752,1198,0.001831,
e59759c64e08e949a200573f6f5e56618877b087885754bcd4285b6d645af105,Emotet,29,22,29,0.000052,
e59b9aef4da605460a74fa9c117b5ab80c87304199669c92191b60eccb203f4b,Trickbot,44,37,44,0.000071,
e5a8ac92b55858079dde62e56f5a49690d94a758f080ef632653a86c600bc87e,Emotet,1063,971,1063,0.001764,
e5ceeb1f78b683a3efecf77e2d5b8251b04281cd12ebfc374d36cfb62a92d657,Trickbot,1140,727,1140,0.001869,257
e5d7daa2245e4ca3654a4321d1af91339ebb1bdbbed2bb8d6bd0a1a93a581390,Trickbot,50,34,50,0.000073,
e5e067d45c705958e0f4816290c924021b29a32efcc9718765c19c7d57065d81,Trickbot,97,76,97,0.000137,
e5e3ec6c1aef778b3783e7699d45adc53268aee9f0523dc06e3be8866d13fc71,Emotet,177,141,177,0.000253,
e5e635d7f54508eb42a65136fe571a7d122f0c7b7a7b4bf0cab804682f333151,Trickbot,1892,1301,1892,0.003230,
e5ecf39a2565d297f7263d2fc953c0e5173b977667c739c6b771570c6f9d99d1,Trickbot,1187,770,1187,0.001761,
e5ed80b518d782d75244ddc5af3c6305d43eb5e3489a3641a26ae8a5bb796fec,Emotet,315,219,315,0.000473,
e5fcbb48fac38c77a2ab9a2346f927f5c8d957f4929c12f5f7493c133667964c,Emotet,180,144,180,0.000259,
e60a0bd2f9d029b07476285245f8499a06dcefa0daaacd51054da8a655c10284,Trickbot,9,9,9,0.000030,
e60ac6500680c5469df543cb6952bd837e895a69e378909800faa56342a6f715,Emotet,299,194,299,0.000457,
e60d741aa0e406f38459dc3debb1475dcce8e13bfc211da95c9c387cea77c0b4,Trickbot,2899,1550,2899,0.005262,618
e61a29a8603abe90ab9d58fa2de92a44f1dbf6eafcb22a2e09564fe915b2f225,Emotet,153,131,153,0.000233,
e61f154dc4e3ba92294b279757f29a69ba0ebcce641589d8beb6538c4e6a6038,Emotet,276,186,276,0.000386,
e648918213047713a163206dd380debb9e415bd5b0c236670f6c0549fe0f56c2,Emotet,24,21,24,0.000055,
e6518ebb1d47f9fd1f10abc7706203ded834f02148dcc93de093f492cc1f859e,Trickbot,1898,1248,1898,0.003234,
e6872f064626eb77d139e83a8a5fdf47cf49f820d2f8b28c7656a751c06b73c8,Emotet,174,135,174,0.000263,
e69a6ad3178d9621ca6b3b2ce8db7d58010ee5111bd21b24be238a1208622520,Trickbot,47,39,47,0.000087,
e6cb7b90bc6f33706d61f7daa31f48361792898efc55002e00338879d3e31ee7,Emotet,61,33,61,0.000083,
e6d418fab618538ef33450bf308bd4abbcf7ed389b50e75fd02d4f16e355e168,Emotet,44,28,44,0.000080,
e6dc55c311138001749f6dcd7f5d75c693001cb4260aa30db4762499459f0589,Trickbot,2196,1267,2196,0.003619,
e6e55721da92662e8a44a2e95632222e2d8c70566cddeb22e930c962cd1a844d,Trickbot,1993,1367,1993,0.003195,502
e6f5941d58ac7b7fc0e11f0763769f408e24e42443b373a8e3fbfaf719577667,Emotet,180,148,180,0.000276,
e7249aeb1e661d48e821d8ee231285da126a77d5b145cece241eb180748c6ea6,Emotet,245,178,245,0.000342,
e745df3648d828705f2a1e76cd9c41b4878b644f40abda0a59608f53d2eed292,Emotet,236,176,236,0.000406,
e75809ffc81f0fbbd2685dd39aad998d3874344b4594cabc0ee83e39f56f5ca7,Emotet,174,140,174,0.000327,
e7595a747283dcc9fbb815ac884bf48585fa103154ed8cf0742ac2509cbad47d,Trickbot,9,9,9,0.000023,
e76b08587d8d61adcf1375d74ec20a8f2c15bb381641dcde85f9a453e25bce3e,Emotet,159,131,159,0.000244,
e77231e5c3c84bcdf5b9d50f46fff73ad3b4857a173d0df46714979da1c305e2,Trickbot,1228,764,1228,0.001832,
e77b79415e5c443694ee8f11261077a085b3b0a87e14a47e56ebeb0dd3fd1f02,Emotet,286,188,286,0.000427,
e77bd3e284c8ce818294e84916948e75421f9aa4ae4e24b31549a4362f7d107e,Emotet,331,200,331,0.000467,
e77ce96fa8da4cfbcd9f9379901edaadaa3957bb6f99f9cb155c3a19cd8e7bc2,Emotet,385,203,385,0.000534,71
e78b8e283e9d634833eefa446aedc231d4e6feee3757357d8a44e4c14ef4af99,Trickbot,1729,718,1729,0.002773,
e797ffc6af8e87e5ce3788129c0c6b7719d352643f48ecdee49406edce838098,Trickbot,17,17,17,0.000041,
e7ad62fe562e4af24f23187f45d9e0018fdfb74a6228bbaf06fc72559605facb,Trickbot,19,18,19,0.000034,
e7ae23df9d64629d0b000dca75afd6d3c16bdc9a8f3e95322f3405edcc86aeaa,Emotet,301,200,301,0.000437,
e7b0bd7c0b8b600de207a47e22c4264e48512b7298a0434859a0e811409934c0,Trickbot,9,9,9,0.000030,
e7d1977f5e0d10ad9d99566cd9befce9c41986655353d42e574bfec951a234fa,Emotet,272,191,272,0.000380,
e7df2ef9590b178752d32bb34f1ea36a5e24ab9f11b28f01323857e26bf7010f,Trickbot,50,38,50,0.000086,
e7e4903ad38c1de9e7314e5cde375fe2d76c898a985fd205ffadc8f816af0ba0,Trickbot,15,14,15,0.000034,
e8003783b2787cb1bbc80aa47c5facc5152934e403f613479d0934ffd4174f68,Trickbot,9,9,9,0.000026,
e809c7202658819944bde19d4c70079693b1d1bb36b9d57c06b40d275239e3a6,Emotet,180,142,180,0.000270,38
e8171f8882f4b74a2b4ef9f2067e96c46427106368b7ac03b2c7ccf3678c1314,Trickbot,8,8,8,0.000020,
e81e08031eae94a2e944809313cbfcf35e3ce62f366278a3ab0ba9a791e97990,Trickbot,85,71,85,0.000164,
e82eba56515cfb3c15dbb6541b74ccb9191c5a5558d93e62234e979c5a44d070,Emotet,1088,989,1088,0.002071,
e833a66489ee52ef0eb926b7f71f54cd1532166d39afbc3ba0e410044a147716,Trickbot,123,93,123,0.000199,
e867a8040eb1e1a4dcbfbb18aee49b1aaace0bb44b9de074a3050d2cc4d0b7bf,Trickbot,99,84,99,0.000200,
e8797564d31ca290fc4c0380d967ac28d196d4108fa988b9f5c3f2f34ce15afd,Trickbot,1370,907,1370,0.002141,
e87e8622517750111d20b6d802c2d2d0120fd78955b9913c82a887219316de8d,Emotet,175,96,175,0.000234,
e88249055702c863040b1ea0595d13fb033008dc4e467b84739ed871fcf73810,Emotet,314,194,314,0.000565,
e88dcb6c0c309ee5efbc9bf97929c6a3410f952193beea5654c7dec7012ac298,Emotet,977,932,977,0.001930,
e8c1a414ff9308486d4f63887226f2497dff300185700437cbb1d52918b6d3ee,Emotet,144,91,144,0.000221,28
e8daa87f7fd12e15285a19d4cc3d64b7d503be6a48b4b1df6201c73162c58acc,Emotet,189,155,189,0.000345,
e8e5e288d15a5e45906b7618c353536f98d3203d2fad77af0a75b241e3b119f6,Emotet,50,42,50,0.000081,
e903a18586d832b0d1477e1657075b9c1412b965bbf94155ede63fe69999a129,Trickbot,95,74,95,0.000138,
e912248e8bf2c89af7bb69bba0d63826ddb5e7ee9cc7c79f18ec2b48e1db6d62,Emotet,277,187,277,0.000419,
e93254b998870b3bb6a5963fa00aa6071deed1923bff71a99052d3f39ecb3e32,Emotet,1056,978,1056,0.002106,
e93b7488164604f324d264abe2a500f42427bcb66f5280e771e1962709cb5b9c,Trickbot,18,18,18,0.000050,
e93c36c0d9d95c5a6b0cbc3349704faf0bf62bc8bbafc08facb0c6f2adaac760,Trickbot,3052,1641,3052,0.005218,
e945b4cfeec3bd7a2416294fb79a24d092651e509389ecb9706c18ba337c43ed,Trickbot,19,18,19,0.000040,
e94d7a5e632eec55b89a034c6a7fd60a2916e0d7d801e6af90b5e8653d11092b,Emotet,342,236,342,0.000553,
e961dca9e6506f9fa2c5089f71c0696bd2b9a0d09c3ddaafdbecad0acc3daaca,Trickbot,208,97,208,0.000265,35
e969ae7dda7f4a79121cbaccfaa56ddd787e804b487f2b72ac113130a1cf0140,Trickbot,77,57,77,0.000110,
e9726711a5ac50349fd6ebaefcfc57cb2584bce050c7fdb9c235670155fb0e58,Emotet,82,38,82,0.000116,
e97b9ce6a1b405f65066937e996a033e59fc3ef1a74804e9fbc22f02787ac1fc,Trickbot,1982,1300,1982,0.003410,
e982025655d6cb8e4b59cfa41b8adf1be862c9e17647bd83ce66c95f08da09ee,Trickbot,8,8,8,0.000024,
e986b7fe92b543413d761ec9195ba7a299cd44d29069f78ee24194f84c7697a3,Trickbot,46,38,46,0.000091,
e98c4596abdcd1717af1e7961853b380fdd75042fee3fd3cff872c5bd9af3cb9,Emotet,162,91,162,0.000266,
e993de826e088416148ee5767ba64b6ef41887118b50c00985c578de4bf29923,Trickbot,85,71,85,0.000159,
e9941f76a08fa8bca8d4d75adc522c3d52a6c9d348e20dd6bf921adffe2bca0d,Trickbot,17,17,17,0.000037,
e9ae5ee8502cb46f85bcfc63c0f095da81649284f81ff9b2fd91f7ff5d70e7ec,Emotet,167,137,167,0.000248,
e9cd16d3197296ea51855cf7a6eb4c10b2b66418f7f14df8a0498ed2916b9644,Trickbot,17,17,17,0.000035,5
e9d31b4b4442147b95c0da08cfc9a8298bc71b4f21b5df0d7e0c206403f2b013,Trickbot,53,39,53,0.000076,
e9df0f4fd0c719db9dde78a85784d493dad536e49e205d114c16917dea394d4a,Emotet,166,141,166,0.000303,
e9eea2711ee876c3de975424e8119550bfe9a135367f97f0d2030d8f83c53a87,Emotet,271,192,271,0.000421,
e9ef7a265117ea29ad929778d6f8d83974d582d3e8deb78e3ea45ffac8c96b29,Trickbot,62,50,62,0.000095,
ea050eb4903137f820474e261b02a4b9318fca7ff4517e63c443e56ba4e25e9b,Trickbot,8,8,8,0.000023,
ea6214e9d84fd4b33306a94568fedffecceb8cfb60022a8985202c60b5764fd0,Emotet,1057,976,1057,0.001958,
ea6e258ce9ee30055fb3a8d1876e3a41b53658c18b0041d00e3b214d1ec940be,Trickbot,136,54,136,0.000200,
ea7b523f4f68097f83dc3f0380992423ca37932595ba5d42f5dbaeb279e4dbe5,Emotet,210,151,210,0.000394,
ea8479d471d38105312f8264f2d93c7dd317d1bfda94f345f74313efffe8fb54,Emotet,1082,980,1082,0.002037,
ea86c28485214d899eeb425c8cedfe9a2266a57bb283d0b9771b29356d128a53,Trickbot,8,8,8,0.000027,2
ea886dda6421653cd2622c12df5053d97fa238914c33cb970530bc8c003db9b5,Trickbot,9,9,9,0.000033,
eac5387f85bcc2c3e845e90e8c95100762314958b33bd45b7c11f550da551893,Trickbot,15,10,15,0.000041,
eacce381bfdf5a3bc5e1868f08024fca6a3b3fc42fb9852eef3a6b081c815805,Emotet,369,276,369,0.000740,
eace092883b328451a22e685219a456c1212ef34a0b7f6689a9a9ca064d92de8,Emotet,144,90,144,0.000240,
ead6a7bd432d4121f34ea6501cdce67f93f50ad2c738bcfe961c844c1f03c6a2,Emotet,101,54,101,0.000149,
ead8392a075fc361e44cf94ec8842bcf663869a4738f1d6709b49cf350caefc0,Trickbot,54,38,54,0.000092,
eadc7fe1cfa18dd6785098d1918140a9356cd65b7709a5c1d37d737f5711af0a,Emotet,576,220,576,0.000897,
eae539bc72defbee726b5bc5b339e4bfee655b24a3e1c97f2ad6c3f0472025ac,Trickbot,39,33,39,0.000076,
eaedd20618725f368adcf78854d4a34e36b69ac5324fbc6542b9f87061640646,Trickbot,8,8,8,0.000022,
eaf53d9daef9be6e98cf55efa802fb4228275225a20003839d7c6badf854f1e1,Emotet,212,148,212,0.000320,41
eb243dd9c2d2b75d120c85c9405e21da35a6f248d6f55dd671b0b49c6938fdfb,Emotet,200,143,200,0.000354,
eb2b4f999ed22009cf1803b8c9d6b318cc1e1152d5dd735a485a10b1e449efe7,Emotet,52,41,52,0.000083,
eb2baa51708385a8aca85435665b2d0d8675497cde412a4d568399d54004ea64,Trickbot,17,17,17,0.000040,
eb4089f839066855364b57c597db04c2ced79c9c1a86f9eb4ab58e9892864668,Emotet,184,144,184,0.000301,
eb5aa0e0eaaf82fb515a644e4a3aed17d619209d173cbedbc2a5e178b14cb285,Emotet,266,175,266,0.000380,
eb88147837641246529896d7f6c65de310de322cc63d73b960851822b48f724c,Emotet,241,159,241,0.000348,
eba3d339b05a4d6d36c67d4e2db1dcd1749df843a1e01ac774b1e57cdd0c71e6,Emotet,249,183,249,0.000403,
ebb0d16222baa6de805409f5769b25f44e4201b6a1d1557c38b21510ba2e87c3,Emotet,33,15,33,0.000051,
ebce6e567ae9d8e03efb1154963c874f9399ae11259c0e000726f6f569daaadf,Trickbot,109,81,109,0.000186,
ec01528e43f47e94bd71838335512b7c25cac8260cec699ad42aeea9dfb2b77e,Trickbot,64,48,64,0.000094,14
ec0cba440ff04d408d0631da1d4f798ad441bd4342e1f5f8b0469444449099cf,Trickbot,8,8,8,0.000023,
ec1cbe072cca81c0e8f582db67ff73241550ed1a5375551d95273a7c863095b9,Trickbot,1900,1274,1900,0.003448,
ec1f0b32b29f2d745122c12089b7e386af23223e66e0bedbc79e26f1355ce686,Trickbot,81,67,81,0.000128,
ec2002bb688fc10a6d7dc46ca26066f32d7d88d8db9ad2a9c46f85c97d1f8d6b,Trickbot,50,39,50,0.000076,
ec30db9c554e434e2c989905cfdc21ead86bc0d90ffe7cda9aca02425203f5fd,Emotet,314,199,314,0.000440,
ec555fac99a261486880fd029d364a1124bd3da4c8ce49a1a8b80eb8949799e9,Trickbot,1188,857,1188,0.001875,
ec9aaf5141e7200a064fe9a1e8d8805c286c029b4ffb55fb60990981829b63b5,Emotet,243,183,243,0.000427,
ecbc9d961dda951a6f09fbe61ceaa528380ed61108545ffcbe9b7e68bc95b18a,Trickbot,63,51,63,0.000095,
ecc51c74edc546d15bbfdae3fbebefc015afe18596bb4ff1324f86891d53003d,Emotet,326,189,326,0.000502,
ecce544e65345f63dcf87a186c084481ac80e4e3f010b9df55b75acbc5d0086a,Trickbot,50,39,50,0.000098,11
ece2a89aa4bdb318370bc75458d7d790791d7b46287888d40b555e3b7726b228,Emotet,299,190,299,0.000412,
ece6044960b404453e805bdb10258cbe3b756f89bb301a3f7b40835a75603925,Trickbot,2037,1348,2037,0.003516,
ed510764d2e7428911955269767706943e354b56a61edabfc127e56dc15628e1,Trickbot,81,62,81,0.000152,
ed7a9442490ad4f812079cd1fcf9ab7b6e8e0fe38045fd17dc16a268fcacef55,Emotet,949,923,949,0.001674,
ed7c6c1198f14447809a9e52afc2359834b4f9f49b11edc4a02b216e51fe54f8,Trickbot,82,60,82,0.000119,
ed99e0b5dab8df5a6c6b72ac5dce29b83eccd08ac46418f248868385f6153fa2,Trickbot,1223,770,1223,0.002314,
edb2a8eb474fadff0489cf7ae882cc646ad886d92e835074e27139f1b72a1f9c,Trickbot,1968,1255,1968,0.003324,
edcedbac57a24ff8ea61ac29936d868fbc0d8d7bdf4e0fa47bcf7ec53bb6d888,Trickbot,1922,1277,1922,0.003246,
edd83fa37a15535f80474933779e557811bdb4cf3617c9be4ab5ab3765d85cf9,Emotet,189,151,189,0.000345,
edf609ac4f18c0340570170fbc7a6d27505fdb79add69d5916038a36bfa4bbf4,Trickbot,58,33,58,0.000078,11
edfbe791ff17b3790b05bd09c12be46d9fbed6763975fff9ccae4efb91cda41c,Emotet,144,90,144,0.000189,
ee14115ae5c40d45829a2357d59247cca7613536ae4bcb72c2ccb3d2f1d37550,Emotet,956,924,956,0.001702,
ee395230e8927f9edb75dcab07ec572feb2ef5b861aee1c4189abfab4b71994a,Emotet,318,223,318,0.000458,
ee564ca3ee73929a1c823756d462dff3c7da29b655ca7db35377ba7ccba6503c,Trickbot,46,38,46,0.000082,
ee6036eda1bce24872269e0b59275b63d0a71513768f3dacd9b42ee33767ead9,Emotet,34,17,34,0.000050,
ee6725bc90ca85b3f18d41e3bd9169404205b384f5c85ddfcdbf20850979ba85,Trickbot,74,60,74,0.000107,
ee9d6ffb0e3344b8e996c4518eae258c32c01ecee2938db8d6872365d9e86f9d,Emotet,274,196,274,0.000397,
eebc3bfca7e5446922d45d064e6463ea6a1cba02fd3ca4900ec455cb48860e11,Trickbot,89,74,89,0.000131,
eee1628ca6c19494d8e3734943ece53044dd4e82798f2d0eb25bfae83f3e6a6f,Trickbot,1941,1302,1941,0.003566,
eee22f9316d5d14c86ca2c57d3e5d2dfad28044d3e9663c9877c322ab0c87f7d,Emotet,184,141,184,0.000286,38
eef5f237d0fa7e163679ce29c37da190b578e956ece1c165c74fe3a0d3630bfe,Emotet,152,94,152,0.000236,
ef031928afce43a0e0877070126f9df320e140b02c7d12555aef94afc0241cb8,Emotet,261,187,261,0.000454,
ef10e4ecd665374b46373210a9f14868a6d4a516e265bff071a71cf00ae2688a,Trickbot,16,14,16,0.000032,
ef231c04b178b616fc71423c64a0b602e8a45695f0230815f99192edcc94def0,Trickbot,64,42,64,0.000105,
ef3dc56551a3165fd223fbd686387536c409dd58d040029d5938834a0953ebb6,Trickbot,74,61,74,0.000128,
ef480fbffd1d15fc9df93cc9d4ba7f11198bf0f9bdfbcc04a987c4612ec5a4d3,Emotet,283,192,283,0.000412,
ef5276be4378af3efc615b90eb59e0b43dfb0cd2739774c068368a718b7800e5,Trickbot,154,75,154,0.000250,
ef5a54d5db53b4048dddc782c78f7afc2d66a2f24e480d91be9c9a96d085f117,Trickbot,1282,808,1282,0.002188,
ef6aa77f81b087b8a855075f8494ca4ed3112dfde84c53baa443f3985317d240,Emotet,139,88,139,0.000196,
ef7056998abdf0226635942d99393026228a6e6f56549af0271ef7478b1ce698,Trickbot,1887,1250,1887,0.003142,426
ef838dccbc9ca83a3e7574c5cfbc6255b3e8ea8abe08c7b4e3df57e80f77fc49,Emotet,202,149,202,0.000300,
ef967411a1329194f9bb2502b487d04e8d28cb39ce7199d7d9818d50e2d754d8,Emotet,1073,978,1073,0.002024,
efbf6387aafaa5a2e090b3f68785b8b1ecca195b661d7be3220f3b94e8dc0ffe,Trickbot,50,39,50,0.000098,
efd9f27dc06fe39568ed2123ce4ac69c696fa62eec9e5ce60f6e5b6f4a0eac7b,Emotet,183,143,183,0.000330,
efe63d6150c51523ee1665ed929e4a793d5fa8cf7e90f7d75e77192b18606655,Emotet,40,26,40,0.000061,
f0160e88d8c3f81fce0d2064fadfc471219d58b837d6a9475750bfcfdfc27d15,Emotet,417,232,417,0.000643,
f02b7c8b07da49de65c26605f9b448ceb4561be52d3bb72cf85b911bfe321fed,Trickbot,100,68,100,0.000165,
f02e6f2e566bd0f0135602370e07422c69ee45cef67f98616ec61d21c6ee84a6,Emotet,973,930,973,0.001837,
f050f426fbfe68f429201bc7dfec6eb327a2bf981dd51f93c2cb85d3cb7a5b79,Trickbot,19,18,19,0.000040,
f0692ed39e657dbd8cfaf9c509e993bb10146c8523f74e451d85ea1a619bcb33,Trickbot,1895,1224,1895,0.003210,421
f06df4b1a5650adefa8c964fb247844a8053a6dceedcf0108f3ea49eb819f830,Emotet,333,197,333,0.000540,
f07cd6ce08880b083b6e456f91b74acfc3f74ee7dd55d2a5c25d59bb4a00dd98,Trickbot,1348,873,1348,0.002240,
f082416817deeebc4325abd73127ec211069e82f1d015cf258b58afbd40b76db,Emotet,36,23,36,0.000068,
f087c793f3c7889867dbe974e47bdf3f89e4694ac1b710e1abf78dc895103cb0,Emotet,152,131,152,0.000242,
f095c730442b5d72e0c234bc66c7d23e32e04d53018606b6cdc5e13c51451a6f,Trickbot,109,44,109,0.000186,
f09af6587214fd79caa982d149487ff5c0b1e0bb2557da43788dcfe05d37fdda,Trickbot,1467,956,1467,0.002774,
f0a437aec71ca97bd05d1b5263cf5c3c90a5d95f0071dbe9ca110e7966c03089,Trickbot,1183,763,1183,0.002286,
f0b02cba834e17fe05521ae96a7e743eb404aa25a4401584d2b65356b5b997c2,Trickbot,1864,1234,1864,0.003906,
f0c413ded906e2133d07d1915197a99afb85f0daa459143841c6541e729e62c4,Emotet,293,198,293,0.000555,
f0e1d7822e723b7b5c7ced533bf92e643f683ba7bddaac36fd37bb3983fb4c0c,Trickbot,9,9,9,0.000042,3
f0f628fd84e94101658a4bd291b8918cc77936a6dbc2dcdca9a019e30fcfa26a,Emotet,17,12,17,0.000062,
f0f76e364936ce656637e0134613290b5c209e4ea67bd684ec004f3d7049f8f1,Trickbot,71,65,71,0.000152,
f0fdbb70759e917eb3115511e93c01811049d4c2ca404fafd9216ce0026afa0d,Trickbot,8,8,8,0.000027,
f10078d6fd6230a77085680b776df5aa18eaf85f7ec0513af0b02d3dc896ef0a,Emotet,247,192,247,0.000417,
f10c3eb5f351c368f7e8d83f4702101107b083bfa75803d62b66fc46007d6e21,Trickbot,75,56,75,0.000134,
f132891437c045bc4bd9663db2029bba693d784d288de74d3ecbf5515b2c0795,Trickbot,17,17,17,0.000038,
f134c1771743fcbd2d174b221c918c8f0f00330c7b3670aedd1df4224352a982,Emotet,215,183,215,0.000373,
f14f5aa0ef9469f098887dc3818bc9986c31087cd13e20bc22c29ef8c63e2828,Emotet,26,21,26,0.000058,
f16bcb3cae7b0d1f1d25d521c2a109b3dd2288724dc7a54e80e77ba5b2d89287,Emotet,289,184,289,0.000489,
f1be7951d93915f69660cc3f9d7bb66c21962fa731d7d9809c7049dd71d49652,Emotet,104,51,104,0.000155,18
f1c27ae05476fdec732da91b27435205bb0e545082aa402ad5fad1021640bc2d,Trickbot,17,14,17,0.000036,
f1cb75052cd896c579b2a86976645d2be5a81e5535ecc12a78a70e968cb884f2,Trickbot,47,38,47,0.000128,
f1d441b0b90629f55036879810fcec43503f753973c415666bfd1e023a42a91b,Trickbot,75,56,75,0.000125,
f1f01ccf875c0cbd122e89ac0c0c03c7a7c6946fc3c454d4d6e88b3403e7bd56,Trickbot,1094,768,1094,0.002008,
f203d3016192273ceb07925f73a6ee4e23f7616167b26ccbd473ff9d92489cff,Trickbot,160,67,160,0.000241,
f204a12fd33cab7a4ca5a798cb5eeb4425f2dff3aa1e82137b8ca57bb8c7fb54,Emotet,300,192,300,0.000529,
f21320c6ce361c21ed5bf3a11c23f4bfd08693b03caabcaf92812ea1e5c3c33f,Emotet,332,185,332,0.000483,
f213b11ab950cf7a39f598219d91cc45de185f4bdfc25f09313be4906d3d984d,Trickbot,1833,1211,1833,0.003185,
f24b184c6a205235d6c738fe42837945bc494ef7a6a27e5e66cf8d341f823e5f,Trickbot,80,61,80,0.000122,
f255351b284c106d98ad66ec91bbbb5d579e37a396f9c942035c48ae2c9ca0f1,Trickbot,8,8,8,0.000022,2
f26d1ba2e0ee881814fd72044c3acd153dd97deb00d605cc53e76b6c99923c85,Emotet,9,10,9,0.000023,
f2830202055444630f91e42f7db5d1a6c6b1e54d3bad6b766663d863fdd9e0ca,Trickbot,42,35,42,0.000093,
f28d699bcb680b7736093ba326510aa182785c8cedef6bd86e1b2e53b2944532,Emotet,260,186,260,0.000406,
f293bd300550c5fd03395d1d72c2f6475c4b7a66744ab20ee85f1fdda13e9cbc,Trickbot,1401,865,1401,0.002337,
f2a27289bb695ddf94fc82bdc65a0cd1fee63afd024ad281407ffff6b2e72909,Trickbot,93,80,93,0.000141,
f2a7bce10650d8d1d5611072d60e898343fd7a1a14f3b2a949bdeb330a3c5769,Emotet,1039,966,1039,0.001740,
f2b44a2012a894733d1dd0c060c004be1102e69e384b014d71186b343fc4eca3,Trickbot,62,50,62,0.000101,
f2c9606c4c1a25501b9e0a1a770459df271c65cc80564fb66c40ab36978ec05d,Trickbot,50,38,50,0.000106,
f2ce941181c48b3998cd79fa06f88edc2c1cdeb7a1bef15bb9aeeab423094575,Emotet,288,187,288,0.000404,
f32fc805374fc7d7b4fa9390b557ae1b1aa3067649c6aebadfc3524d332f146b,Emotet,244,139,244,0.000327,44
f33fb3da222b46a8a97e5642c9cde74b2f512647328ab905744d6997aec580d6,Trickbot,77,67,77,0.000139,
f345b8bf6722717986f425a74bab4f6fbb2cc67e580c2b276ca317ea4019d1a8,Emotet,216,144,216,0.000370,
f34d7a089baac01119caaa6b97efbafed560919d80b7b6278cb82d02b33c008f,Emotet,203,152,203,0.000285,
f36f5cf6a47d6be8105949ae187c55ec2e6cf9430fe82e3fc29eba933dae3f99,Trickbot,60,48,60,0.000094,
f37a4698c101a6d841ce813f5b392dc5d0b787e38827cb114ef221cede9201b8,Trickbot,17,17,17,0.000032,
f38c77ba6f85b8561e1a0b1487542671e01bd478e5f36f2b7af107a55f00f5a6,Emotet,321,195,321,0.000446,
f3965574144a8b18cb1071ab5d0eb41d11f3361daa118b52f6eda365dd42cbeb,Trickbot,44,35,44,0.000085,
f399e96f33f5a2b6c2a3328badc93576e33db64cfe16b49ca4c018799b94d2a4,Trickbot,192,84,192,0.000238,
f3a3b7ff8140d75ca4b6ecc3d5cb7d4db614401f57b663a8a89e2a2c38ed8438,Trickbot,1848,1199,1848,0.003708,
f3af2dbb956568b03dfc2e54324b6a5c0afa5d09d541ce3b42aae6600a88fa85,Emotet,261,181,261,0.000447,54
f3e73007adda7c34b1020a3b525b502a467070463371d70ec2c8408f7f8bef60,Emotet,161,134,161,0.000244,
f3ec23f7bd53e13c0abbd098ad7ebaddb592904a2e30fb370c82b0aaafd9cf0e,Emotet,1047,977,1047,0.001848,
f40569fa3c0884b8a02afd2b5b33a67c06d343a71dc7dd630d57257db7dcc88c,Trickbot,127,73,127,0.000169,
f41a2585b5ddb80f7c4e3806358e6658e51c8e2244bd0ebfd9556312c65e3dca,Emotet,34,22,34,0.000057,
f4222924a7849a6676081078239803cadca1e3ecc7eea124b3610f4633341f04,Trickbot,18,18,18,0.000036,
f42e578cf2b7d93ede0da786e75e79f02e7ddadf9317fac3499045f37de5f39e,Trickbot,79,63,79,0.000135,
f43184e88fcacb6a635249fefd1ea019ca01067a9856d45d9bbb0ca18e0523dd,Trickbot,17,17,17,0.000036,
f435d81044e2c99b6aa801e30cbf3762687af846e8d2d7f2ec54e873f31502cf,Trickbot,1942,1272,1942,0.003443,
f442768898fa1fa5c93eb1f25ac138e76d49f32f24b881241a0c2322bbc9258c,Emotet,319,194,319,0.000472,
f44b66b3cbcd1defde05947ead83989dda4748ed6923ed915fcef6b94bc84cfd,Trickbot,8,8,8,0.000026,2
f484e1a3ea4d89c5a69f7e511e155dc441eb4a75aeab56dc1d1ca3275972d709,Emotet,309,229,309,0.000543,
f486fa3d94386a6c05fa58d84855dcc72561fb43a523a3804a982f43c3dd3cbe,Trickbot,95,78,95,0.000148,
f4ee396cb0bb096028bcebf4dae3f0707452a97cf8350a7f89ef079b172d2597,Emotet,179,142,179,0.000262,
f4f68010f2f7fae7ef77650f0b5de6249311b34b29ae31865afa8c7676157e58,Emotet,25,18,25,0.000042,
f50b7841be63d85f3ea3438c775294a59e30a6239ed90869c6ef876d69f0b140,Emotet,61,34,61,0.000083,
f52b1418682e5c51e412f773d964354bd0656a10b47d31f438e5387dd37c1ee2,Emotet,262,181,262,0.000426,
f52c59c0b25803113aab10379b802951eeaae7cc33ba975d8e6ab2eff8ad4b0b,Emotet,373,194,373,0.000552,
f54fbef40218fedfdf9c9483179d877186aa6b63411d0edcda5236da3f3b3129,Emotet,1185,1009,1185,0.002226,
f5745320f22fb406ec52c65580e26c432c9f29b5c29adacbcdfc68080de4a194,Trickbot,1396,833,1396,0.002324,
f5a6002e4a68066a27f07a28b228e6ec0178b1be2d68056d628a8aa0a83f3dfa,Emotet,330,198,330,0.000494,64
f5abca2b0bad74970347f9f4ed09eff1df1dd9f6ee1866e76b2a3003e06ebaae,Trickbot,1399,971,1399,0.002398,
f5ac15d39e6d149d1af41c100cc24be6fbf917d6fd334d0ae5bea318bf9d6af4,Trickbot,17,15,17,0.000033,
f5d7aec9eefc72fa771d73a160de1ff99990a464e8624d54fe02331cafffd3d5,Trickbot,1714,991,1714,0.002841,
f5f8c8434245a9d34f26eda3b69d59b6c2296d2b5439c10e6993d3528ae38f86,Emotet,28,19,28,0.000046,
f5f9acd974ad1cda61ca03edbcb5be5153c15868be9796ee4c32018533d74e8a,Trickbot,42,35,42,0.000067,
f661b9162702e79d6854fd0dc5f458818f3ffde979b6114fa9498cce9086d0ea,Trickbot,135,64,135,0.000172,
f66cf53b8654f1ff9a12e2020d7b3cf923643c9101e598c64e262588d7cc3ef6,Trickbot,18,18,18,0.000035,
f6739a4da17989a1f9c7fd9f134a7c9b86cc83adaeb2ff608457122b02eb3f99,Emotet,263,181,263,0.000419,
f6c52913cc9de525e94ebe0eb0d50c32ad6388901ccddcee04de65e23f1ac0d4,Emotet,103,33,103,0.000163,
f6ca633f1583494bd0cbbbd939ad9d64db2f72135ec9e650658a55ab106c6389,Emotet,28,13,28,0.000062,5
f6cb5e633d37c34fdca320a97ff2ee090ebbff0b81c45bfe9840f59fb3114bf7,Emotet,1164,985,1164,0.002275,
f6ddf9632f5b8d29c4d2e760572b034bda183c655e96c79db912b668bdc9e00b,Trickbot,113,63,113,0.000159,
f70f5b9b0bd38d6573f67d23c29cb4d6781c8a574618c6a98a3a1465d1750d12,Trickbot,81,67,81,0.000120,
f7241617e0a7dd47ecc525213b91db6bdaad69f64790b273c06221261e9c4cbb,Emotet,1010,941,1010,0.001852,
f7270c450f6fc019c5111c1a539c71a91408e52cef9745ed4bce7688e2feb30c,Emotet,166,137,166,0.000270,
f728183e3d040dfad00c0371aaa7fa6f1990cc621477931e9aa115a739b96a23,Trickbot,42,35,42,0.000080,
f72bdb6178b3d0a954f7d1c6b5522400c31261a7e88ed98258c48f9d0889bcba,Emotet,146,126,146,0.000299,
f73293448658dd83b9352d645c255cc1c044451ef7315a7424d4f18978b6cde0,Trickbot,57,44,57,0.000104,
f7544f4abb5a740a76626987b87187716163314d7983a2ce697726460e673e71,Emotet,3,4,3,0.000017,
f7605c21ce060d8501b5594f2c9309f74caf36feae6a35c275405ecf139eb222,Emotet,302,203,302,0.000482,61
f76fd135b6ca6580ab454f45bb27b67b55ef30d24e5e4b2423d3d351243fdd3a,Emotet,264,185,264,0.000400,
f780602112701abeb52cd0433f184718f4f1fe43a8c34289e2a9e8c6f8b866f6,Trickbot,51,42,51,0.000092,
f789694f7d1a26ca64ae9894276df98a3f0efc98049c91efcee009746064eb80,Trickbot,43,36,43,0.000093,
f78ac23ce0d260d7b7e8c4be970c0177acb1db2a0b8c663fdb6b3349308f30db,Emotet,181,141,181,0.000296,
f79b0c3bcb0187115eaad6b2eeabdf7793881a6be1881ad3ba6a092e7481c45a,Trickbot,8,8,8,0.000019,
f7ea454b850bdd28e0c98afd6e41316d297e795d3a56310d288157ca2dbb9a06,Emotet,263,183,263,0.000374,
f809b6fc488fc89d99792e07a27f2df3d9aca59c8c3ea8418b413f3b87eeebba,Emotet,70,36,70,0.000094,
f80c4b97d6c35c84b64ba3315dff62cde4fef6ab99510268db6817151768d5ff,Trickbot,1459,874,1459,0.002335,
f81fb67288b9c435bea2d938e8af5642d4d6084355f9e2d3ad3c1f7ff33cb2a2,Emotet,167,140,167,0.000267,
f8367fbe989004ed0315a780844607c24bc103546c206847465004326d69d3d1,Emotet,231,156,231,0.000353,44
f85cff4bdf35cde6c0384f3f5275447bd8ef6c1f43bd003490f9214d9925ac2c,Emotet,332,203,332,0.000602,
f85eeb9d057437427f36a224d08b545792d3200d9432827e5df5cb2924690aa1,Emotet,160,134,160,0.000246,
f87328a9e126b3752add1f9208f5bab2599f127b917140ab4974d8f8581761a6,Trickbot,1958,1253,1958,0.003437,
f879f29543437bf0d3b6541b50e8ce0eeb30b83f7b90533b0314145997d5a9a2,Trickbot,145,98,145,0.000217,
f88bed9258eb73db514abb1b618045f7db96b023bd2272c9cd26465c6a7140cf,Trickbot,42,35,42,0.000082,
f88d338d2a234b1497105902f97a0f3a35233b632ae516b821949b14996ff51c,Trickbot,1037,771,1037,0.001813,
f89347c5755930d2b5a8bdf95706aa4452cd9fb3ce207920e017799f4ac9ba0f,Emotet,1130,979,1130,0.002202,
f8c8d8a88a0fb738bdf122d615127d4cb92bbf1694a9c0a7c324d49ebebc551a,Trickbot,8,8,8,0.000029,
f90375d440d8ef66bf0721766ee0e3e1f27e08c5b649a446556b394f6bbec987,Emotet,275,186,275,0.000379,
f90cfe24e85090c9ee9dd7c0cf57f86c37f7dca9cd97290b5889380f28340f54,Trickbot,17,14,17,0.000037,4
f939a37b61dd1d02607d31cfb96e79ad1bde0fd7aae085d3af643a2c8514e01b,Trickbot,81,61,81,0.000133,
f945ca0b415f97c2f91c124b6624e843d09fef4a0088ef8d2aa27c357a8a872f,Emotet,257,182,257,0.000350,
f94e5504abfb716f28bb72d7d4efef370fc58a6f21eb7fb666e9791242919ed5,Trickbot,848,749,848,0.001370,
f9505fd2c30bb567b70b5371f495c804e5f5116079dfbe6ae863f6a1f77da517,Trickbot,8,8,8,0.000020,
f960ffef06b788242fd54d65eee38a3ee9a6f2cd9270498aea1a042d92658095,Trickbot,17,17,17,0.000032,
f97db1b41ce1b55c96793206d203383430cca7275f43fede2fefad9b92d9fd35,Emotet,152,132,152,0.000237,
f98420652b056c6f9105d1dbe3d5e43e4fd8d604a5863f8fbc2c7eabba17530a,Trickbot,2164,1222,2164,0.003416,
f987f161dc8d805d81dcfeaaa540f26967fe3185ec49f5f049d2050b578056c9,Emotet,247,180,247,0.000351,
f98aa400011de33e367fb96b89a7d33a9ff6182f2762be863da4af8e9c8d85d0,Trickbot,1913,1271,1913,0.003283,
f998c1d9460b52fdab8502057ee1873b10e10cb355a420d524a972514284452d,Trickbot,46,37,46,0.000086,10
f99a39e9e2ead3ff198970e53adced06bf856af2fc1fa43066135d2928738909,Emotet,367,190,367,0.000497,
f9b4a6fc6e1b9d14323b387e560c0c83fd95e072b340659f8f7b9140850e1813,Emotet,1066,975,1066,0.001814,
f9c6adf4e6f3e82e1ec88a20388cafa11595fe9fe085b9bfe4c28955faefc70a,Trickbot,60,48,60,0.000091,
f9cfc026b9293c3a8afb479e51e9215ce413099b73f092900ee27367ff56b964,Trickbot,90,76,90,0.000142,
f9e63ea2fec131365c669c175f4877a3f2e24397cbd52369b5f33035b88d8d64,Trickbot,2635,1808,2635,0.005147,
fa053d6f8b598c8da5dd185058648c5ad92939098643196e9c949344eaf3e455,Trickbot,136,78,136,0.000192,
fa11381adeda51a6622d18c4c18c28c7cbf4bd259cf31b17ccddd8a162eb1783,Trickbot,1068,791,1068,0.001685,
fa1b8eeb689d093294b36dea1265a3ab616d4fce7d7fe9220d940f2ff309b1a7,Emotet,34,17,34,0.000051,
fa29ad78db0a1ccb8ffc4bff6afc1c69b8a6dda5335d9e9b9081506d754477ae,Emotet,1079,981,1079,0.001809,
fa30352222bc8d816a9db89176e2ef3fabee9e0349f5688fd1d3444ceaf2c9e3,Trickbot,45,37,45,0.000084,10
fa33bbe89e5d07ab96bf05a03c42ed582dc63b7475dfa4ae9eec334e016468c5,Trickbot,84,67,84,0.000121,
fa3fbaf770220b586d0af5a0b4256254ca294d6f4cfa02f05b50a7b078665d4f,Trickbot,86,72,86,0.000164,
fa42a054734cb1cd3d3d4f5277b9a531d5bb5ecde8807bb49605d4800e7b9cba,Trickbot,25,22,25,0.000054,
fa49686b3a7d1d0c31fb713ce3463277671c73d991eb902e1409201b2e3c7e83,Emotet,166,138,166,0.000291,
fa4f843808f4aa219b708d137ef6d747c2af6a0ec17fb74a1cda524a2c0868e4,Emotet,43,28,43,0.000064,
fa5dca63b203397a8dd71cfe615cfd81e24486e61b4d03ed9d2b31bd847391bd,Trickbot,109,59,109,0.000191,
fa789e2c58a58d1fc05f93ac4504c5de0fd3b49aba8d6621d422bde34756acd3,Emotet,38,24,38,0.000064,
fab22778dbed6bb299f845060ddef88667546f7e2c3b48e2d8debdc018c5911b,Trickbot,114,71,114,0.000175,
fab7f00f3d4455c6e74a572ecb5c6ea22e5ff6c7c5e990b109358d95bfc8acf1,Trickbot,18,15,18,0.000043,
fac3f5b28a1d84f03581514a775214b8b245d84911055085c3a5d5c845aa3678,Emotet,64,32,64,0.000085,11
fad1305c5757118be5ef64f84415f0786ffc665141fbf99d281ada2d43427c94,Trickbot,43,36,43,0.000070,
fadfcef4ce33a364fc7d7472a8ea619066625e8df3e5fc6c137057c325783da6,Emotet,955,928,955,0.001560,
fae442b6067a93170e77aeab3a0f5a02145c0ece15c3d65e0aab8fa348e874cf,Trickbot,105,55,105,0.000161,
faf8d3617e72a4f19b567d84f155b623d589ac00f129d488021ae8c1437ddadd,Emotet,251,181,251,0.000409,
fb0a0f10cbebefb5dbe6034c3bdfe246179e444c68a6e36c4d20232d52fc07a7,Emotet,380,231,380,0.000763,
fb2b448b231dd062344406f89e317b05b7ba55df8480244cec6a20894bf31341,Trickbot,136,69,136,0.000222,
fb30318de6fde44b0b4effcfc47c351b15a3e313134499f42bd3ac25f60140b5,Emotet,165,138,165,0.000287,
fb4ea288266e81c6399b3de3fa7fbb9ae28303ca12550c0b71868418a39caea9,Trickbot,17,17,17,0.000048,
fb6bba0d6f9cf2158f770451f1fbda37d1b48b5e999f930c4be0184d9d3b35ac,Emotet,1050,974,1050,0.001905,
fb72bf6aa80cd3cbd36c88f7cf1d1bc3716fc25f4a392fe997d68d50b49f1c78,Emotet,261,167,261,0.000397,48
fb77ee5bbbda1af0f77ebfbc14be83f5cf263d5cc991cc8cd8d1de2bb1086704,Trickbot,72,58,72,0.000142,
fb8081489ae32910956cacd78046ae1f5dc3654d3cfbdc3eb4b3de887a2592f4,Trickbot,523,163,523,0.000716,
fb87999c9294373f0b8c1cd6d94ec5d946b3e3e0c01c174cadc0473fd395018f,Emotet,182,98,182,0.000266,
fb92a842e462a6bb12397881dddd3a30aa036a8fe6616e8eb9f72930f7c7464c,Trickbot,46,38,46,0.000077,
fb9c34fa5af5ac86d8a713867c77a5976faac6c976555f3f72dd03d46c5b2265,Emotet,178,137,178,0.000312,
fbb5fb2a3e511bac1067d4a5f2bb97f0e3a042ee7bda4907347c3759c7b63986,Trickbot,74,61,74,0.000132,
fbba354180ca39043467d66edf50713d084001b15bfd1e0ab39e1929b28cd618,Emotet,287,147,287,0.000425,
fbd77105cd96c107a1908907f684afca11aecd3ab9e422a94fa9f21d39c8153b,Emotet,1147,1004,1147,0.001940,
fbf46df8cba2e612cb2236509a1d1a484be114d671011d3da6e47b2699eb4105,Trickbot,1875,1232,1875,0.003200,
fbf72ef7c25856b2e8bdb6ccf4df162c7b998a4cc0fdc24506ff6def6c2c1b03,Emotet,175,143,175,0.000281,37
fc00f5fbde5abe9d2bbd70db6441513f643782093e904f9c846d65112ef62831,Trickbot,62,44,62,0.000117,
fc07b22e6332f02cd0f3073c2d6dc074503b9e08cd45c4be6cfe935b21b607e6,Emotet,1172,1010,1172,0.002161,
fc175d83ea63eb857a6649ec8c75d0321cd0c423859baafcaa4508653f0e4340,Trickbot,28,27,28,0.000051,
fc1eba414461a7796b81eba3a2483cb931fc4bb7f39f816cda0e439cb87dda8e,Emotet,338,185,338,0.000528,
fc259872826dbe0cf623abbb2e886e4d877641add6d41b0121c121ade916c446,Trickbot,61,48,61,0.000104,
fc3f52a500bf3fcc0b81b2a421354ecb6fbbb9f189784b02273b39b4425abf60,Trickbot,254,124,254,0.000396,
fc41bd4f59772612ec932006830e414c4afbdefe14f3517145b08ce14177ce24,Emotet,953,928,953,0.001818,
fc6c6bd8911debeb76f86fb9b5f75d63c867df5ba7edbef203cec26cfc03da86,Emotet,146,128,146,0.000224,
fc78679eb366d633fbcfec15a6cfb3275c8d8d612613defa30eded0e85d60d34,Emotet,1062,978,1062,0.001921,
fc79f7074ab3e61da472d853fb5ab2b9f7d4d85883430636aa025da4145c254d,Emotet,51,33,51,0.000077,10
fc8292a7268d9d3af3b9fc05e41846cce9d1420a3e402c3703439aef61bfb538,Trickbot,96,59,96,0.000136,
fc85fac7dcceb39860140a24cbf10272b63850604dba2293273d0932061dc7ec,Trickbot,105,51,105,0.000171,
fc9502a03464bbbd52552e141a002a0ad7a2b60ac109df613e30ab2a3e41707a,Emotet,174,141,174,0.000272,
fca72eeafbdb2630285cae0e466cda728aadf8eed074f53fc58675fbb924f288,Emotet,24,12,24,0.000046,
fce3fef3ecb30e3dd10c4a0b80eb62f2e98a4892aee81f7660e2f125a9f2f17b,Emotet,157,134,157,0.000310,
fcf67d999cc7a45e604826e6996dc14f95dab74a45328e5754f79582a83844a8,Trickbot,53,39,53,0.000082,
fcff85d1738478a2ff510af0d6cc35f91deab5854fbe6790eb7c3c6ce528624f,Trickbot,144,89,144,0.000252,
fd0e03ffd27ba3292316eecece9b446c8c012ea2d4b310fbedc137856509ed8d,Emotet,1071,978,1071,0.002255,
fd0e72b891d128bd0b9e07124a9e35f759848a946daf434e6dc3d501419b1255,Emotet,262,184,262,0.000463,
fd21a4996cc859b3eb5715fb9c07937ef6cbb01aa7570ae6e80e6db3c7b53857,Emotet,249,181,249,0.000465,53
fd273955643659b342949863e483ff47d5913d609817f0448667ed9cff3a0b31,Trickbot,38,32,38,0.000059,
fd3436c95d52dbbbc7cd1de5d7c072ba811c5065387625a5d50bd12c70c0abdc,Trickbot,1851,1260,1851,0.002985,
fd3adcbbdca6a81f3db907ea63469db5cbbafc9e356dc04499c375df93b1324a,Emotet,163,141,163,0.000307,
fd60f1be751662d4fd5b324133aee94b73a488f6152ad30a1d6b19b8d552ff6a,Trickbot,50,39,50,0.000081,
fd68da9349ec5fccaf8a9b36b4e35b41b16419d22db529bb0efc469ea3ff5052,Trickbot,18,18,18,0.000052,
fd72b338a5696957c77b81803421e10f6dca9f9af3bca64dcd0dd46ae33df0e8,Emotet,274,188,274,0.000440,
fd7fb19be211f08c0a2dc5f6c4a9fae3045207b78538000b333dd57c1dd5676c,Emotet,47,29,47,0.000080,
fd8d18817f4298a812ad130428f36ce72cba966aef7b7740a04f63ff47c21ac6,Emotet,963,931,963,0.001853,
fd90e123ac75026521d67f63019012d3f4368ac469d4919b7662939d5e42e228,Trickbot,1210,749,1210,0.001971,
fd954113453b607a84d8f67c4ee4a6fe38681ad3f7805d02c8a25a473631b36a,Trickbot,1875,1250,1875,0.003236,424
fd9a367b0efaef748e772a8d808d050af52396686944a0f3b96e459ca9aa742f,Trickbot,17,17,17,0.000033,
fd9ffa8331af9384adb75b03f13b0eba3d6dda2874763963cf83b2cf2196ec04,Emotet,309,196,309,0.000547,
fda18e335ff9413e38e16df1838ea4a4c361223af708441d7127dbbc753fd8f7,Trickbot,76,59,76,0.000136,
fda6978bc24e865d1a170b6304e64464e9656ff7aecd4f9551152cda0617aafd,Emotet,53,31,53,0.000078,
fdd3c7aed7d3d4f3ff019101f9cfed18a170112b9f53c564871f2c3a2bb5aa73,Trickbot,61,47,61,0.000106,
fdfc1c6ca8d1f1807109973794ffa6b275bc17a395867d5a715a3dda28906c3a,Trickbot,3665,2074,3665,0.006508,
fe032bfc74dbb3f47a6099b802e8cfce8fa32fdb53b0b2a60fac5839fed475fa,Trickbot,1182,760,1182,0.001874,
fe21c92c3b8bba27919cb6b37bbf89f7c38989bb8b7052031f674e4ce5a4e7ec,Trickbot,177,75,177,0.000258,
fe249b8716b02e4c677d6039deddb171747e2470b496c0114737fa5eadf238c7,Trickbot,1949,1263,1949,0.003361,
fe61268ff4d0d132bd096ea5ce34d136fe765ff0e19994d2e8cbefabb0e61568,Emotet,351,232,351,0.000576,70
fe7314f85a80ca8f9079923eeab3fcb9130a0a8771c3701dab71810bc4847a97,Emotet,142,88,142,0.000216,
fe829d01bf2e90f73dec1a3f6abf5b5f374d4260ef043cb8c35d2a9486eeb9b3,Trickbot,10,10,10,0.000038,
fe9c3bf51b5669d6b090cd89f27c94b0b2b84a98e9658d6da0fd51003c33f7b3,Emotet,55,26,55,0.000114,
fea4ee3fba52b9ef66edee5bd80d21b6d9ca1410ee8aa1729402c4298dff8abe,Trickbot,83,45,83,0.000134,
fecddb7f3fa478be4687ca542c0ecf232ec35a0c2418c8bfe4875686ec373c1e,Trickbot,93,69,93,0.000136,
fedff0661389d85a725a925a644f5482c7e066837ab6391341502aeaa1a62c95,Trickbot,1511,904,1511,0.002844,
fee4e110f9f0b1561d6553822cbfcf4ae078bd9c52fecba2131cb19b7be71d2f,Trickbot,47,39,47,0.000074,
feecd36642de30f43a4ad7e68e7fff06410ee33b78611d8db6c6b9d914adc5ed,Emotet,1118,988,1118,0.002138,
ff09d40e1c1f85f93f3fbdb01716b4628abf5c65d3b5b42c9b8ee50522b16f5c,Emotet,253,181,253,0.000459,
ff11fa7cb684442c4017637de0dbd93bf1cb2b8d43ed3bc9287f7e4364e7f502,Trickbot,92,47,92,0.000126,16
ff1c56e5925e57d2e9e78cde2b5dc503cd0cc23bd519e29c087c1db4a4868262,Emotet,44,27,44,0.000064,
ff1cd1f9ead2da8aa9900675b1d5467e0b75903741530d0da9f74d2fb712af28,Trickbot,60,48,60,0.000107,
ff1dee68a175464f6e86ceb087d1029ac68fb517bf254829030733b89effdc88,Emotet,90,29,90,0.000110,
ff1e5009765718276025b593954ed5f6ec2fa4f8dc9a452f1cfccd31e64cd47e,Emotet,228,173,228,0.000330,
ff23d5538b0b0185156c682d2cc9f8186114ce65f59b6f80217e4ac70da107bd,Trickbot,80,68,80,0.000120,
ff27cb0a4046b7d4e23f007d65cdc52b06f41ee2df99ab1133ed8a36862e4a21,Emotet,334,226,334,0.000525,
ff3af2e10ab4880b278f1b25e5fa60d29ba1862e4992ca513ce21c036f13c2a9,Trickbot,131,60,131,0.000173,
ff4c96b5904d758fd8c6968405e472ca6562e401b16183373c9e6f22c422d208,Trickbot,17,17,17,0.000033,
ff61e5e4537f8213e07855986d282bb9041a38cf26ecac8242c59be83dbbcec9,Trickbot,8,8,8,0.000019,
ff63926bec71c42d78ba1c758ba2e723804167b62da8d0852c23f935abf10620,Emotet,175,136,175,0.000259,37
ff644654f01016284576e025f08aac40677091db41c02d4b0f975765a9a492e5,Trickbot,75,59,75,0.000114,
ff88d193abd8f9f52806e5bc84ce93cd6a43707838724ac5ac92385190916d80,Emotet,56,27,56,0.000094,
ff8e1eed05e4839a9bdaa94285dd181eef1d419a02d1e795bd7b699c49761809,Trickbot,8,8,8,0.000022,
ff99f4d72986b8a5e907c721460b5b630ebfa57b96b07dda64d9f126ef62b1cb,Trickbot,69,55,69,0.000102,
ff9f4d2fcc0ff7bb628934fe772eef0a0ffce34317891ed5050fbcc3fba29095,Trickbot,46,38,46,0.000073,
ffaf42f87c2c1429f984e6505983c7b3c1705b4b8fc1b8f9083a40ad1ece60b8,Emotet,13,11,13,0.000026,
ffc4ad495c6bf830e553faeca5bc11a3990424cde167aa7d4f819a7e110387b5,Trickbot,8,8,8,0.000018,
ffceaee993a5d9228e37c67a5d18696bd44421727ecad342b6c94c8ed0475461,Trickbot,169,92,169,0.000218,
ffea8e4ce479beef35c4e3dab019a0724b3c3775160c4da28b7b223e8d89444b,Trickbot,35,26,35,0.000060,
fff8a1707c4f1eb75f0b14389ab0d86971710cc407ba380308421a53231755e0,Trickbot,49,42,49,0.000073,11
